mnth,hr,weekday,workingday,atemp,hum,is_weekend_leisure
1,0,6,0,0.2879,0.81,0
1,1,6,0,0.2727,0.8,0
1,2,6,0,0.2727,0.8,0
1,3,6,0,0.2879,0.75,0
1,4,6,0,0.2879,0.75,0
1,5,6,0,0.2576,0.75,0
1,6,6,0,0.2727,0.8,0
1,7,6,0,0.2576,0.86,0
1,8,6,0,0.2879,0.75,0
1,9,6,0,0.3485,0.76,0
1,10,6,0,0.3939,0.76,1
1,11,6,0,0.3333,0.81,1
1,12,6,0,0.4242,0.77,1
1,13,6,0,0.4545,0.72,1
1,14,6,0,0.4545,0.72,1
1,15,6,0,0.4394,0.77,1
1,16,6,0,0.4242,0.82,1
1,17,6,0,0.4394,0.82,0
1,18,6,0,0.4242,0.88,0
1,19,6,0,0.4242,0.88,0
1,20,6,0,0.4091,0.87,0
1,21,6,0,0.4091,0.87,0
1,22,6,0,0.4091,0.94,0
1,23,6,0,0.4545,0.88,0
1,0,0,0,0.4545,0.88,0
1,1,0,0,0.4394,0.94,0
1,2,0,0,0.4242,1.0,0
1,3,0,0,0.4545,0.94,0
1,4,0,0,0.4545,0.94,0
1,6,0,0,0.4242,0.77,0
1,7,0,0,0.4091,0.76,0
1,8,0,0,0.4091,0.71,0
1,9,0,0,0.3939,0.76,0
1,10,0,0,0.3485,0.81,1
1,11,0,0,0.3333,0.71,1
1,12,0,0,0.3333,0.66,1
1,13,0,0,0.3485,0.66,1
1,14,0,0,0.3485,0.76,1
1,15,0,0,0.3333,0.81,1
1,16,0,0,0.3333,0.71,1
1,17,0,0,0.3333,0.57,0
1,18,0,0,0.3333,0.46,0
1,19,0,0,0.2879,0.42,0
1,20,0,0,0.2727,0.39,0
1,21,0,0,0.2273,0.44,0
1,22,0,0,0.2121,0.44,0
1,23,0,0,0.2273,0.47,0
1,0,1,1,0.197,0.44,0
1,1,1,1,0.1667,0.44,0
1,4,1,1,0.1364,0.47,0
1,5,1,1,0.1364,0.47,0
1,6,1,1,0.1061,0.5,0
1,7,1,1,0.1364,0.5,0
1,8,1,1,0.1212,0.5,0
1,9,1,1,0.1364,0.43,0
1,10,1,1,0.1667,0.43,0
1,11,1,1,0.1818,0.4,0
1,12,1,1,0.2121,0.35,0
1,13,1,1,0.2121,0.35,0
1,14,1,1,0.2424,0.3,0
1,15,1,1,0.2424,0.3,0
1,16,1,1,0.2424,0.3,0
1,17,1,1,0.2273,0.3,0
1,18,1,1,0.2576,0.32,0
1,19,1,1,0.2576,0.47,0
1,20,1,1,0.2273,0.47,0
1,21,1,1,0.197,0.64,0
1,22,1,1,0.1515,0.69,0
1,23,1,1,0.2121,0.55,0
1,0,2,1,0.1818,0.55,0
1,1,2,1,0.1818,0.59,0
1,2,2,1,0.1515,0.63,0
1,4,2,1,0.1818,0.63,0
1,5,2,1,0.1515,0.68,0
1,6,2,1,0.1515,0.74,0
1,7,2,1,0.1515,0.74,0
1,8,2,1,0.1515,0.69,0
1,9,2,1,0.1515,0.64,0
1,10,2,1,0.1364,0.69,0
1,11,2,1,0.2121,0.51,0
1,12,2,1,0.2273,0.51,0
1,13,2,1,0.2273,0.56,0
1,14,2,1,0.2576,0.52,0
1,15,2,1,0.2727,0.52,0
1,16,2,1,0.2879,0.49,0
1,17,2,1,0.2727,0.48,0
1,18,2,1,0.2576,0.48,0
1,19,2,1,0.2576,0.48,0
1,20,2,1,0.2576,0.48,0
1,21,2,1,0.2727,0.64,0
1,22,2,1,0.2576,0.64,0
1,23,2,1,0.2273,0.69,0
1,0,3,1,0.2576,0.64,0
1,1,3,1,0.197,0.74,0
1,2,3,1,0.197,0.74,0
1,4,3,1,0.2273,0.48,0
1,5,3,1,0.2273,0.47,0
1,6,3,1,0.197,0.47,0
1,7,3,1,0.1818,0.43,0
1,8,3,1,0.1818,0.4,0
1,9,3,1,0.197,0.37,0
1,10,3,1,0.197,0.37,0
1,11,3,1,0.2273,0.33,0
1,12,3,1,0.2273,0.33,0
1,13,3,1,0.2576,0.3,0
1,14,3,1,0.2879,0.28,0
1,15,3,1,0.2879,0.28,0
1,16,3,1,0.3182,0.28,0
1,17,3,1,0.2273,0.38,0
1,18,3,1,0.2424,0.38,0
1,19,3,1,0.2576,0.38,0
1,20,3,1,0.2273,0.47,0
1,21,3,1,0.197,0.51,0
1,22,3,1,0.197,0.55,0
1,23,3,1,0.2576,0.47,0
1,0,4,1,0.2424,0.55,0
1,1,4,1,0.2273,0.64,0
1,2,4,1,0.2273,0.64,0
1,4,4,1,0.197,0.64,0
1,5,4,1,0.1818,0.69,0
1,6,4,1,0.1667,0.63,0
1,7,4,1,0.2273,0.59,0
1,8,4,1,0.2273,0.59,0
1,9,4,1,0.2424,0.51,0
1,10,4,1,0.2576,0.47,0
1,11,4,1,0.2576,0.44,0
1,12,4,1,0.2879,0.35,0
1,13,4,1,0.2727,0.35,0
1,14,4,1,0.2727,0.36,0
1,15,4,1,0.2727,0.36,0
1,16,4,1,0.2576,0.38,0
1,17,4,1,0.2273,0.51,0
1,18,4,1,0.2273,0.51,0
1,19,4,1,0.2576,0.55,0
1,20,4,1,0.2121,0.51,0
1,21,4,1,0.2121,0.55,0
1,22,4,1,0.2121,0.51,0
1,23,4,1,0.197,0.59,0
1,0,5,1,0.197,0.64,0
1,1,5,1,0.197,0.69,0
1,2,5,1,0.197,0.69,0
1,4,5,1,0.2121,0.69,0
1,5,5,1,0.2727,0.55,0
1,6,5,1,0.2576,0.69,0
1,7,5,1,0.2121,0.69,0
1,8,5,1,0.197,0.51,0
1,9,5,1,0.1818,0.47,0
1,10,5,1,0.197,0.37,0
1,11,5,1,0.197,0.4,0
1,12,5,1,0.197,0.37,0
1,13,5,1,0.1818,0.37,0
1,14,5,1,0.197,0.4,0
1,15,5,1,0.2121,0.37,0
1,16,5,1,0.2121,0.37,0
1,17,5,1,0.2576,0.37,0
1,18,5,1,0.2273,0.4,0
1,19,5,1,0.197,0.55,0
1,20,5,1,0.2121,0.47,0
1,21,5,1,0.197,0.47,0
1,22,5,1,0.197,0.43,0
1,23,5,1,0.197,0.51,0
1,0,6,0,0.197,0.51,0
1,1,6,0,0.2121,0.55,0
1,2,6,0,0.2424,0.55,0
1,3,6,0,0.197,0.55,0
1,4,6,0,0.197,0.55,0
1,5,6,0,0.1667,0.74,0
1,6,6,0,0.1667,0.74,0
1,7,6,0,0.1818,0.74,0
1,8,6,0,0.1818,0.93,0
1,9,6,0,0.1818,0.93,0
1,10,6,0,0.197,0.8,1
1,11,6,0,0.1818,0.69,1
1,12,6,0,0.1818,0.59,1
1,13,6,0,0.1818,0.44,1
1,14,6,0,0.1667,0.32,1
1,15,6,0,0.1667,0.32,1
1,16,6,0,0.1364,0.29,1
1,17,6,0,0.1212,0.37,0
1,18,6,0,0.1212,0.39,0
1,19,6,0,0.1212,0.36,0
1,20,6,0,0.1212,0.36,0
1,21,6,0,0.1061,0.39,0
1,22,6,0,0.1061,0.36,0
1,23,6,0,0.0606,0.39,0
1,0,0,0,0.0758,0.42,0
1,1,0,0,0.0606,0.42,0
1,2,0,0,0.0606,0.46,0
1,3,0,0,0.0758,0.46,0
1,4,0,0,0.0909,0.53,0
1,5,0,0,0.0909,0.53,0
1,6,0,0,0.0909,0.49,0
1,7,0,0,0.0909,0.53,0
1,8,0,0,0.0909,0.49,0
1,9,0,0,0.0758,0.46,0
1,10,0,0,0.1061,0.43,1
1,11,0,0,0.1212,0.4,1
1,12,0,0,0.1364,0.37,1
1,13,0,0,0.1667,0.34,1
1,14,0,0,0.1818,0.32,1
1,15,0,0,0.197,0.35,1
1,16,0,0,0.1667,0.34,1
1,17,0,0,0.1515,0.37,0
1,18,0,0,0.1364,0.4,0
1,19,0,0,0.1364,0.43,0
1,20,0,0,0.1212,0.46,0
1,21,0,0,0.1061,0.46,0
1,22,0,0,0.1212,0.46,0
1,23,0,0,0.1364,0.5,0
1,0,1,1,0.1212,0.5,0
1,1,1,1,0.1212,0.5,0
1,2,1,1,0.1212,0.5,0
1,3,1,1,0.1212,0.5,0
1,4,1,1,0.1212,0.54,0
1,5,1,1,0.1061,0.54,0
1,6,1,1,0.1212,0.5,0
1,7,1,1,0.1212,0.5,0
1,8,1,1,0.1212,0.5,0
1,9,1,1,0.1212,0.5,0
1,10,1,1,0.1212,0.5,0
1,11,1,1,0.1364,0.47,0
1,12,1,1,0.1818,0.4,0
1,13,1,1,0.1818,0.4,0
1,14,1,1,0.197,0.4,0
1,15,1,1,0.197,0.4,0
1,16,1,1,0.2121,0.4,0
1,17,1,1,0.2273,0.4,0
1,18,1,1,0.197,0.4,0
1,19,1,1,0.1667,0.47,0
1,20,1,1,0.1667,0.5,0
1,21,1,1,0.1364,0.59,0
1,22,1,1,0.1515,0.59,0
1,23,1,1,0.1515,0.59,0
1,0,2,1,0.1667,0.59,0
1,1,2,1,0.1515,0.59,0
1,2,2,1,0.1515,0.55,0
1,5,2,1,0.1818,0.55,0
1,6,2,1,0.1818,0.55,0
1,7,2,1,0.2273,0.55,0
1,8,2,1,0.2121,0.51,0
1,9,2,1,0.197,0.51,0
1,10,2,1,0.2121,0.51,0
1,11,2,1,0.2121,0.47,0
1,12,2,1,0.2273,0.51,0
1,13,2,1,0.2273,0.59,0
1,14,2,1,0.2273,0.59,0
1,15,2,1,0.197,0.8,0
1,16,2,1,0.1515,0.86,0
1,17,2,1,0.1515,0.86,0
1,18,2,1,0.1818,0.93,0
1,19,2,1,0.2273,0.93,0
1,20,2,1,0.1515,0.93,0
1,21,2,1,0.197,0.86,0
1,22,2,1,0.1818,0.93,0
1,23,2,1,0.197,0.93,0
1,0,3,1,0.197,0.86,0
1,1,3,1,0.1818,0.86,0
1,2,3,1,0.1515,0.86,0
1,5,3,1,0.1515,0.86,0
1,6,3,1,0.1515,0.93,0
1,7,3,1,0.1515,0.69,0
1,8,3,1,0.1667,0.59,0
1,9,3,1,0.1364,0.59,0
1,10,3,1,0.1818,0.55,0
1,11,3,1,0.1818,0.51,0
1,12,3,1,0.1515,0.47,0
1,13,3,1,0.197,0.44,0
1,14,3,1,0.1818,0.47,0
1,15,3,1,0.1667,0.47,0
1,16,3,1,0.197,0.44,0
1,17,3,1,0.1818,0.47,0
1,18,3,1,0.1515,0.47,0
1,19,3,1,0.1515,0.47,0
1,20,3,1,0.1364,0.5,0
1,21,3,1,0.1364,0.55,0
1,22,3,1,0.1212,0.55,0
1,23,3,1,0.1061,0.59,0
1,0,4,1,0.1212,0.59,0
1,1,4,1,0.1212,0.5,0
1,2,4,1,0.1212,0.5,0
1,3,4,1,0.1212,0.5,0
1,4,4,1,0.1212,0.5,0
1,5,4,1,0.1212,0.5,0
1,6,4,1,0.1515,0.54,0
1,7,4,1,0.1515,0.54,0
1,8,4,1,0.1364,0.5,0
1,9,4,1,0.1212,0.5,0
1,10,4,1,0.1364,0.5,0
1,11,4,1,0.1667,0.44,0
1,12,4,1,0.1667,0.44,0
1,13,4,1,0.197,0.41,0
1,14,4,1,0.197,0.41,0
1,15,4,1,0.2121,0.38,0
1,16,4,1,0.2121,0.38,0
1,17,4,1,0.1818,0.4,0
1,18,4,1,0.1818,0.4,0
1,19,4,1,0.1515,0.47,0
1,20,4,1,0.1515,0.47,0
1,21,4,1,0.1212,0.46,0
1,22,4,1,0.1212,0.46,0
1,23,4,1,0.1364,0.5,0
1,0,5,1,0.1364,0.5,0
1,1,5,1,0.1212,0.54,0
1,2,5,1,0.1212,0.54,0
1,3,5,1,0.1364,0.54,0
1,5,5,1,0.1364,0.54,0
1,6,5,1,0.1818,0.54,0
1,7,5,1,0.1212,0.74,0
1,8,5,1,0.1667,0.68,0
1,9,5,1,0.1515,0.69,0
1,10,5,1,0.1818,0.55,0
1,11,5,1,0.1667,0.51,0
1,12,5,1,0.197,0.44,0
1,13,5,1,0.197,0.37,0
1,14,5,1,0.2121,0.41,0
1,15,5,1,0.2424,0.38,0
1,16,5,1,0.2424,0.41,0
1,17,5,1,0.2273,0.41,0
1,18,5,1,0.2576,0.47,0
1,19,5,1,0.197,0.59,0
1,20,5,1,0.2424,0.59,0
1,21,5,1,0.2273,0.69,0
1,22,5,1,0.2273,0.69,0
1,23,5,1,0.2424,0.55,0
1,0,6,0,0.2424,0.55,0
1,1,6,0,0.197,0.59,0
1,2,6,0,0.197,0.59,0
1,3,6,0,0.2273,0.59,0
1,4,6,0,0.2273,0.59,0
1,5,6,0,0.2273,0.59,0
1,6,6,0,0.1667,0.63,0
1,7,6,0,0.2121,0.63,0
1,8,6,0,0.1515,0.63,0
1,9,6,0,0.1818,0.64,0
1,10,6,0,0.197,0.59,1
1,11,6,0,0.197,0.55,1
1,12,6,0,0.2273,0.48,1
1,13,6,0,0.2576,0.38,1
1,14,6,0,0.2879,0.39,1
1,15,6,0,0.3182,0.36,1
1,16,6,0,0.3333,0.34,1
1,17,6,0,0.303,0.36,0
1,18,6,0,0.2879,0.45,0
1,19,6,0,0.303,0.39,0
1,20,6,0,0.303,0.39,0
1,21,6,0,0.303,0.39,0
1,22,6,0,0.3182,0.42,0
1,23,6,0,0.2879,0.45,0
1,0,0,0,0.303,0.56,0
1,1,0,0,0.2727,0.56,0
1,2,0,0,0.2879,0.56,0
1,3,0,0,0.2727,0.69,0
1,4,0,0,0.2576,0.56,0
1,5,0,0,0.2576,0.56,0
1,6,0,0,0.2576,0.56,0
1,7,0,0,0.2121,0.56,0
1,8,0,0,0.2121,0.55,0
1,9,0,0,0.2121,0.51,0
1,10,0,0,0.2121,0.51,1
1,11,0,0,0.2273,0.44,1
1,12,0,0,0.2121,0.41,1
1,13,0,0,0.2273,0.35,1
1,14,0,0,0.2727,0.36,1
1,15,0,0,0.2424,0.38,1
1,16,0,0,0.2273,0.38,1
1,17,0,0,0.2121,0.37,0
1,18,0,0,0.2121,0.4,0
1,19,0,0,0.197,0.47,0
1,20,0,0,0.197,0.47,0
1,21,0,0,0.197,0.51,0
1,22,0,0,0.2121,0.49,0
1,23,0,0,0.2273,0.4,0
1,0,1,0,0.197,0.47,0
1,1,1,0,0.197,0.44,0
1,2,1,0,0.1667,0.43,0
1,3,1,0,0.1818,0.43,0
1,4,1,0,0.197,0.43,0
1,5,1,0,0.197,0.43,0
1,6,1,0,0.1818,0.43,0
1,7,1,0,0.1818,0.5,0
1,8,1,0,0.1515,0.47,0
1,9,1,0,0.1515,0.47,0
1,10,1,0,0.1515,0.5,1
1,11,1,0,0.1515,0.55,1
1,12,1,0,0.197,0.47,1
1,13,1,0,0.197,0.47,1
1,14,1,0,0.2121,0.43,1
1,15,1,0,0.2121,0.47,1
1,16,1,0,0.2121,0.47,1
1,17,1,0,0.197,0.51,0
1,18,1,0,0.1667,0.55,0
1,19,1,0,0.1818,0.59,0
1,20,1,0,0.1515,0.8,0
1,21,1,0,0.1515,0.8,0
1,22,1,0,0.1212,0.93,0
1,23,1,0,0.1364,0.86,0
1,12,2,1,0.1818,0.86,0
1,13,2,1,0.197,0.86,0
1,14,2,1,0.2273,0.8,0
1,15,2,1,0.2273,0.87,0
1,16,2,1,0.2273,0.87,0
1,17,2,1,0.2273,0.82,0
1,18,2,1,0.2273,0.8,0
1,19,2,1,0.2273,0.8,0
1,20,2,1,0.2727,0.87,0
1,21,2,1,0.2424,0.93,0
1,22,2,1,0.2576,0.93,0
1,23,2,1,0.2727,0.93,0
1,0,3,1,0.2727,0.93,0
1,1,3,1,0.2273,0.93,0
1,2,3,1,0.2273,0.93,0
1,4,3,1,0.2273,0.93,0
1,5,3,1,0.2576,0.93,0
1,6,3,1,0.2576,0.93,0
1,7,3,1,0.2576,0.92,0
1,8,3,1,0.2576,0.93,0
1,9,3,1,0.2576,0.93,0
1,10,3,1,0.2727,0.93,0
1,11,3,1,0.303,0.87,0
1,12,3,1,0.3182,0.81,0
1,13,3,1,0.4091,0.62,0
1,14,3,1,0.4091,0.58,0
1,15,3,1,0.4091,0.54,0
1,16,3,1,0.3939,0.58,0
1,17,3,1,0.3333,0.57,0
1,18,3,1,0.3182,0.61,0
1,19,3,1,0.2879,0.57,0
1,20,3,1,0.303,0.49,0
1,21,3,1,0.2879,0.49,0
1,22,3,1,0.303,0.52,0
1,23,3,1,0.2727,0.52,0
1,0,4,1,0.2273,0.56,0
1,1,4,1,0.2727,0.56,0
1,2,4,1,0.2727,0.56,0
1,3,4,1,0.2576,0.56,0
1,4,4,1,0.2576,0.56,0
1,5,4,1,0.2273,0.6,0
1,6,4,1,0.2121,0.6,0
1,7,4,1,0.2121,0.55,0
1,8,4,1,0.2121,0.55,0
1,9,4,1,0.2273,0.52,0
1,10,4,1,0.2273,0.48,0
1,11,4,1,0.2727,0.45,0
1,12,4,1,0.3333,0.42,0
1,13,4,1,0.2879,0.45,0
1,14,4,1,0.303,0.45,0
1,15,4,1,0.3182,0.45,0
1,16,4,1,0.303,0.49,0
1,17,4,1,0.3182,0.49,0
1,18,4,1,0.2576,0.56,0
1,19,4,1,0.2273,0.56,0
1,20,4,1,0.2424,0.6,0
1,21,4,1,0.2273,0.6,0
1,22,4,1,0.2121,0.65,0
1,23,4,1,0.2121,0.65,0
1,0,5,1,0.2273,0.7,0
1,1,5,1,0.2273,0.7,0
1,2,5,1,0.2424,0.75,0
1,3,5,1,0.2121,0.8,0
1,4,5,1,0.2576,0.87,0
1,5,5,1,0.197,0.6,0
1,6,5,1,0.2121,0.55,0
1,7,5,1,0.1818,0.51,0
1,8,5,1,0.1818,0.47,0
1,9,5,1,0.1818,0.51,0
1,10,5,1,0.1667,0.47,0
1,11,5,1,0.1818,0.41,0
1,12,5,1,0.1818,0.27,0
1,13,5,1,0.1515,0.21,0
1,14,5,1,0.1515,0.25,0
1,15,5,1,0.1212,0.26,0
1,16,5,1,0.1364,0.26,0
1,17,5,1,0.1212,0.28,0
1,18,5,1,0.1212,0.3,0
1,19,5,1,0.1061,0.3,0
1,20,5,1,0.0758,0.33,0
1,21,5,1,0.0758,0.38,0
1,22,5,1,0.0303,0.41,0
1,23,5,1,0.0455,0.38,0
1,0,6,0,0.0303,0.45,0
1,1,6,0,0.0,0.41,0
1,2,6,0,0.0303,0.41,0
1,3,6,0,0.0303,0.41,0
1,4,6,0,0.0152,0.48,0
1,6,6,0,0.0303,0.44,0
1,7,6,0,0.0152,0.44,0
1,8,6,0,0.0,0.44,0
1,9,6,0,0.0303,0.41,0
1,10,6,0,0.0606,0.41,1
1,11,6,0,0.0758,0.38,1
1,12,6,0,0.1061,0.38,1
1,13,6,0,0.1667,0.35,1
1,14,6,0,0.1364,0.33,1
1,15,6,0,0.1515,0.28,1
1,16,6,0,0.1364,0.28,1
1,17,6,0,0.197,0.28,0
1,18,6,0,0.0909,0.35,0
1,19,6,0,0.1061,0.35,0
1,20,6,0,0.0758,0.45,0
1,21,6,0,0.1061,0.41,0
1,22,6,0,0.1515,0.49,0
1,23,6,0,0.0758,0.57,0
1,0,0,0,0.0758,0.57,0
1,1,0,0,0.0758,0.57,0
1,2,0,0,0.0606,0.62,0
1,3,0,0,0.0606,0.62,0
1,5,0,0,0.0758,0.57,0
1,6,0,0,0.0758,0.57,0
1,7,0,0,0.1061,0.58,0
1,8,0,0,0.0758,0.62,0
1,9,0,0,0.0758,0.54,0
1,10,0,0,0.1061,0.46,1
1,11,0,0,0.1364,0.43,1
1,12,0,0,0.1212,0.37,1
1,13,0,0,0.1061,0.33,1
1,14,0,0,0.1364,0.28,1
1,15,0,0,0.1364,0.28,1
1,16,0,0,0.1364,0.26,1
1,17,0,0,0.1061,0.26,0
1,18,0,0,0.1212,0.3,0
1,19,0,0,0.1212,0.3,0
1,20,0,0,0.1061,0.36,0
1,21,0,0,0.1061,0.36,0
1,22,0,0,0.0909,0.38,0
1,23,0,0,0.0606,0.41,0
1,0,1,1,0.0606,0.41,0
1,1,1,1,0.0455,0.45,0
1,3,1,1,0.0303,0.45,0
1,4,1,1,0.0606,0.48,0
1,5,1,1,0.0606,0.48,0
1,6,1,1,0.0758,0.48,0
1,7,1,1,0.1212,0.48,0
1,8,1,1,0.1364,0.49,0
1,9,1,1,0.1515,0.41,0
1,10,1,1,0.1364,0.42,0
1,11,1,1,0.1212,0.46,0
1,12,1,1,0.1364,0.42,0
1,13,1,1,0.1364,0.43,0
1,14,1,1,0.1364,0.46,0
1,15,1,1,0.1667,0.4,0
1,16,1,1,0.1515,0.47,0
1,17,1,1,0.1212,0.5,0
1,18,1,1,0.1364,0.59,0
1,19,1,1,0.1515,0.54,0
1,20,1,1,0.1364,0.59,0
1,21,1,1,0.1515,0.63,0
1,22,1,1,0.1364,0.63,0
1,23,1,1,0.1515,0.64,0
1,0,2,1,0.1364,0.69,0
1,1,2,1,0.1667,0.69,0
1,2,2,1,0.1515,0.69,0
1,4,2,1,0.1667,0.74,0
1,5,2,1,0.1364,0.74,0
1,6,2,1,0.1818,0.74,0
1,7,2,1,0.1515,0.74,0
1,8,2,1,0.1818,0.74,0
1,9,2,1,0.2273,0.64,0
1,10,2,1,0.2424,0.6,0
1,11,2,1,0.2424,0.6,0
1,12,2,1,0.2879,0.56,0
1,13,2,1,0.2727,0.56,0
1,14,2,1,0.3333,0.45,0
1,15,2,1,0.3485,0.42,0
1,16,2,1,0.3485,0.42,0
1,17,2,1,0.3333,0.45,0
1,18,2,1,0.3182,0.49,0
1,19,2,1,0.2576,0.65,0
1,20,2,1,0.2273,0.65,0
1,21,2,1,0.2273,0.65,0
1,22,2,1,0.2273,0.64,0
1,23,2,1,0.2273,0.64,0
1,0,3,1,0.2273,0.69,0
1,1,3,1,0.2424,0.65,0
1,2,3,1,0.2273,0.69,0
1,5,3,1,0.1818,0.86,0
1,6,3,1,0.1818,0.86,0
1,7,3,1,0.2121,0.87,0
1,8,3,1,0.2121,0.87,0
1,9,3,1,0.2121,0.87,0
1,10,3,1,0.2121,0.93,0
1,11,3,1,0.197,0.93,0
1,12,3,1,0.197,0.93,0
1,13,3,1,0.197,0.93,0
1,14,3,1,0.197,0.93,0
1,15,3,1,0.1818,0.93,0
1,16,3,1,0.197,0.93,0
1,17,3,1,0.1818,0.93,0
1,16,4,1,0.2273,0.55,0
1,17,4,1,0.2424,0.55,0
1,18,4,1,0.2273,0.69,0
1,19,4,1,0.2273,0.69,0
1,20,4,1,0.2121,0.74,0
1,21,4,1,0.2121,0.74,0
1,22,4,1,0.2121,0.74,0
1,23,4,1,0.197,0.8,0
1,0,5,1,0.2121,0.75,0
1,1,5,1,0.2121,0.75,0
1,2,5,1,0.2121,0.75,0
1,3,5,1,0.2273,0.75,0
1,5,5,1,0.2121,0.8,0
1,6,5,1,0.197,0.8,0
1,7,5,1,0.197,0.86,0
1,8,5,1,0.197,0.86,0
1,9,5,1,0.2121,0.86,0
1,10,5,1,0.2121,0.86,0
1,11,5,1,0.2121,0.93,0
1,12,5,1,0.2121,0.93,0
1,13,5,1,0.2121,0.93,0
1,14,5,1,0.2727,0.8,0
1,15,5,1,0.2576,0.86,0
1,16,5,1,0.2727,0.8,0
1,17,5,1,0.2424,0.75,0
1,18,5,1,0.2273,0.75,0
1,19,5,1,0.2424,0.75,0
1,20,5,1,0.2273,0.7,0
1,21,5,1,0.2273,0.75,0
1,22,5,1,0.2121,0.65,0
1,23,5,1,0.2273,0.6,0
1,0,6,0,0.197,0.64,0
1,1,6,0,0.2273,0.64,0
1,2,6,0,0.2273,0.64,0
1,3,6,0,0.2121,0.64,0
1,4,6,0,0.1818,0.69,0
1,6,6,0,0.1818,0.64,0
1,7,6,0,0.1818,0.59,0
1,8,6,0,0.197,0.55,0
1,9,6,0,0.2121,0.59,0
1,10,6,0,0.2121,0.64,1
1,11,6,0,0.197,0.64,1
1,12,6,0,0.197,0.59,1
1,13,6,0,0.2273,0.55,1
1,14,6,0,0.2273,0.6,1
1,15,6,0,0.2121,0.69,1
1,16,6,0,0.2424,0.6,1
1,17,6,0,0.2879,0.6,0
1,18,6,0,0.2273,0.69,0
1,19,6,0,0.2121,0.69,0
1,20,6,0,0.2121,0.74,0
1,21,6,0,0.2121,0.74,0
1,22,6,0,0.197,0.8,0
1,23,6,0,0.197,0.8,0
1,0,0,0,0.1818,0.8,0
1,1,0,0,0.2121,0.8,0
1,2,0,0,0.2273,0.8,0
1,3,0,0,0.2121,0.93,0
1,4,0,0,0.2121,0.93,0
1,5,0,0,0.2121,0.86,0
1,7,0,0,0.2121,0.86,0
1,8,0,0,0.2121,0.86,0
1,9,0,0,0.2273,0.8,0
1,10,0,0,0.2424,0.8,1
1,11,0,0,0.2727,0.75,1
1,12,0,0,0.3182,0.52,1
1,13,0,0,0.2879,0.61,1
1,14,0,0,0.303,0.61,1
1,15,0,0,0.3333,0.56,1
1,16,0,0,0.3333,0.56,1
1,17,0,0,0.2879,0.56,0
1,18,0,0,0.2576,0.65,0
1,19,0,0,0.2576,0.65,0
1,20,0,0,0.2727,0.65,0
1,21,0,0,0.2424,0.7,0
1,22,0,0,0.2273,0.7,0
1,23,0,0,0.2121,0.65,0
1,0,1,1,0.2273,0.65,0
1,1,1,1,0.2121,0.64,0
1,2,1,1,0.2273,0.64,0
1,3,1,1,0.2273,0.64,0
1,4,1,1,0.197,0.59,0
1,5,1,1,0.1667,0.64,0
1,6,1,1,0.1364,0.69,0
1,7,1,1,0.1364,0.64,0
1,8,1,1,0.1364,0.59,0
1,9,1,1,0.1364,0.59,0
1,10,1,1,0.1515,0.59,0
1,11,1,1,0.1515,0.59,0
1,12,1,1,0.2121,0.55,0
1,13,1,1,0.2273,0.59,0
1,14,1,1,0.197,0.55,0
1,15,1,1,0.1818,0.59,0
1,16,1,1,0.1818,0.56,0
1,17,1,1,0.1515,0.59,0
1,18,1,1,0.1515,0.55,0
1,19,1,1,0.3182,0.61,0
1,20,1,1,0.1667,0.59,0
1,21,1,1,0.197,0.59,0
1,22,1,1,0.1818,0.59,0
1,23,1,1,0.197,0.64,0
2,0,2,1,0.1818,0.64,0
2,1,2,1,0.1818,0.69,0
2,2,2,1,0.2273,0.69,0
2,3,2,1,0.2273,0.69,0
2,5,2,1,0.2121,0.93,0
2,6,2,1,0.2121,0.93,0
2,7,2,1,0.2273,0.93,0
2,8,2,1,0.2273,0.93,0
2,9,2,1,0.2273,0.93,0
2,10,2,1,0.2273,0.93,0
2,11,2,1,0.2424,0.86,0
2,12,2,1,0.2576,0.86,0
2,13,2,1,0.2576,0.86,0
2,14,2,1,0.2576,0.8,0
2,15,2,1,0.2879,0.75,0
2,16,2,1,0.2424,0.75,0
2,17,2,1,0.2879,0.75,0
2,18,2,1,0.2576,0.81,0
2,19,2,1,0.2424,0.81,0
2,20,2,1,0.2273,0.87,0
2,21,2,1,0.2273,0.87,0
2,22,2,1,0.2576,0.87,0
2,23,2,1,0.197,0.93,0
2,0,3,1,0.2424,0.93,0
2,1,3,1,0.2273,0.93,0
2,2,3,1,0.2273,0.93,0
2,3,3,1,0.2273,0.93,0
2,4,3,1,0.2121,0.93,0
2,5,3,1,0.2424,0.93,0
2,6,3,1,0.2424,0.93,0
2,7,3,1,0.2121,0.93,0
2,8,3,1,0.2121,0.93,0
2,9,3,1,0.2576,0.93,0
2,10,3,1,0.2727,1.0,0
2,11,3,1,0.2273,0.93,0
2,12,3,1,0.2273,0.93,0
2,13,3,1,0.3333,0.93,0
2,14,3,1,0.3939,0.82,0
2,15,3,1,0.3939,0.76,0
2,16,3,1,0.3333,0.71,0
2,17,3,1,0.3182,0.53,0
2,18,3,1,0.2879,0.42,0
2,19,3,1,0.2424,0.45,0
2,20,3,1,0.197,0.48,0
2,21,3,1,0.197,0.47,0
2,22,3,1,0.2121,0.44,0
2,23,3,1,0.1667,0.44,0
2,0,4,1,0.1667,0.4,0
2,1,4,1,0.1515,0.44,0
2,2,4,1,0.1667,0.43,0
2,3,4,1,0.1667,0.43,0
2,5,4,1,0.1364,0.5,0
2,6,4,1,0.1364,0.43,0
2,7,4,1,0.1212,0.5,0
2,8,4,1,0.1212,0.5,0
2,9,4,1,0.1364,0.47,0
2,10,4,1,0.1515,0.43,0
2,11,4,1,0.1364,0.43,0
2,12,4,1,0.1818,0.4,0
2,13,4,1,0.1667,0.4,0
2,14,4,1,0.197,0.37,0
2,15,4,1,0.197,0.37,0
2,16,4,1,0.2121,0.37,0
2,17,4,1,0.197,0.4,0
2,18,4,1,0.2121,0.4,0
2,19,4,1,0.2576,0.4,0
2,20,4,1,0.2273,0.47,0
2,21,4,1,0.2121,0.55,0
2,22,4,1,0.2121,0.51,0
2,23,4,1,0.2273,0.47,0
2,0,5,1,0.2576,0.44,0
2,1,5,1,0.2273,0.59,0
2,2,5,1,0.1667,0.63,0
2,3,5,1,0.1667,0.63,0
2,5,5,1,0.1515,0.63,0
2,6,5,1,0.2273,0.55,0
2,7,5,1,0.2121,0.59,0
2,8,5,1,0.1515,0.74,0
2,9,5,1,0.1818,0.8,0
2,10,5,1,0.2121,0.51,0
2,11,5,1,0.2273,0.51,0
2,12,5,1,0.2424,0.48,0
2,13,5,1,0.2576,0.5,0
2,14,5,1,0.2727,0.45,0
2,15,5,1,0.2727,0.48,0
2,16,5,1,0.2879,0.42,0
2,17,5,1,0.2727,0.56,0
2,18,5,1,0.2576,0.6,0
2,19,5,1,0.2424,0.65,0
2,20,5,1,0.2424,0.65,0
2,21,5,1,0.2424,0.7,0
2,22,5,1,0.2424,0.65,0
2,23,5,1,0.2424,0.7,0
2,0,6,0,0.2424,0.7,0
2,1,6,0,0.2424,0.65,0
2,2,6,0,0.2424,0.75,0
2,3,6,0,0.2424,0.75,0
2,4,6,0,0.2273,0.93,0
2,5,6,0,0.2273,1.0,0
2,6,6,0,0.2576,1.0,0
2,7,6,0,0.2576,0.93,0
2,8,6,0,0.2273,1.0,0
2,9,6,0,0.2273,1.0,0
2,10,6,0,0.2121,1.0,1
2,11,6,0,0.2273,1.0,1
2,12,6,0,0.2273,1.0,1
2,13,6,0,0.2273,1.0,1
2,14,6,0,0.2727,1.0,1
2,15,6,0,0.2727,1.0,1
2,16,6,0,0.2273,1.0,1
2,17,6,0,0.2121,1.0,0
2,18,6,0,0.2424,0.93,0
2,19,6,0,0.2424,0.93,0
2,20,6,0,0.2879,0.87,0
2,21,6,0,0.2576,1.0,0
2,22,6,0,0.2727,0.93,0
2,23,6,0,0.2576,0.93,0
2,0,0,0,0.2576,0.7,0
2,1,0,0,0.2273,0.65,0
2,2,0,0,0.2273,0.6,0
2,3,0,0,0.2879,0.6,0
2,4,0,0,0.2273,0.6,0
2,5,0,0,0.2576,0.6,0
2,6,0,0,0.2576,0.6,0
2,7,0,0,0.2424,0.65,0
2,8,0,0,0.2576,0.65,0
2,9,0,0,0.2879,0.56,0
2,10,0,0,0.2879,0.52,1
2,11,0,0,0.303,0.49,1
2,12,0,0,0.3333,0.46,1
2,13,0,0,0.3636,0.46,1
2,14,0,0,0.3485,0.46,1
2,15,0,0,0.3485,0.46,1
2,16,0,0,0.3485,0.49,1
2,17,0,0,0.3636,0.46,0
2,18,0,0,0.303,0.56,0
2,19,0,0,0.2879,0.61,0
2,20,0,0,0.2879,0.61,0
2,21,0,0,0.303,0.6,0
2,22,0,0,0.303,0.6,0
2,23,0,0,0.2879,0.65,0
2,0,1,1,0.2879,0.65,0
2,1,1,1,0.2727,0.75,0
2,2,1,1,0.2576,0.8,0
2,3,1,1,0.2576,0.86,0
2,4,1,1,0.2576,0.86,0
2,5,1,1,0.2576,0.86,0
2,6,1,1,0.2424,0.93,0
2,7,1,1,0.2424,0.86,0
2,8,1,1,0.2273,1.0,0
2,9,1,1,0.2727,0.8,0
2,10,1,1,0.2576,0.75,0
2,11,1,1,0.3182,0.65,0
2,12,1,1,0.3485,0.62,0
2,13,1,1,0.3636,0.57,0
2,14,1,1,0.3636,0.57,0
2,15,1,1,0.3939,0.54,0
2,16,1,1,0.3485,0.57,0
2,17,1,1,0.3182,0.7,0
2,18,1,1,0.3333,0.66,0
2,19,1,1,0.3485,0.7,0
2,20,1,1,0.3333,0.7,0
2,21,1,1,0.3485,0.7,0
2,22,1,1,0.303,0.81,0
2,23,1,1,0.3333,0.81,0
2,0,2,1,0.3182,0.87,0
2,1,2,1,0.3182,0.87,0
2,2,2,1,0.2727,0.93,0
2,3,2,1,0.2727,0.93,0
2,4,2,1,0.2576,0.93,0
2,5,2,1,0.2273,0.81,0
2,6,2,1,0.2273,0.7,0
2,7,2,1,0.197,0.65,0
2,8,2,1,0.197,0.56,0
2,9,2,1,0.197,0.52,0
2,10,2,1,0.1818,0.47,0
2,11,2,1,0.1818,0.47,0
2,12,2,1,0.197,0.38,0
2,13,2,1,0.197,0.32,0
2,14,2,1,0.197,0.37,0
2,15,2,1,0.197,0.35,0
2,16,2,1,0.1818,0.35,0
2,17,2,1,0.1818,0.32,0
2,18,2,1,0.1818,0.32,0
2,19,2,1,0.1212,0.4,0
2,20,2,1,0.1364,0.4,0
2,21,2,1,0.1061,0.33,0
2,22,2,1,0.1061,0.33,0
2,23,2,1,0.1061,0.33,0
2,0,3,1,0.0758,0.36,0
2,1,3,1,0.1061,0.36,0
2,2,3,1,0.0758,0.38,0
2,3,3,1,0.0758,0.45,0
2,5,3,1,0.1061,0.45,0
2,6,3,1,0.1515,0.45,0
2,7,3,1,0.1061,0.49,0
2,8,3,1,0.1364,0.42,0
2,9,3,1,0.1364,0.39,0
2,10,3,1,0.1818,0.36,0
2,11,3,1,0.1515,0.43,0
2,12,3,1,0.1818,0.4,0
2,13,3,1,0.1667,0.4,0
2,14,3,1,0.1818,0.34,0
2,15,3,1,0.1818,0.34,0
2,16,3,1,0.197,0.37,0
2,17,3,1,0.197,0.34,0
2,18,3,1,0.1667,0.47,0
2,19,3,1,0.1212,0.86,0
2,20,3,1,0.1515,0.86,0
2,21,3,1,0.1515,0.86,0
2,22,3,1,0.1667,0.8,0
2,23,3,1,0.1515,0.8,0
2,0,4,1,0.1364,0.86,0
2,1,4,1,0.1515,0.8,0
2,2,4,1,0.1515,0.8,0
2,4,4,1,0.1364,0.59,0
2,5,4,1,0.1212,0.5,0
2,6,4,1,0.1212,0.54,0
2,7,4,1,0.0758,0.5,0
2,8,4,1,0.0758,0.49,0
2,9,4,1,0.1061,0.42,0
2,10,4,1,0.1061,0.42,0
2,11,4,1,0.1212,0.39,0
2,12,4,1,0.1364,0.34,0
2,13,4,1,0.1667,0.29,0
2,14,4,1,0.1818,0.27,0
2,15,4,1,0.197,0.25,0
2,16,4,1,0.1818,0.27,0
2,17,4,1,0.1818,0.26,0
2,18,4,1,0.1818,0.28,0
2,19,4,1,0.1667,0.28,0
2,20,4,1,0.1818,0.31,0
2,21,4,1,0.2121,0.39,0
2,22,4,1,0.197,0.39,0
2,23,4,1,0.1515,0.42,0
2,0,5,1,0.1364,0.49,0
2,1,5,1,0.1364,0.54,0
2,2,5,1,0.1364,0.54,0
2,5,5,1,0.1212,0.63,0
2,6,5,1,0.1818,0.68,0
2,7,5,1,0.1667,0.73,0
2,8,5,1,0.1212,0.74,0
2,9,5,1,0.1212,0.74,0
2,10,5,1,0.1364,0.69,0
2,11,5,1,0.2273,0.47,0
2,12,5,1,0.2273,0.47,0
2,13,5,1,0.2273,0.35,0
2,14,5,1,0.2879,0.26,0
2,15,5,1,0.3182,0.21,0
2,16,5,1,0.2879,0.28,0
2,17,5,1,0.3333,0.24,0
2,18,5,1,0.3182,0.28,0
2,19,5,1,0.303,0.33,0
2,20,5,1,0.2273,0.55,0
2,21,5,1,0.2121,0.59,0
2,22,5,1,0.2273,0.64,0
2,23,5,1,0.2424,0.69,0
2,0,6,0,0.197,0.69,0
2,1,6,0,0.2121,0.86,0
2,2,6,0,0.2121,0.8,0
2,3,6,0,0.197,0.8,0
2,4,6,0,0.1667,0.74,0
2,5,6,0,0.1667,0.74,0
2,6,6,0,0.1364,0.93,0
2,7,6,0,0.1515,0.8,0
2,8,6,0,0.1515,0.86,0
2,9,6,0,0.1818,0.64,0
2,10,6,0,0.2121,0.41,1
2,11,6,0,0.2727,0.28,1
2,12,6,0,0.2727,0.39,1
2,13,6,0,0.2727,0.39,1
2,14,6,0,0.3182,0.31,1
2,15,6,0,0.303,0.29,1
2,16,6,0,0.303,0.29,1
2,17,6,0,0.2879,0.31,0
2,18,6,0,0.2576,0.38,0
2,19,6,0,0.2727,0.38,0
2,20,6,0,0.2576,0.41,0
2,21,6,0,0.303,0.41,0
2,22,6,0,0.2576,0.44,0
2,23,6,0,0.2273,0.51,0
2,0,0,0,0.2273,0.64,0
2,1,0,0,0.2273,0.59,0
2,2,0,0,0.2273,0.75,0
2,3,0,0,0.2273,0.69,0
2,4,0,0,0.2121,0.69,0
2,6,0,0,0.2121,0.69,0
2,7,0,0,0.2727,0.55,0
2,8,0,0,0.2273,0.64,0
2,9,0,0,0.2273,0.6,0
2,10,0,0,0.2727,0.45,1
2,11,0,0,0.2879,0.39,1
2,12,0,0,0.3182,0.32,1
2,13,0,0,0.3939,0.29,1
2,14,0,0,0.4091,0.3,1
2,15,0,0,0.4091,0.3,1
2,16,0,0,0.4242,0.28,1
2,17,0,0,0.4242,0.28,0
2,18,0,0,0.4091,0.32,0
2,19,0,0,0.4091,0.35,0
2,20,0,0,0.4091,0.35,0
2,21,0,0,0.4091,0.35,0
2,22,0,0,0.4091,0.35,0
2,23,0,0,0.4091,0.35,0
2,0,1,1,0.3939,0.37,0
2,1,1,1,0.3939,0.37,0
2,2,1,1,0.3333,0.4,0
2,3,1,1,0.3182,0.46,0
2,4,1,1,0.303,0.53,0
2,5,1,1,0.303,0.53,0
2,6,1,1,0.303,0.46,0
2,7,1,1,0.303,0.46,0
2,8,1,1,0.3939,0.4,0
2,9,1,1,0.4091,0.37,0
2,10,1,1,0.4394,0.33,0
2,11,1,1,0.5,0.23,0
2,12,1,1,0.5303,0.22,0
2,13,1,1,0.5455,0.19,0
2,14,1,1,0.5909,0.15,0
2,15,1,1,0.5303,0.21,0
2,16,1,1,0.5,0.27,0
2,17,1,1,0.4545,0.33,0
2,18,1,1,0.4091,0.4,0
2,19,1,1,0.3939,0.43,0
2,20,1,1,0.3182,0.46,0
2,21,1,1,0.3182,0.5,0
2,22,1,1,0.2879,0.46,0
2,23,1,1,0.2879,0.49,0
2,0,2,1,0.2727,0.49,0
2,1,2,1,0.2424,0.42,0
2,2,2,1,0.2273,0.41,0
2,4,2,1,0.1818,0.37,0
2,5,2,1,0.1818,0.32,0
2,6,2,1,0.1818,0.32,0
2,7,2,1,0.1818,0.32,0
2,8,2,1,0.1818,0.32,0
2,9,2,1,0.197,0.29,0
2,10,2,1,0.2121,0.27,0
2,11,2,1,0.2424,0.25,0
2,12,2,1,0.2727,0.24,0
2,13,2,1,0.303,0.21,0
2,14,2,1,0.3182,0.19,0
2,15,2,1,0.3333,0.19,0
2,16,2,1,0.3182,0.19,0
2,17,2,1,0.303,0.22,0
2,18,2,1,0.303,0.22,0
2,19,2,1,0.2879,0.26,0
2,20,2,1,0.2727,0.33,0
2,21,2,1,0.2879,0.52,0
2,22,2,1,0.2879,0.44,0
2,23,2,1,0.2576,0.44,0
2,0,3,1,0.2576,0.41,0
2,1,3,1,0.2273,0.44,0
2,3,3,1,0.197,0.47,0
2,4,3,1,0.197,0.51,0
2,5,3,1,0.197,0.47,0
2,6,3,1,0.197,0.55,0
2,7,3,1,0.197,0.55,0
2,8,3,1,0.2273,0.55,0
2,9,3,1,0.2121,0.52,0
2,10,3,1,0.2273,0.41,0
2,11,3,1,0.303,0.34,0
2,12,3,1,0.3939,0.32,0
2,13,3,1,0.4242,0.3,0
2,14,3,1,0.4545,0.28,0
2,15,3,1,0.4545,0.28,0
2,16,3,1,0.4545,0.31,0
2,17,3,1,0.4545,0.28,0
2,18,3,1,0.4091,0.4,0
2,19,3,1,0.3182,0.53,0
2,20,3,1,0.3939,0.43,0
2,21,3,1,0.3485,0.46,0
2,22,3,1,0.3333,0.53,0
2,23,3,1,0.3939,0.4,0
2,0,4,1,0.3333,0.53,0
2,1,4,1,0.3182,0.53,0
2,2,4,1,0.3182,0.53,0
2,3,4,1,0.3333,0.53,0
2,4,4,1,0.3182,0.57,0
2,5,4,1,0.3333,0.66,0
2,6,4,1,0.303,0.7,0
2,7,4,1,0.3333,0.57,0
2,8,4,1,0.3333,0.57,0
2,9,4,1,0.3485,0.57,0
2,10,4,1,0.3939,0.54,0
2,11,4,1,0.4394,0.44,0
2,12,4,1,0.4697,0.41,0
2,13,4,1,0.5152,0.34,0
2,14,4,1,0.6212,0.31,0
2,15,4,1,0.6061,0.28,0
2,16,4,1,0.5303,0.35,0
2,17,4,1,0.5455,0.32,0
2,18,4,1,0.5152,0.42,0
2,19,4,1,0.4697,0.55,0
2,20,4,1,0.4697,0.59,0
2,21,4,1,0.5,0.55,0
2,22,4,1,0.4848,0.59,0
2,23,4,1,0.4545,0.67,0
2,0,5,1,0.4394,0.72,0
2,1,5,1,0.4394,0.72,0
2,2,5,1,0.4394,0.72,0
2,3,5,1,0.4545,0.67,0
2,4,5,1,0.4545,0.67,0
2,5,5,1,0.4545,0.67,0
2,6,5,1,0.4394,0.72,0
2,7,5,1,0.4242,0.77,0
2,8,5,1,0.4242,0.77,0
2,9,5,1,0.4242,0.77,0
2,10,5,1,0.4394,0.72,0
2,11,5,1,0.4394,0.72,0
2,12,5,1,0.4848,0.59,0
2,13,5,1,0.6212,0.43,0
2,14,5,1,0.6212,0.36,0
2,15,5,1,0.6212,0.36,0
2,16,5,1,0.6212,0.36,0
2,17,5,1,0.6212,0.34,0
2,18,5,1,0.6212,0.33,0
2,19,5,1,0.6212,0.29,0
2,20,5,1,0.6212,0.31,0
2,21,5,1,0.5455,0.21,0
2,22,5,1,0.5152,0.1,0
2,23,5,1,0.5,0.08,0
2,0,6,0,0.4697,0.12,0
2,1,6,0,0.4545,0.14,0
2,2,6,0,0.4394,0.13,0
2,3,6,0,0.4242,0.14,0
2,4,6,0,0.4091,0.15,0
2,5,6,0,0.4091,0.15,0
2,6,6,0,0.4091,0.17,0
2,7,6,0,0.3939,0.17,0
2,8,6,0,0.3939,0.17,0
2,9,6,0,0.4091,0.16,0
2,10,6,0,0.4242,0.16,1
2,11,6,0,0.4394,0.16,1
2,12,6,0,0.4394,0.18,1
2,13,6,0,0.4394,0.16,1
2,14,6,0,0.4545,0.15,1
2,15,6,0,0.4394,0.16,1
2,16,6,0,0.4394,0.16,1
2,17,6,0,0.4242,0.19,0
2,18,6,0,0.3182,0.25,0
2,19,6,0,0.303,0.29,0
2,20,6,0,0.2879,0.28,0
2,21,6,0,0.2727,0.26,0
2,22,6,0,0.2576,0.28,0
2,23,6,0,0.2424,0.33,0
2,0,0,0,0.2121,0.35,0
2,1,0,0,0.197,0.41,0
2,2,0,0,0.197,0.41,0
2,3,0,0,0.1818,0.44,0
2,4,0,0,0.1818,0.44,0
2,6,0,0,0.1818,0.47,0
2,7,0,0,0.1667,0.51,0
2,8,0,0,0.2273,0.51,0
2,9,0,0,0.2121,0.47,0
2,10,0,0,0.2576,0.41,1
2,11,0,0,0.303,0.33,1
2,12,0,0,0.3182,0.33,1
2,13,0,0,0.3333,0.29,1
2,14,0,0,0.3485,0.27,1
2,15,0,0,0.3636,0.27,1
2,16,0,0,0.3636,0.29,1
2,17,0,0,0.3485,0.33,0
2,18,0,0,0.3333,0.36,0
2,19,0,0,0.3333,0.36,0
2,20,0,0,0.3636,0.42,0
2,21,0,0,0.3485,0.53,0
2,22,0,0,0.303,0.57,0
2,23,0,0,0.303,0.61,0
2,0,1,0,0.303,0.42,0
2,1,1,0,0.303,0.42,0
2,2,1,0,0.303,0.42,0
2,3,1,0,0.303,0.42,0
2,4,1,0,0.3182,0.45,0
2,5,1,0,0.3636,0.36,0
2,6,1,0,0.4242,0.26,0
2,7,1,0,0.4242,0.26,0
2,8,1,0,0.303,0.57,0
2,9,1,0,0.303,0.57,0
2,10,1,0,0.303,0.57,1
2,11,1,0,0.3333,0.57,1
2,12,1,0,0.3182,0.66,1
2,13,1,0,0.2727,0.81,1
2,14,1,0,0.303,0.76,1
2,15,1,0,0.2727,0.7,1
2,16,1,0,0.2424,0.75,1
2,17,1,0,0.2576,0.75,0
2,18,1,0,0.2121,0.87,0
2,19,1,0,0.2121,0.87,0
2,20,1,0,0.2121,0.81,0
2,21,1,0,0.197,0.75,0
2,22,1,0,0.1667,0.75,0
2,23,1,0,0.1667,0.75,0
2,6,2,1,0.1212,0.8,0
2,7,2,1,0.1212,0.8,0
2,8,2,1,0.1212,0.8,0
2,9,2,1,0.1212,0.74,0
2,10,2,1,0.1818,0.69,0
2,11,2,1,0.2273,0.64,0
2,12,2,1,0.2273,0.59,0
2,13,2,1,0.2273,0.55,0
2,14,2,1,0.2273,0.55,0
2,15,2,1,0.2273,0.48,0
2,16,2,1,0.2273,0.51,0
2,17,2,1,0.2121,0.51,0
2,18,2,1,0.2273,0.47,0
2,19,2,1,0.1818,0.47,0
2,20,2,1,0.197,0.47,0
2,21,2,1,0.197,0.47,0
2,22,2,1,0.1515,0.43,0
2,23,2,1,0.1515,0.43,0
2,0,3,1,0.1364,0.5,0
2,1,3,1,0.1515,0.46,0
2,2,3,1,0.1515,0.5,0
2,3,3,1,0.1364,0.5,0
2,5,3,1,0.1515,0.5,0
2,6,3,1,0.1515,0.5,0
2,7,3,1,0.1515,0.54,0
2,8,3,1,0.1515,0.54,0
2,9,3,1,0.2121,0.51,0
2,10,3,1,0.2576,0.4,0
2,11,3,1,0.2576,0.41,0
2,12,3,1,0.2879,0.35,0
2,13,3,1,0.3182,0.28,0
2,14,3,1,0.3333,0.29,0
2,15,3,1,0.3485,0.25,0
2,16,3,1,0.3636,0.25,0
2,17,3,1,0.3485,0.25,0
2,18,3,1,0.3333,0.26,0
2,19,3,1,0.3333,0.33,0
2,20,3,1,0.2424,0.6,0
2,21,3,1,0.2879,0.48,0
2,22,3,1,0.2879,0.48,0
2,23,3,1,0.2576,0.55,0
2,0,4,1,0.2576,0.55,0
2,1,4,1,0.2576,0.6,0
2,2,4,1,0.2273,0.64,0
2,3,4,1,0.2121,0.64,0
2,5,4,1,0.2121,0.69,0
2,6,4,1,0.197,0.69,0
2,7,4,1,0.197,0.72,0
2,8,4,1,0.2273,0.7,0
2,9,4,1,0.2121,0.75,0
2,10,4,1,0.2424,0.7,0
2,11,4,1,0.2879,0.57,0
2,12,4,1,0.3333,0.53,0
2,13,4,1,0.3939,0.54,0
2,14,4,1,0.4091,0.5,0
2,15,4,1,0.4091,0.54,0
2,16,4,1,0.3939,0.62,0
2,17,4,1,0.3485,0.66,0
2,18,4,1,0.303,0.87,0
2,19,4,1,0.303,0.93,0
2,20,4,1,0.303,0.93,0
2,21,4,1,0.303,0.87,0
2,22,4,1,0.3182,0.87,0
2,23,4,1,0.303,0.93,0
2,0,5,1,0.3485,0.93,0
2,1,5,1,0.3485,1.0,0
2,2,5,1,0.3485,1.0,0
2,3,5,1,0.3333,0.93,0
2,5,5,1,0.3333,0.93,0
2,6,5,1,0.3485,0.93,0
2,7,5,1,0.3333,1.0,0
2,8,5,1,0.3485,0.93,0
2,9,5,1,0.303,0.93,0
2,10,5,1,0.4242,0.94,0
2,11,5,1,0.5,0.77,0
2,12,5,1,0.5152,0.6,0
2,13,5,1,0.5152,0.6,0
2,14,5,1,0.5303,0.56,0
2,15,5,1,0.4545,0.41,0
2,16,5,1,0.2879,0.49,0
2,17,5,1,0.2727,0.49,0
2,18,5,1,0.2879,0.49,0
2,19,5,1,0.2727,0.52,0
2,20,5,1,0.2576,0.49,0
2,21,5,1,0.2576,0.48,0
2,22,5,1,0.2121,0.48,0
2,23,5,1,0.2273,0.48,0
2,0,6,0,0.2273,0.52,0
2,1,6,0,0.2121,0.52,0
2,2,6,0,0.197,0.6,0
2,3,6,0,0.2273,0.55,0
2,4,6,0,0.2576,0.6,0
2,5,6,0,0.2424,0.64,0
2,6,6,0,0.2727,0.6,0
2,7,6,0,0.2576,0.6,0
2,8,6,0,0.2879,0.6,0
2,9,6,0,0.2576,0.56,0
2,10,6,0,0.303,0.49,1
2,11,6,0,0.3333,0.45,1
2,12,6,0,0.3182,0.45,1
2,13,6,0,0.3182,0.42,1
2,14,6,0,0.303,0.36,1
2,15,6,0,0.3333,0.4,1
2,16,6,0,0.3333,0.46,1
2,17,6,0,0.3485,0.43,0
2,18,6,0,0.3333,0.46,0
2,19,6,0,0.303,0.49,0
2,20,6,0,0.303,0.56,0
2,21,6,0,0.2727,0.65,0
2,22,6,0,0.2727,0.75,0
2,23,6,0,0.2576,0.75,0
2,0,0,0,0.2424,0.87,0
2,1,0,0,0.2576,0.87,0
2,2,0,0,0.2727,0.87,0
2,3,0,0,0.2879,0.87,0
2,4,0,0,0.2424,0.87,0
2,6,0,0,0.2879,0.87,0
2,7,0,0,0.2424,0.87,0
2,8,0,0,0.303,0.87,0
2,9,0,0,0.303,0.87,0
2,10,0,0,0.303,0.81,1
2,11,0,0,0.3485,0.62,1
2,12,0,0,0.4091,0.54,1
2,13,0,0,0.4242,0.47,1
2,14,0,0,0.4394,0.47,1
2,15,0,0,0.4545,0.44,1
2,16,0,0,0.4697,0.44,1
2,17,0,0,0.4242,0.54,0
2,18,0,0,0.4091,0.54,0
2,19,0,0,0.4091,0.54,0
2,20,0,0,0.4091,0.54,0
2,21,0,0,0.3939,0.62,0
2,22,0,0,0.3939,0.62,0
2,23,0,0,0.3485,0.62,0
2,0,1,1,0.3636,0.66,0
2,1,1,1,0.303,0.87,0
2,3,1,1,0.3182,0.93,0
2,5,1,1,0.3636,0.93,0
2,6,1,1,0.3485,0.96,0
2,7,1,1,0.3636,0.93,0
2,8,1,1,0.303,0.93,0
2,9,1,1,0.4242,0.82,0
2,10,1,1,0.5,0.72,0
2,11,1,1,0.5303,0.64,0
2,12,1,1,0.5303,0.64,0
2,13,1,1,0.4545,0.94,0
2,14,1,1,0.4242,1.0,0
2,15,1,1,0.4242,1.0,0
2,16,1,1,0.4242,1.0,0
2,17,1,1,0.4091,1.0,0
2,18,1,1,0.4545,0.94,0
2,19,1,1,0.4394,0.88,0
2,20,1,1,0.4394,0.88,0
2,21,1,1,0.3939,0.87,0
2,22,1,1,0.303,0.93,0
2,23,1,1,0.2879,0.81,0
3,0,2,1,0.2727,0.7,0
3,1,2,1,0.2273,0.7,0
3,2,2,1,0.2121,0.65,0
3,3,2,1,0.2121,0.69,0
3,4,2,1,0.2121,0.69,0
3,5,2,1,0.1818,0.64,0
3,6,2,1,0.1818,0.59,0
3,7,2,1,0.1818,0.59,0
3,8,2,1,0.1818,0.59,0
3,9,2,1,0.197,0.55,0
3,10,2,1,0.2121,0.52,0
3,11,2,1,0.2727,0.45,0
3,12,2,1,0.303,0.39,0
3,13,2,1,0.3485,0.39,0
3,14,2,1,0.3333,0.36,0
3,15,2,1,0.3636,0.34,0
3,16,2,1,0.3485,0.34,0
3,17,2,1,0.3485,0.34,0
3,18,2,1,0.3182,0.39,0
3,19,2,1,0.303,0.49,0
3,20,2,1,0.3182,0.61,0
3,21,2,1,0.303,0.56,0
3,22,2,1,0.2727,0.62,0
3,23,2,1,0.2273,0.65,0
3,0,3,1,0.2273,0.69,0
3,1,3,1,0.2273,0.69,0
3,2,3,1,0.2273,0.69,0
3,3,3,1,0.2121,0.69,0
3,4,3,1,0.2121,0.75,0
3,5,3,1,0.2121,0.69,0
3,6,3,1,0.2121,0.55,0
3,7,3,1,0.2121,0.64,0
3,8,3,1,0.2121,0.65,0
3,9,3,1,0.2576,0.56,0
3,10,3,1,0.303,0.49,0
3,11,3,1,0.303,0.53,0
3,12,3,1,0.4091,0.43,0
3,13,3,1,0.4848,0.25,0
3,14,3,1,0.5,0.23,0
3,15,3,1,0.5152,0.19,0
3,16,3,1,0.5152,0.19,0
3,17,3,1,0.4848,0.23,0
3,18,3,1,0.4545,0.23,0
3,19,3,1,0.4091,0.28,0
3,20,3,1,0.3333,0.29,0
3,21,3,1,0.2879,0.29,0
3,22,3,1,0.2576,0.26,0
3,23,3,1,0.2121,0.3,0
3,0,4,1,0.197,0.3,0
3,1,4,1,0.197,0.3,0
3,2,4,1,0.1667,0.27,0
3,3,4,1,0.1667,0.27,0
3,4,4,1,0.1212,0.31,0
3,5,4,1,0.1212,0.33,0
3,6,4,1,0.1212,0.33,0
3,7,4,1,0.0909,0.42,0
3,8,4,1,0.1212,0.39,0
3,9,4,1,0.1364,0.37,0
3,10,4,1,0.1818,0.29,0
3,11,4,1,0.2273,0.29,0
3,12,4,1,0.2273,0.25,0
3,13,4,1,0.2576,0.25,0
3,14,4,1,0.2576,0.21,0
3,15,4,1,0.2879,0.23,0
3,16,4,1,0.303,0.23,0
3,17,4,1,0.303,0.22,0
3,18,4,1,0.2121,0.35,0
3,19,4,1,0.197,0.4,0
3,20,4,1,0.2273,0.4,0
3,21,4,1,0.2121,0.4,0
3,22,4,1,0.2576,0.4,0
3,23,4,1,0.2121,0.43,0
3,0,5,1,0.197,0.55,0
3,1,5,1,0.1818,0.64,0
3,2,5,1,0.1818,0.64,0
3,3,5,1,0.1667,0.74,0
3,4,5,1,0.1818,0.74,0
3,5,5,1,0.1818,0.74,0
3,6,5,1,0.197,0.74,0
3,7,5,1,0.1818,0.8,0
3,8,5,1,0.197,0.74,0
3,9,5,1,0.2273,0.6,0
3,10,5,1,0.2273,0.6,0
3,11,5,1,0.2727,0.52,0
3,12,5,1,0.303,0.43,0
3,13,5,1,0.3182,0.42,0
3,14,5,1,0.3333,0.4,0
3,15,5,1,0.3333,0.4,0
3,16,5,1,0.3485,0.46,0
3,17,5,1,0.3333,0.5,0
3,18,5,1,0.303,0.53,0
3,19,5,1,0.303,0.61,0
3,20,5,1,0.2879,0.7,0
3,21,5,1,0.2879,0.7,0
3,22,5,1,0.2879,0.7,0
3,23,5,1,0.303,0.75,0
3,0,6,0,0.2879,0.81,0
3,1,6,0,0.3182,0.81,0
3,2,6,0,0.2879,0.87,0
3,3,6,0,0.2879,0.87,0
3,4,6,0,0.303,0.93,0
3,5,6,0,0.303,1.0,0
3,6,6,0,0.2879,1.0,0
3,7,6,0,0.2727,1.0,0
3,8,6,0,0.2727,1.0,0
3,9,6,0,0.303,0.93,0
3,10,6,0,0.3333,0.93,1
3,11,6,0,0.4091,0.76,1
3,12,6,0,0.4394,0.67,1
3,13,6,0,0.4545,0.67,1
3,14,6,0,0.4697,0.59,1
3,15,6,0,0.4545,0.63,1
3,16,6,0,0.4697,0.59,1
3,17,6,0,0.4697,0.59,0
3,18,6,0,0.4697,0.59,0
3,19,6,0,0.4545,0.67,0
3,20,6,0,0.4394,0.77,0
3,21,6,0,0.4394,0.72,0
3,22,6,0,0.4242,0.77,0
3,23,6,0,0.4394,0.77,0
3,0,0,0,0.4242,0.77,0
3,1,0,0,0.4242,0.77,0
3,2,0,0,0.4091,0.82,0
3,3,0,0,0.4242,0.82,0
3,4,0,0,0.4242,0.88,0
3,6,0,0,0.4242,0.94,0
3,7,0,0,0.4242,1.0,0
3,8,0,0,0.4091,1.0,0
3,9,0,0,0.4242,1.0,0
3,10,0,0,0.4242,1.0,1
3,11,0,0,0.4242,1.0,1
3,12,0,0,0.4545,0.94,1
3,13,0,0,0.4545,0.94,1
3,14,0,0,0.4394,1.0,1
3,15,0,0,0.4394,1.0,1
3,16,0,0,0.3333,1.0,1
3,17,0,0,0.303,1.0,0
3,18,0,0,0.2879,1.0,0
3,19,0,0,0.2576,1.0,0
3,20,0,0,0.2424,1.0,0
3,21,0,0,0.1818,0.93,0
3,22,0,0,0.197,1.0,0
3,23,0,0,0.197,1.0,0
3,0,1,1,0.1818,1.0,0
3,1,1,1,0.1818,1.0,0
3,3,1,1,0.1515,0.8,0
3,4,1,1,0.1515,0.8,0
3,5,1,1,0.1818,0.75,0
3,6,1,1,0.1818,0.75,0
3,7,1,1,0.1667,0.75,0
3,8,1,1,0.1818,0.75,0
3,9,1,1,0.1818,0.64,0
3,10,1,1,0.2121,0.6,0
3,11,1,1,0.2121,0.48,0
3,12,1,1,0.2727,0.42,0
3,13,1,1,0.2879,0.36,0
3,14,1,1,0.2879,0.36,0
3,15,1,1,0.303,0.31,0
3,16,1,1,0.303,0.31,0
3,17,1,1,0.303,0.29,0
3,18,1,1,0.303,0.31,0
3,19,1,1,0.2879,0.33,0
3,20,1,1,0.303,0.33,0
3,21,1,1,0.2727,0.38,0
3,22,1,1,0.2576,0.48,0
3,23,1,1,0.3182,0.48,0
3,0,2,1,0.2879,0.48,0
3,1,2,1,0.2424,0.52,0
3,2,2,1,0.2424,0.52,0
3,3,2,1,0.2576,0.52,0
3,4,2,1,0.2727,0.64,0
3,5,2,1,0.2273,0.69,0
3,6,2,1,0.2576,0.59,0
3,7,2,1,0.197,0.64,0
3,8,2,1,0.2273,0.55,0
3,9,2,1,0.2576,0.41,0
3,10,2,1,0.2879,0.33,0
3,11,2,1,0.3485,0.25,0
3,12,2,1,0.3788,0.23,0
3,13,2,1,0.3939,0.25,0
3,14,2,1,0.3939,0.2,0
3,15,2,1,0.3788,0.18,0
3,16,2,1,0.3939,0.27,0
3,17,2,1,0.3485,0.27,0
3,18,2,1,0.3333,0.27,0
3,19,2,1,0.3485,0.31,0
3,20,2,1,0.3333,0.39,0
3,21,2,1,0.2879,0.49,0
3,22,2,1,0.2879,0.49,0
3,23,2,1,0.2727,0.61,0
3,0,3,1,0.2879,0.65,0
3,1,3,1,0.2727,0.52,0
3,2,3,1,0.2727,0.52,0
3,3,3,1,0.2576,0.7,0
3,4,3,1,0.2576,0.75,0
3,5,3,1,0.2424,0.81,0
3,6,3,1,0.2576,0.85,0
3,7,3,1,0.2424,0.87,0
3,8,3,1,0.2424,0.87,0
3,9,3,1,0.2424,0.87,0
3,10,3,1,0.2879,0.75,0
3,11,3,1,0.2879,0.76,0
3,12,3,1,0.303,0.76,0
3,13,3,1,0.2879,0.76,0
3,14,3,1,0.303,0.76,0
3,15,3,1,0.3333,0.71,0
3,16,3,1,0.303,0.76,0
3,17,3,1,0.303,0.76,0
3,18,3,1,0.3182,0.76,0
3,19,3,1,0.303,0.76,0
3,20,3,1,0.3182,0.87,0
3,21,3,1,0.303,0.93,0
3,22,3,1,0.3182,0.93,0
3,23,3,1,0.3333,0.93,0
3,0,4,1,0.3182,0.0,0
3,1,4,1,0.3182,0.0,0
3,2,4,1,0.3182,0.0,0
3,5,4,1,0.3485,0.0,0
3,6,4,1,0.3333,0.0,0
3,7,4,1,0.3939,0.0,0
3,8,4,1,0.3939,0.0,0
3,9,4,1,0.4091,0.0,0
3,10,4,1,0.4091,0.0,0
3,11,4,1,0.4091,0.0,0
3,12,4,1,0.4242,0.0,0
3,13,4,1,0.4242,0.0,0
3,14,4,1,0.4394,0.0,0
3,15,4,1,0.4394,0.0,0
3,16,4,1,0.4242,0.0,0
3,17,4,1,0.4394,0.0,0
3,18,4,1,0.4394,0.0,0
3,19,4,1,0.4394,0.0,0
3,20,4,1,0.3333,0.0,0
3,21,4,1,0.3485,0.0,0
3,22,4,1,0.3333,0.0,0
3,23,4,1,0.3485,0.0,0
3,0,5,1,0.3485,1.0,0
3,1,5,1,0.3485,1.0,0
3,2,5,1,0.3485,1.0,0
3,3,5,1,0.3333,0.93,0
3,5,5,1,0.2879,0.81,0
3,6,5,1,0.2424,0.81,0
3,7,5,1,0.2576,0.7,0
3,8,5,1,0.2727,0.7,0
3,9,5,1,0.2879,0.61,0
3,10,5,1,0.303,0.57,0
3,11,5,1,0.303,0.57,0
3,12,5,1,0.3182,0.53,0
3,13,5,1,0.3333,0.53,0
3,14,5,1,0.3333,0.5,0
3,15,5,1,0.3182,0.53,0
3,16,5,1,0.303,0.49,0
3,17,5,1,0.3182,0.49,0
3,18,5,1,0.303,0.49,0
3,19,5,1,0.2727,0.56,0
3,20,5,1,0.303,0.56,0
3,21,5,1,0.2879,0.52,0
3,22,5,1,0.303,0.52,0
3,23,5,1,0.2879,0.52,0
3,0,6,0,0.2727,0.6,0
3,1,6,0,0.2273,0.65,0
3,2,6,0,0.2273,0.65,0
3,3,6,0,0.2273,0.65,0
3,4,6,0,0.2273,0.65,0
3,5,6,0,0.2273,0.69,0
3,6,6,0,0.2121,0.75,0
3,7,6,0,0.2273,0.7,0
3,8,6,0,0.2576,0.65,0
3,9,6,0,0.2879,0.65,0
3,10,6,0,0.303,0.66,1
3,11,6,0,0.303,0.49,1
3,12,6,0,0.3182,0.53,1
3,13,6,0,0.3333,0.51,1
3,14,6,0,0.4091,0.5,1
3,15,6,0,0.4242,0.44,1
3,16,6,0,0.4545,0.41,1
3,17,6,0,0.4545,0.44,0
3,18,6,0,0.4242,0.54,0
3,19,6,0,0.4242,0.54,0
3,20,6,0,0.4091,0.58,0
3,21,6,0,0.3939,0.62,0
3,22,6,0,0.3788,0.71,0
3,23,6,0,0.3939,0.66,0
3,0,0,0,0.3939,0.62,0
3,1,0,0,0.3485,0.66,0
3,3,0,0,0.3333,0.76,0
3,4,0,0,0.3333,0.66,0
3,5,0,0,0.3485,0.62,0
3,6,0,0,0.3636,0.66,0
3,7,0,0,0.3485,0.62,0
3,8,0,0,0.4091,0.5,0
3,9,0,0,0.4091,0.5,0
3,10,0,0,0.4242,0.47,1
3,11,0,0,0.4394,0.41,1
3,12,0,0,0.4545,0.38,1
3,13,0,0,0.4545,0.38,1
3,14,0,0,0.4545,0.41,1
3,15,0,0,0.4697,0.39,1
3,16,0,0,0.4545,0.41,1
3,17,0,0,0.4394,0.41,0
3,18,0,0,0.4091,0.43,0
3,19,0,0,0.3333,0.5,0
3,20,0,0,0.303,0.57,0
3,21,0,0,0.2879,0.56,0
3,22,0,0,0.2727,0.56,0
3,23,0,0,0.2576,0.65,0
3,0,1,1,0.2727,0.65,0
3,1,1,1,0.2879,0.65,0
3,2,1,1,0.2879,0.65,0
3,3,1,1,0.2727,0.65,0
3,5,1,1,0.2424,0.7,0
3,6,1,1,0.2727,0.65,0
3,7,1,1,0.3182,0.61,0
3,8,1,1,0.303,0.56,0
3,9,1,1,0.303,0.53,0
3,10,1,1,0.3182,0.42,0
3,11,1,1,0.3333,0.4,0
3,12,1,1,0.3939,0.37,0
3,13,1,1,0.3939,0.36,0
3,14,1,1,0.3939,0.34,0
3,15,1,1,0.3939,0.37,0
3,16,1,1,0.4091,0.35,0
3,17,1,1,0.3939,0.4,0
3,18,1,1,0.3636,0.4,0
3,19,1,1,0.3485,0.43,0
3,20,1,1,0.3182,0.46,0
3,21,1,1,0.3333,0.46,0
3,22,1,1,0.3333,0.49,0
3,23,1,1,0.3485,0.53,0
3,0,2,1,0.3485,0.53,0
3,1,2,1,0.303,0.62,0
3,2,2,1,0.303,0.62,0
3,4,2,1,0.2576,0.75,0
3,5,2,1,0.2273,0.75,0
3,6,2,1,0.2273,0.8,0
3,7,2,1,0.2424,0.75,0
3,8,2,1,0.2879,0.7,0
3,9,2,1,0.3333,0.7,0
3,10,2,1,0.3182,0.66,0
3,11,2,1,0.3182,0.57,0
3,12,2,1,0.3485,0.5,0
3,13,2,1,0.3333,0.57,0
3,14,2,1,0.3939,0.46,0
3,15,2,1,0.3939,0.43,0
3,16,2,1,0.3939,0.46,0
3,17,2,1,0.3485,0.62,0
3,18,2,1,0.3333,0.62,0
3,19,2,1,0.3182,0.71,0
3,20,2,1,0.3182,0.71,0
3,21,2,1,0.3333,0.81,0
3,22,2,1,0.3182,0.87,0
3,23,2,1,0.3182,0.87,0
3,0,3,1,0.2879,0.93,0
3,1,3,1,0.2727,1.0,0
3,3,3,1,0.2727,1.0,0
3,4,3,1,0.303,0.93,0
3,5,3,1,0.3182,0.93,0
3,6,3,1,0.3182,0.93,0
3,7,3,1,0.2879,0.93,0
3,8,3,1,0.3182,0.93,0
3,9,3,1,0.3333,0.93,0
3,10,3,1,0.3485,0.81,0
3,11,3,1,0.3485,0.81,0
3,12,3,1,0.4091,0.71,0
3,13,3,1,0.4091,0.76,0
3,14,3,1,0.4091,0.76,0
3,15,3,1,0.4091,0.76,0
3,16,3,1,0.4091,0.76,0
3,17,3,1,0.4394,0.54,0
3,18,3,1,0.4394,0.54,0
3,19,3,1,0.4394,0.51,0
3,20,3,1,0.4242,0.54,0
3,21,3,1,0.4242,0.58,0
3,22,3,1,0.4091,0.62,0
3,23,3,1,0.4091,0.65,0
3,0,4,1,0.3939,0.66,0
3,1,4,1,0.3485,0.71,0
3,2,4,1,0.303,0.71,0
3,3,4,1,0.3333,0.66,0
3,4,4,1,0.3333,0.71,0
3,5,4,1,0.3333,0.76,0
3,6,4,1,0.3182,0.76,0
3,7,4,1,0.3333,0.76,0
3,8,4,1,0.3485,0.66,0
3,9,4,1,0.4091,0.62,0
3,10,4,1,0.4394,0.54,0
3,11,4,1,0.4394,0.54,0
3,12,4,1,0.4848,0.45,0
3,13,4,1,0.5,0.42,0
3,14,4,1,0.4848,0.45,0
3,15,4,1,0.5,0.42,0
3,16,4,1,0.4848,0.48,0
3,17,4,1,0.4848,0.42,0
3,18,4,1,0.4545,0.59,0
3,19,4,1,0.4394,0.58,0
3,20,4,1,0.4242,0.67,0
3,21,4,1,0.4242,0.62,0
3,22,4,1,0.4091,0.66,0
3,23,4,1,0.4242,0.62,0
3,0,5,1,0.4242,0.58,0
3,1,5,1,0.4091,0.62,0
3,2,5,1,0.4091,0.62,0
3,3,5,1,0.3485,0.71,0
3,5,5,1,0.3939,0.66,0
3,6,5,1,0.4091,0.66,0
3,7,5,1,0.4091,0.66,0
3,8,5,1,0.4242,0.67,0
3,9,5,1,0.4545,0.63,0
3,10,5,1,0.5,0.53,0
3,11,5,1,0.5152,0.52,0
3,12,5,1,0.5303,0.49,0
3,13,5,1,0.6212,0.41,0
3,14,5,1,0.6212,0.39,0
3,15,5,1,0.6364,0.39,0
3,16,5,1,0.6364,0.39,0
3,17,5,1,0.6364,0.37,0
3,18,5,1,0.6364,0.39,0
3,19,5,1,0.6212,0.44,0
3,20,5,1,0.6212,0.46,0
3,21,5,1,0.6212,0.46,0
3,22,5,1,0.6212,0.5,0
3,23,5,1,0.6212,0.53,0
3,0,6,0,0.6212,0.53,0
3,1,6,0,0.5455,0.46,0
3,2,6,0,0.5303,0.43,0
3,3,6,0,0.5152,0.39,0
3,4,6,0,0.5,0.34,0
3,5,6,0,0.5,0.34,0
3,6,6,0,0.4394,0.44,0
3,7,6,0,0.4091,0.5,0
3,8,6,0,0.4242,0.47,0
3,9,6,0,0.4242,0.44,0
3,10,6,0,0.4394,0.38,1
3,11,6,0,0.4545,0.36,1
3,12,6,0,0.4545,0.33,1
3,13,6,0,0.4848,0.34,1
3,14,6,0,0.4848,0.31,1
3,15,6,0,0.4848,0.29,1
3,16,6,0,0.4848,0.31,1
3,17,6,0,0.4697,0.31,0
3,18,6,0,0.4545,0.31,0
3,19,6,0,0.4394,0.33,0
3,20,6,0,0.4242,0.35,0
3,21,6,0,0.4091,0.37,0
3,22,6,0,0.4091,0.37,0
3,23,6,0,0.3939,0.4,0
3,0,0,0,0.303,0.49,0
3,1,0,0,0.2879,0.53,0
3,2,0,0,0.2879,0.52,0
3,3,0,0,0.2727,0.56,0
3,4,0,0,0.2576,0.56,0
3,5,0,0,0.2576,0.6,0
3,6,0,0,0.2576,0.6,0
3,7,0,0,0.2273,0.6,0
3,8,0,0,0.2727,0.56,0
3,9,0,0,0.303,0.52,0
3,10,0,0,0.3485,0.45,1
3,11,0,0,0.3485,0.39,1
3,12,0,0,0.3636,0.4,1
3,13,0,0,0.3939,0.34,1
3,14,0,0,0.4091,0.3,1
3,15,0,0,0.4091,0.32,1
3,16,0,0,0.4242,0.32,1
3,17,0,0,0.4091,0.35,0
3,18,0,0,0.3939,0.4,0
3,19,0,0,0.3333,0.43,0
3,20,0,0,0.3333,0.46,0
3,21,0,0,0.3182,0.53,0
3,22,0,0,0.303,0.53,0
3,23,0,0,0.303,0.61,0
3,0,1,1,0.303,0.66,0
3,1,1,1,0.303,0.71,0
3,2,1,1,0.303,0.71,0
3,3,1,1,0.303,0.71,0
3,5,1,1,0.303,0.81,0
3,6,1,1,0.303,0.76,0
3,7,1,1,0.2727,0.87,0
3,8,1,1,0.2727,0.87,0
3,9,1,1,0.303,0.81,0
3,10,1,1,0.3939,0.76,0
3,11,1,1,0.4242,0.71,0
3,12,1,1,0.4394,0.77,0
3,13,1,1,0.4848,0.63,0
3,14,1,1,0.5152,0.64,0
3,15,1,1,0.5303,0.6,0
3,16,1,1,0.5152,0.64,0
3,17,1,1,0.5152,0.64,0
3,18,1,1,0.5,0.72,0
3,19,1,1,0.5455,0.6,0
3,20,1,1,0.5303,0.64,0
3,21,1,1,0.4545,0.94,0
3,22,1,1,0.4545,0.88,0
3,23,1,1,0.4545,0.88,0
3,0,2,1,0.4545,0.88,0
3,1,2,1,0.4242,1.0,0
3,2,2,1,0.4394,0.94,0
3,3,2,1,0.4394,0.82,0
3,4,2,1,0.4242,0.82,0
3,5,2,1,0.4091,0.87,0
3,6,2,1,0.4091,0.87,0
3,7,2,1,0.4091,0.76,0
3,8,2,1,0.4091,0.58,0
3,9,2,1,0.4091,0.58,0
3,10,2,1,0.4394,0.54,0
3,11,2,1,0.4394,0.51,0
3,12,2,1,0.4545,0.47,0
3,13,2,1,0.4848,0.45,0
3,14,2,1,0.4848,0.42,0
3,15,2,1,0.4848,0.42,0
3,16,2,1,0.4848,0.42,0
3,17,2,1,0.4848,0.42,0
3,18,2,1,0.4697,0.44,0
3,19,2,1,0.4394,0.54,0
3,20,2,1,0.4394,0.54,0
3,21,2,1,0.4242,0.54,0
3,22,2,1,0.4091,0.58,0
3,23,2,1,0.4091,0.58,0
3,0,3,1,0.3485,0.71,0
3,1,3,1,0.3182,0.76,0
3,2,3,1,0.3182,0.76,0
3,3,3,1,0.3182,0.76,0
3,5,3,1,0.3182,0.87,0
3,6,3,1,0.3182,0.87,0
3,7,3,1,0.303,0.93,0
3,8,3,1,0.3182,0.87,0
3,9,3,1,0.303,0.81,0
3,10,3,1,0.3182,0.81,0
3,11,3,1,0.3333,0.87,0
3,12,3,1,0.3182,0.87,0
3,13,3,1,0.3333,0.87,0
3,14,3,1,0.3636,0.87,0
3,15,3,1,0.3939,0.82,0
3,16,3,1,0.4091,0.76,0
3,17,3,1,0.4091,0.76,0
3,18,3,1,0.3939,0.82,0
3,19,3,1,0.3939,0.82,0
3,20,3,1,0.303,0.87,0
3,21,3,1,0.2879,1.0,0
3,22,3,1,0.3182,0.93,0
3,23,3,1,0.3333,0.9,0
3,0,4,1,0.303,0.93,0
3,1,4,1,0.2879,1.0,0
3,2,4,1,0.2879,1.0,0
3,3,4,1,0.2727,1.0,0
3,4,4,1,0.2727,1.0,0
3,5,4,1,0.2727,0.93,0
3,6,4,1,0.2727,0.93,0
3,7,4,1,0.2576,1.0,0
3,8,4,1,0.2273,1.0,0
3,9,4,1,0.2576,0.93,0
3,10,4,1,0.2273,0.93,0
3,11,4,1,0.2727,0.81,0
3,12,4,1,0.2727,0.7,0
3,13,4,1,0.303,0.7,0
3,14,4,1,0.303,0.7,0
3,15,4,1,0.2879,0.7,0
3,16,4,1,0.2879,0.65,0
3,17,4,1,0.2879,0.7,0
3,18,4,1,0.2727,0.61,0
3,19,4,1,0.2727,0.56,0
3,20,4,1,0.2576,0.61,0
3,21,4,1,0.2576,0.65,0
3,22,4,1,0.2576,0.65,0
3,23,4,1,0.2273,0.65,0
3,0,5,1,0.2273,0.6,0
3,1,5,1,0.2121,0.69,0
3,2,5,1,0.197,0.69,0
3,3,5,1,0.2273,0.69,0
3,4,5,1,0.2121,0.74,0
3,5,5,1,0.197,0.74,0
3,6,5,1,0.1818,0.74,0
3,7,5,1,0.1818,0.59,0
3,8,5,1,0.2121,0.51,0
3,9,5,1,0.2121,0.48,0
3,10,5,1,0.2576,0.48,0
3,11,5,1,0.2879,0.45,0
3,12,5,1,0.303,0.42,0
3,13,5,1,0.3182,0.39,0
3,14,5,1,0.3333,0.32,0
3,15,5,1,0.3182,0.36,0
3,16,5,1,0.303,0.34,0
3,17,5,1,0.2879,0.36,0
3,18,5,1,0.2879,0.39,0
3,19,5,1,0.2879,0.36,0
3,20,5,1,0.303,0.39,0
3,21,5,1,0.303,0.39,0
3,22,5,1,0.2576,0.38,0
3,23,5,1,0.2424,0.38,0
3,0,6,0,0.2424,0.38,0
3,1,6,0,0.2273,0.38,0
3,2,6,0,0.2121,0.44,0
3,3,6,0,0.197,0.47,0
3,4,6,0,0.2121,0.44,0
3,5,6,0,0.197,0.51,0
3,6,6,0,0.1818,0.55,0
3,7,6,0,0.197,0.51,0
3,8,6,0,0.2273,0.44,0
3,9,6,0,0.2424,0.41,0
3,10,6,0,0.2576,0.41,1
3,11,6,0,0.2727,0.38,1
3,12,6,0,0.2879,0.36,1
3,13,6,0,0.303,0.33,1
3,14,6,0,0.3182,0.29,1
3,15,6,0,0.3333,0.29,1
3,16,6,0,0.3333,0.23,1
3,17,6,0,0.303,0.24,0
3,18,6,0,0.3182,0.21,0
3,19,6,0,0.2727,0.45,0
3,20,6,0,0.2727,0.45,0
3,21,6,0,0.2576,0.44,0
3,22,6,0,0.2727,0.41,0
3,23,6,0,0.2424,0.44,0
3,0,0,0,0.2576,0.41,0
3,1,0,0,0.2273,0.52,0
3,2,0,0,0.2273,0.55,0
3,3,0,0,0.197,0.69,0
3,4,0,0,0.197,0.74,0
3,6,0,0,0.1818,0.86,0
3,7,0,0,0.1667,0.86,0
3,8,0,0,0.197,0.69,0
3,9,0,0,0.2273,0.55,0
3,10,0,0,0.2121,0.55,1
3,11,0,0,0.2424,0.48,1
3,12,0,0,0.2576,0.44,1
3,13,0,0,0.2879,0.39,1
3,14,0,0,0.3182,0.36,1
3,15,0,0,0.303,0.36,1
3,16,0,0,0.3333,0.34,1
3,17,0,0,0.303,0.31,0
3,18,0,0,0.2879,0.33,0
3,19,0,0,0.2879,0.31,0
3,20,0,0,0.2727,0.36,0
3,21,0,0,0.2576,0.41,0
3,22,0,0,0.2576,0.41,0
3,23,0,0,0.2576,0.44,0
3,0,1,1,0.2273,0.55,0
3,1,1,1,0.2273,0.44,0
3,2,1,1,0.2273,0.44,0
3,3,1,1,0.2273,0.44,0
3,5,1,1,0.1818,0.43,0
3,6,1,1,0.1667,0.34,0
3,7,1,1,0.1818,0.32,0
3,8,1,1,0.197,0.34,0
3,9,1,1,0.2121,0.32,0
3,10,1,1,0.2273,0.3,0
3,11,1,1,0.2424,0.3,0
3,12,1,1,0.2727,0.25,0
3,13,1,1,0.2879,0.24,0
3,14,1,1,0.303,0.22,0
3,15,1,1,0.303,0.24,0
3,16,1,1,0.3182,0.23,0
3,17,1,1,0.303,0.23,0
3,18,1,1,0.303,0.21,0
3,19,1,1,0.303,0.22,0
3,20,1,1,0.3333,0.22,0
3,21,1,1,0.3333,0.21,0
3,22,1,1,0.2879,0.22,0
3,23,1,1,0.2576,0.24,0
3,0,2,1,0.2273,0.28,0
3,1,2,1,0.2121,0.32,0
3,2,2,1,0.2121,0.32,0
3,3,2,1,0.2121,0.32,0
3,4,2,1,0.2121,0.44,0
3,5,2,1,0.2121,0.37,0
3,6,2,1,0.2121,0.41,0
3,7,2,1,0.197,0.41,0
3,8,2,1,0.2121,0.35,0
3,9,2,1,0.2576,0.28,0
3,10,2,1,0.2727,0.24,0
3,11,2,1,0.303,0.25,0
3,12,2,1,0.3333,0.25,0
3,13,2,1,0.303,0.25,0
3,14,2,1,0.3333,0.25,0
3,15,2,1,0.3939,0.25,0
3,16,2,1,0.3939,0.22,0
3,17,2,1,0.4091,0.2,0
3,18,2,1,0.3636,0.21,0
3,19,2,1,0.3333,0.23,0
3,20,2,1,0.3636,0.21,0
3,21,2,1,0.3636,0.42,0
3,22,2,1,0.3636,0.49,0
3,23,2,1,0.3333,0.57,0
3,0,3,1,0.3485,0.57,0
3,1,3,1,0.3485,0.39,0
3,2,3,1,0.3485,0.57,0
3,3,3,1,0.3485,0.49,0
3,4,3,1,0.3485,0.57,0
3,5,3,1,0.2879,0.56,0
3,6,3,1,0.303,0.49,0
3,7,3,1,0.3333,0.45,0
3,8,3,1,0.3182,0.49,0
3,9,3,1,0.303,0.45,0
3,10,3,1,0.3182,0.46,0
3,11,3,1,0.3182,0.46,0
3,12,3,1,0.3333,0.46,0
3,13,3,1,0.3485,0.46,0
3,14,3,1,0.3333,0.46,0
3,15,3,1,0.2576,0.81,0
3,16,3,1,0.2727,0.87,0
3,17,3,1,0.2727,0.93,0
3,18,3,1,0.2576,0.93,0
3,19,3,1,0.2576,0.93,0
3,20,3,1,0.2121,0.93,0
3,21,3,1,0.2273,0.93,0
3,22,3,1,0.2273,0.93,0
3,23,3,1,0.2121,0.93,0
3,0,4,1,0.2273,0.93,0
3,1,4,1,0.2273,0.93,0
3,2,4,1,0.2273,0.93,0
3,3,4,1,0.2273,0.93,0
3,4,4,1,0.2273,0.93,0
3,5,4,1,0.2273,0.93,0
3,6,4,1,0.2121,0.93,0
3,7,4,1,0.2273,0.93,0
3,8,4,1,0.2273,1.0,0
3,9,4,1,0.2424,0.93,0
3,10,4,1,0.2424,0.93,0
3,11,4,1,0.2727,0.93,0
3,12,4,1,0.2727,0.93,0
3,13,4,1,0.303,0.87,0
3,14,4,1,0.303,0.87,0
3,15,4,1,0.2727,0.87,0
3,16,4,1,0.2879,0.87,0
3,17,4,1,0.2879,0.87,0
3,18,4,1,0.303,0.87,0
3,19,4,1,0.303,0.87,0
3,20,4,1,0.2576,0.93,0
3,21,4,1,0.2727,0.93,0
3,22,4,1,0.2727,0.93,0
3,23,4,1,0.2576,1.0,0
4,0,5,1,0.2576,1.0,0
4,1,5,1,0.2576,1.0,0
4,2,5,1,0.2576,0.93,0
4,3,5,1,0.2273,0.93,0
4,4,5,1,0.2273,0.93,0
4,5,5,1,0.2273,0.93,0
4,6,5,1,0.2273,0.93,0
4,7,5,1,0.2424,0.93,0
4,8,5,1,0.2424,0.87,0
4,9,5,1,0.2879,0.7,0
4,10,5,1,0.303,0.66,0
4,11,5,1,0.2879,0.61,0
4,12,5,1,0.303,0.53,0
4,13,5,1,0.3333,0.5,0
4,14,5,1,0.3333,0.46,0
4,15,5,1,0.303,0.46,0
4,16,5,1,0.303,0.46,0
4,17,5,1,0.303,0.46,0
4,18,5,1,0.303,0.46,0
4,19,5,1,0.303,0.49,0
4,20,5,1,0.3182,0.53,0
4,21,5,1,0.3333,0.53,0
4,22,5,1,0.303,0.56,0
4,23,5,1,0.3182,0.61,0
4,0,6,0,0.3333,0.61,0
4,1,6,0,0.2727,0.65,0
4,2,6,0,0.2424,0.75,0
4,3,6,0,0.2424,0.7,0
4,4,6,0,0.2424,0.7,0
4,5,6,0,0.2424,0.75,0
4,6,6,0,0.2727,0.7,0
4,7,6,0,0.2727,0.7,0
4,8,6,0,0.3182,0.7,0
4,9,6,0,0.3485,0.66,0
4,10,6,0,0.3485,0.57,1
4,11,6,0,0.4091,0.47,1
4,12,6,0,0.3333,0.81,1
4,13,6,0,0.3333,0.81,1
4,14,6,0,0.303,0.76,1
4,15,6,0,0.303,0.76,1
4,16,6,0,0.3939,0.62,1
4,17,6,0,0.3939,0.54,0
4,18,6,0,0.3939,0.54,0
4,19,6,0,0.3333,0.53,0
4,20,6,0,0.3182,0.53,0
4,21,6,0,0.303,0.61,0
4,22,6,0,0.303,0.61,0
4,23,6,0,0.3182,0.61,0
4,0,0,0,0.2879,0.65,0
4,1,0,0,0.3182,0.61,0
4,2,0,0,0.2727,0.7,0
4,3,0,0,0.3333,0.61,0
4,4,0,0,0.303,0.7,0
4,5,0,0,0.2727,0.65,0
4,6,0,0,0.2727,0.65,0
4,7,0,0,0.303,0.57,0
4,8,0,0,0.3333,0.57,0
4,9,0,0,0.3182,0.5,0
4,10,0,0,0.4091,0.43,1
4,11,0,0,0.4242,0.41,1
4,12,0,0,0.4394,0.38,1
4,13,0,0,0.4394,0.33,1
4,14,0,0,0.4545,0.31,1
4,15,0,0,0.4545,0.33,1
4,16,0,0,0.4545,0.31,1
4,17,0,0,0.4545,0.28,0
4,18,0,0,0.4545,0.31,0
4,19,0,0,0.4242,0.44,0
4,20,0,0,0.4242,0.41,0
4,21,0,0,0.4242,0.44,0
4,22,0,0,0.4091,0.43,0
4,23,0,0,0.4091,0.5,0
4,0,1,1,0.4091,0.5,0
4,1,1,1,0.4091,0.56,0
4,2,1,1,0.3939,0.66,0
4,3,1,1,0.3939,0.66,0
4,4,1,1,0.3939,0.71,0
4,5,1,1,0.4091,0.62,0
4,6,1,1,0.4242,0.58,0
4,7,1,1,0.4394,0.54,0
4,8,1,1,0.4545,0.55,0
4,9,1,1,0.4848,0.51,0
4,10,1,1,0.5152,0.45,0
4,11,1,1,0.6212,0.4,0
4,12,1,1,0.6212,0.36,0
4,13,1,1,0.6364,0.34,0
4,14,1,1,0.6515,0.27,0
4,15,1,1,0.6667,0.23,0
4,16,1,1,0.6515,0.22,0
4,17,1,1,0.6515,0.23,0
4,18,1,1,0.6364,0.23,0
4,19,1,1,0.6364,0.24,0
4,20,1,1,0.6364,0.24,0
4,21,1,1,0.6364,0.3,0
4,22,1,1,0.6364,0.36,0
4,23,1,1,0.6212,0.47,0
4,0,2,1,0.6212,0.5,0
4,1,2,1,0.6212,0.57,0
4,2,2,1,0.5152,0.73,0
4,3,2,1,0.5152,0.73,0
4,4,2,1,0.4848,0.88,0
4,5,2,1,0.4545,0.94,0
4,6,2,1,0.4697,0.88,0
4,7,2,1,0.4697,0.88,0
4,8,2,1,0.3939,0.87,0
4,9,2,1,0.3182,0.87,0
4,10,2,1,0.303,0.81,0
4,11,2,1,0.2879,0.81,0
4,12,2,1,0.303,0.71,0
4,13,2,1,0.3333,0.63,0
4,14,2,1,0.3182,0.57,0
4,15,2,1,0.4091,0.46,0
4,16,2,1,0.3939,0.46,0
4,17,2,1,0.4242,0.38,0
4,18,2,1,0.3939,0.4,0
4,19,2,1,0.3333,0.43,0
4,20,2,1,0.3182,0.46,0
4,21,2,1,0.2879,0.46,0
4,22,2,1,0.303,0.49,0
4,23,2,1,0.2879,0.49,0
4,0,3,1,0.3182,0.49,0
4,1,3,1,0.2727,0.6,0
4,2,3,1,0.2424,0.7,0
4,3,3,1,0.2727,0.6,0
4,4,3,1,0.2424,0.65,0
4,5,3,1,0.2576,0.7,0
4,6,3,1,0.2576,0.7,0
4,7,3,1,0.2727,0.65,0
4,8,3,1,0.303,0.61,0
4,9,3,1,0.3333,0.46,0
4,10,3,1,0.4091,0.37,0
4,11,3,1,0.4242,0.38,0
4,12,3,1,0.4394,0.41,0
4,13,3,1,0.4545,0.38,0
4,14,3,1,0.4848,0.34,0
4,15,3,1,0.5,0.32,0
4,16,3,1,0.5152,0.28,0
4,17,3,1,0.5,0.32,0
4,18,3,1,0.5,0.29,0
4,19,3,1,0.4848,0.31,0
4,20,3,1,0.4545,0.51,0
4,21,3,1,0.4545,0.41,0
4,22,3,1,0.4545,0.41,0
4,23,3,1,0.4545,0.41,0
4,0,4,1,0.4545,0.41,0
4,1,4,1,0.4242,0.47,0
4,2,4,1,0.4242,0.54,0
4,3,4,1,0.3485,0.66,0
4,4,4,1,0.3333,0.76,0
4,5,4,1,0.3182,0.76,0
4,6,4,1,0.303,0.81,0
4,7,4,1,0.3333,0.76,0
4,8,4,1,0.3485,0.76,0
4,9,4,1,0.4091,0.66,0
4,10,4,1,0.4242,0.67,0
4,11,4,1,0.4545,0.55,0
4,12,4,1,0.4545,0.55,0
4,13,4,1,0.5,0.48,0
4,14,4,1,0.5303,0.43,0
4,15,4,1,0.6212,0.38,0
4,16,4,1,0.6212,0.35,0
4,17,4,1,0.5,0.52,0
4,18,4,1,0.4697,0.55,0
4,19,4,1,0.4545,0.59,0
4,20,4,1,0.4394,0.62,0
4,21,4,1,0.4394,0.67,0
4,22,4,1,0.4091,0.76,0
4,23,4,1,0.3939,0.76,0
4,0,5,1,0.3485,0.76,0
4,1,5,1,0.3333,0.76,0
4,2,5,1,0.3333,0.76,0
4,3,5,1,0.3333,0.76,0
4,4,5,1,0.3333,0.86,0
4,5,5,1,0.3182,0.87,0
4,6,5,1,0.3636,0.87,0
4,7,5,1,0.3333,0.87,0
4,8,5,1,0.3333,0.87,0
4,9,5,1,0.3485,0.76,0
4,10,5,1,0.3333,0.71,0
4,11,5,1,0.4091,0.62,0
4,12,5,1,0.3939,0.66,0
4,13,5,1,0.3333,0.76,0
4,14,5,1,0.3182,0.87,0
4,15,5,1,0.3182,0.87,0
4,16,5,1,0.303,0.93,0
4,17,5,1,0.303,0.93,0
4,18,5,1,0.303,0.93,0
4,19,5,1,0.2727,0.93,0
4,20,5,1,0.2727,0.93,0
4,21,5,1,0.2879,0.93,0
4,22,5,1,0.2727,0.93,0
4,23,5,1,0.2879,0.93,0
4,0,6,0,0.2879,0.87,0
4,1,6,0,0.303,0.87,0
4,2,6,0,0.303,0.87,0
4,3,6,0,0.2879,1.0,0
4,4,6,0,0.2727,1.0,0
4,5,6,0,0.2879,0.93,0
4,6,6,0,0.2879,0.93,0
4,7,6,0,0.303,0.93,0
4,8,6,0,0.303,0.93,0
4,9,6,0,0.3485,0.87,0
4,10,6,0,0.3333,0.87,1
4,11,6,0,0.3636,0.81,1
4,12,6,0,0.3485,0.81,1
4,13,6,0,0.3788,0.81,1
4,14,6,0,0.3485,0.81,1
4,15,6,0,0.3788,0.87,1
4,16,6,0,0.3939,0.82,1
4,17,6,0,0.3939,0.82,0
4,18,6,0,0.3939,0.82,0
4,19,6,0,0.3939,0.82,0
4,20,6,0,0.3939,0.87,0
4,21,6,0,0.3485,0.93,0
4,22,6,0,0.3485,0.93,0
4,23,6,0,0.3939,0.87,0
4,0,0,0,0.3939,0.87,0
4,1,0,0,0.3939,0.87,0
4,2,0,0,0.3939,0.87,0
4,3,0,0,0.3939,0.87,0
4,4,0,0,0.3636,0.93,0
4,5,0,0,0.3636,0.93,0
4,6,0,0,0.3636,0.93,0
4,7,0,0,0.3636,1.0,0
4,8,0,0,0.3939,0.94,0
4,9,0,0,0.3939,0.94,0
4,10,0,0,0.4091,0.87,1
4,11,0,0,0.4091,0.87,1
4,12,0,0,0.4242,0.88,1
4,13,0,0,0.4545,0.82,1
4,14,0,0,0.4848,0.72,1
4,15,0,0,0.4848,0.77,1
4,16,0,0,0.5,0.72,1
4,17,0,0,0.5,0.72,0
4,18,0,0,0.4848,0.77,0
4,19,0,0,0.4848,0.77,0
4,20,0,0,0.4545,0.82,0
4,21,0,0,0.4394,0.88,0
4,22,0,0,0.4394,0.94,0
4,23,0,0,0.4545,0.88,0
4,0,1,1,0.4697,0.88,0
4,1,1,1,0.4545,0.94,0
4,2,1,1,0.4545,0.94,0
4,4,1,1,0.4545,0.94,0
4,5,1,1,0.4545,0.94,0
4,6,1,1,0.4545,1.0,0
4,7,1,1,0.4848,0.88,0
4,8,1,1,0.5,0.88,0
4,9,1,1,0.5303,0.83,0
4,10,1,1,0.5303,0.83,0
4,11,1,1,0.5909,0.73,0
4,12,1,1,0.5909,0.73,0
4,13,1,1,0.6061,0.69,0
4,14,1,1,0.6667,0.54,0
4,15,1,1,0.6667,0.48,0
4,16,1,1,0.6667,0.48,0
4,17,1,1,0.6667,0.48,0
4,18,1,1,0.6667,0.51,0
4,19,1,1,0.6667,0.51,0
4,20,1,1,0.6364,0.57,0
4,21,1,1,0.6212,0.61,0
4,22,1,1,0.6212,0.5,0
4,23,1,1,0.5455,0.6,0
4,0,2,1,0.6212,0.5,0
4,1,2,1,0.6212,0.5,0
4,2,2,1,0.6212,0.53,0
4,3,2,1,0.5455,0.56,0
4,4,2,1,0.5303,0.64,0
4,5,2,1,0.5152,0.68,0
4,6,2,1,0.5152,0.68,0
4,7,2,1,0.5152,0.68,0
4,8,2,1,0.4697,0.88,0
4,9,2,1,0.4545,0.94,0
4,10,2,1,0.4848,0.82,0
4,11,2,1,0.5,0.77,0
4,12,2,1,0.5303,0.64,0
4,13,2,1,0.5152,0.68,0
4,14,2,1,0.4848,0.82,0
4,15,2,1,0.4697,0.77,0
4,16,2,1,0.4697,0.77,0
4,17,2,1,0.4394,0.77,0
4,18,2,1,0.4394,0.77,0
4,19,2,1,0.4242,0.82,0
4,20,2,1,0.4242,0.82,0
4,21,2,1,0.4242,0.82,0
4,22,2,1,0.4091,0.94,0
4,23,2,1,0.4091,0.94,0
4,0,3,1,0.4091,1.0,0
4,1,3,1,0.4091,1.0,0
4,2,3,1,0.4091,1.0,0
4,3,3,1,0.4091,0.94,0
4,4,3,1,0.4091,0.94,0
4,5,3,1,0.3939,0.94,0
4,6,3,1,0.3939,0.94,0
4,7,3,1,0.3485,1.0,0
4,8,3,1,0.3939,0.94,0
4,9,3,1,0.3939,0.94,0
4,10,3,1,0.4091,0.87,0
4,11,3,1,0.4242,0.82,0
4,12,3,1,0.4242,0.82,0
4,13,3,1,0.4394,0.77,0
4,14,3,1,0.4242,0.77,0
4,15,3,1,0.4394,0.72,0
4,16,3,1,0.4545,0.67,0
4,17,3,1,0.4545,0.67,0
4,18,3,1,0.4394,0.62,0
4,19,3,1,0.4394,0.62,0
4,20,3,1,0.4394,0.62,0
4,21,3,1,0.4242,0.67,0
4,22,3,1,0.4242,0.67,0
4,23,3,1,0.4091,0.71,0
4,0,4,1,0.3939,0.76,0
4,1,4,1,0.3939,0.76,0
4,2,4,1,0.3485,0.76,0
4,3,4,1,0.3333,0.81,0
4,4,4,1,0.3636,0.76,0
4,5,4,1,0.3485,0.76,0
4,6,4,1,0.3485,0.76,0
4,7,4,1,0.3939,0.66,0
4,8,4,1,0.4242,0.58,0
4,9,4,1,0.4545,0.51,0
4,10,4,1,0.4848,0.51,0
4,11,4,1,0.5,0.45,0
4,12,4,1,0.5152,0.42,0
4,13,4,1,0.5303,0.37,0
4,14,4,1,0.5303,0.35,0
4,15,4,1,0.6212,0.31,0
4,16,4,1,0.6061,0.26,0
4,17,4,1,0.6061,0.28,0
4,18,4,1,0.5303,0.3,0
4,19,4,1,0.5152,0.32,0
4,20,4,1,0.4848,0.51,0
4,21,4,1,0.4545,0.63,0
4,22,4,1,0.4697,0.55,0
4,23,4,1,0.4545,0.59,0
4,0,5,0,0.4394,0.67,0
4,1,5,0,0.4394,0.62,0
4,2,5,0,0.4091,0.76,0
4,3,5,0,0.4091,0.76,0
4,4,5,0,0.3939,0.82,0
4,5,5,0,0.3636,0.81,0
4,6,5,0,0.3636,0.81,0
4,7,5,0,0.4091,0.71,0
4,8,5,0,0.4394,0.62,0
4,9,5,0,0.4848,0.55,0
4,10,5,0,0.4848,0.55,1
4,11,5,0,0.5,0.55,1
4,12,5,0,0.5,0.55,1
4,13,5,0,0.5152,0.52,1
4,14,5,0,0.5152,0.52,1
4,15,5,0,0.5152,0.52,1
4,16,5,0,0.5,0.55,1
4,17,5,0,0.4848,0.63,0
4,18,5,0,0.4545,0.67,0
4,19,5,0,0.4242,0.77,0
4,20,5,0,0.4091,0.76,0
4,21,5,0,0.4091,0.76,0
4,22,5,0,0.3939,0.82,0
4,23,5,0,0.3485,0.81,0
4,0,6,0,0.3485,0.81,0
4,1,6,0,0.3333,0.87,0
4,2,6,0,0.3485,0.87,0
4,3,6,0,0.3485,0.87,0
4,4,6,0,0.3485,0.87,0
4,5,6,0,0.3939,0.87,0
4,6,6,0,0.4091,0.82,0
4,7,6,0,0.4091,0.82,0
4,8,6,0,0.4091,0.87,0
4,9,6,0,0.4091,1.0,0
4,10,6,0,0.4242,0.94,1
4,11,6,0,0.4242,0.94,1
4,12,6,0,0.4545,0.88,1
4,13,6,0,0.4545,0.94,1
4,14,6,0,0.5,0.83,1
4,15,6,0,0.5,0.83,1
4,16,6,0,0.4848,0.88,1
4,17,6,0,0.4848,0.88,0
4,18,6,0,0.4848,0.94,0
4,19,6,0,0.5,0.94,0
4,20,6,0,0.4394,0.94,0
4,21,6,0,0.4394,0.94,0
4,22,6,0,0.4242,1.0,0
4,23,6,0,0.4394,0.77,0
4,0,0,0,0.4394,0.77,0
4,1,0,0,0.4242,0.67,0
4,2,0,0,0.4091,0.62,0
4,3,0,0,0.4091,0.66,0
4,4,0,0,0.3636,0.76,0
4,5,0,0,0.3485,0.71,0
4,6,0,0,0.3182,0.66,0
4,7,0,0,0.3333,0.5,0
4,8,0,0,0.3939,0.46,0
4,9,0,0,0.4091,0.43,0
4,10,0,0,0.4242,0.44,1
4,11,0,0,0.4545,0.41,1
4,12,0,0,0.4545,0.38,1
4,13,0,0,0.4848,0.34,1
4,14,0,0,0.5,0.34,1
4,15,0,0,0.5152,0.32,1
4,16,0,0,0.5152,0.3,1
4,17,0,0,0.5303,0.3,0
4,18,0,0,0.5303,0.3,0
4,19,0,0,0.5303,0.3,0
4,20,0,0,0.5,0.36,0
4,21,0,0,0.4848,0.42,0
4,22,0,0,0.4848,0.39,0
4,23,0,0,0.4394,0.67,0
4,0,1,1,0.4545,0.47,0
4,1,1,1,0.4545,0.47,0
4,2,1,1,0.4242,0.67,0
4,3,1,1,0.4242,0.62,0
4,4,1,1,0.4091,0.87,0
4,5,1,1,0.4091,0.76,0
4,6,1,1,0.4091,0.82,0
4,7,1,1,0.4545,0.63,0
4,8,1,1,0.4545,0.63,0
4,9,1,1,0.4848,0.55,0
4,10,1,1,0.5,0.55,0
4,11,1,1,0.5152,0.52,0
4,12,1,1,0.5303,0.49,0
4,13,1,1,0.5303,0.49,0
4,14,1,1,0.5455,0.49,0
4,15,1,1,0.6212,0.43,0
4,16,1,1,0.6212,0.46,0
4,17,1,1,0.5455,0.49,0
4,18,1,1,0.6212,0.31,0
4,19,1,1,0.5303,0.46,0
4,20,1,1,0.6212,0.33,0
4,21,1,1,0.5303,0.37,0
4,22,1,1,0.5,0.55,0
4,23,1,1,0.4848,0.59,0
4,0,2,1,0.4848,0.55,0
4,1,2,1,0.4545,0.63,0
4,2,2,1,0.4545,0.67,0
4,3,2,1,0.4697,0.63,0
4,4,2,1,0.4545,0.67,0
4,5,2,1,0.4545,0.72,0
4,6,2,1,0.4697,0.67,0
4,7,2,1,0.5,0.55,0
4,8,2,1,0.4848,0.68,0
4,9,2,1,0.5,0.63,0
4,10,2,1,0.4848,0.72,0
4,11,2,1,0.5152,0.68,0
4,12,2,1,0.5152,0.64,0
4,13,2,1,0.5152,0.68,0
4,14,2,1,0.5152,0.64,0
4,15,2,1,0.5152,0.65,0
4,16,2,1,0.5303,0.52,0
4,17,2,1,0.5303,0.6,0
4,18,2,1,0.5152,0.64,0
4,19,2,1,0.4848,0.72,0
4,20,2,1,0.4848,0.72,0
4,21,2,1,0.4848,0.72,0
4,22,2,1,0.4697,0.77,0
4,23,2,1,0.4545,0.88,0
4,0,3,1,0.4394,0.88,0
4,1,3,1,0.4242,0.94,0
4,2,3,1,0.4242,0.94,0
4,3,3,1,0.4242,0.94,0
4,4,3,1,0.4091,1.0,0
4,5,3,1,0.4091,0.94,0
4,6,3,1,0.4242,0.94,0
4,7,3,1,0.4394,0.94,0
4,8,3,1,0.6061,0.69,0
4,9,3,1,0.6212,0.61,0
4,10,3,1,0.6061,0.69,0
4,11,3,1,0.6061,0.69,0
4,12,3,1,0.6515,0.48,0
4,13,3,1,0.6515,0.48,0
4,14,3,1,0.6515,0.4,0
4,15,3,1,0.6667,0.35,0
4,16,3,1,0.6667,0.35,0
4,17,3,1,0.6515,0.37,0
4,18,3,1,0.6515,0.3,0
4,19,3,1,0.6364,0.32,0
4,20,3,1,0.6212,0.32,0
4,21,3,1,0.6212,0.36,0
4,22,3,1,0.6212,0.41,0
4,23,3,1,0.6212,0.4,0
4,0,4,1,0.5303,0.43,0
4,1,4,1,0.5,0.45,0
4,2,4,1,0.4848,0.42,0
4,3,4,1,0.4545,0.51,0
4,4,4,1,0.4394,0.54,0
4,5,4,1,0.4242,0.54,0
4,6,4,1,0.4091,0.58,0
4,7,4,1,0.4242,0.47,0
4,8,4,1,0.4091,0.5,0
4,9,4,1,0.4242,0.47,0
4,10,4,1,0.4242,0.44,0
4,11,4,1,0.4394,0.41,0
4,12,4,1,0.4545,0.38,0
4,13,4,1,0.4697,0.33,0
4,14,4,1,0.4848,0.34,0
4,15,4,1,0.5,0.29,0
4,16,4,1,0.5,0.27,0
4,17,4,1,0.4848,0.29,0
4,18,4,1,0.4848,0.25,0
4,19,4,1,0.4545,0.28,0
4,20,4,1,0.4394,0.3,0
4,21,4,1,0.4242,0.47,0
4,22,4,1,0.4242,0.38,0
4,23,4,1,0.4091,0.43,0
4,0,5,1,0.3485,0.62,0
4,1,5,1,0.3333,0.53,0
4,2,5,1,0.3333,0.53,0
4,3,5,1,0.3333,0.53,0
4,4,5,1,0.3182,0.53,0
4,5,5,1,0.3182,0.53,0
4,6,5,1,0.3182,0.53,0
4,7,5,1,0.3182,0.53,0
4,8,5,1,0.3182,0.53,0
4,9,5,1,0.303,0.61,0
4,10,5,1,0.3485,0.62,0
4,11,5,1,0.3333,0.66,0
4,12,5,1,0.3333,0.76,0
4,13,5,1,0.3333,0.87,0
4,14,5,1,0.3182,0.87,0
4,15,5,1,0.3333,0.87,0
4,16,5,1,0.3333,0.87,0
4,17,5,1,0.303,0.93,0
4,18,5,1,0.303,0.93,0
4,19,5,1,0.303,0.93,0
4,20,5,1,0.303,0.87,0
4,21,5,1,0.303,0.93,0
4,22,5,1,0.303,1.0,0
4,23,5,1,0.3333,0.93,0
4,0,6,0,0.3182,1.0,0
4,1,6,0,0.3182,1.0,0
4,2,6,0,0.3333,1.0,0
4,3,6,0,0.3333,1.0,0
4,4,6,0,0.3636,1.0,0
4,5,6,0,0.3636,1.0,0
4,6,6,0,0.3333,1.0,0
4,7,6,0,0.3333,1.0,0
4,8,6,0,0.3333,1.0,0
4,9,6,0,0.3939,0.94,0
4,10,6,0,0.4242,0.88,1
4,11,6,0,0.4545,0.88,1
4,12,6,0,0.5,0.83,1
4,13,6,0,0.5,0.83,1
4,14,6,0,0.5455,0.78,1
4,15,6,0,0.5909,0.73,1
4,16,6,0,0.5909,0.73,1
4,17,6,0,0.5909,0.73,0
4,18,6,0,0.5455,0.78,0
4,19,6,0,0.5303,0.83,0
4,20,6,0,0.5152,0.88,0
4,21,6,0,0.5303,0.83,0
4,22,6,0,0.5455,0.78,0
4,23,6,0,0.5152,0.88,0
4,0,0,0,0.5,0.83,0
4,1,0,0,0.4848,0.88,0
4,2,0,0,0.4848,0.88,0
4,3,0,0,0.4848,0.94,0
4,4,0,0,0.4848,0.94,0
4,5,0,0,0.4848,0.94,0
4,6,0,0,0.4848,1.0,0
4,7,0,0,0.4848,1.0,0
4,8,0,0,0.5,0.94,0
4,9,0,0,0.5303,0.88,0
4,10,0,0,0.5758,0.78,1
4,11,0,0,0.6212,0.65,1
4,12,0,0,0.6364,0.65,1
4,13,0,0,0.6515,0.58,1
4,14,0,0,0.6515,0.54,1
4,15,0,0,0.6212,0.61,1
4,16,0,0,0.6667,0.48,1
4,17,0,0,0.6212,0.65,0
4,18,0,0,0.6061,0.69,0
4,19,0,0,0.5606,0.83,0
4,20,0,0,0.5606,0.83,0
4,21,0,0,0.5152,0.94,0
4,22,0,0,0.5152,1.0,0
4,23,0,0,0.5152,1.0,0
4,0,1,1,0.5,1.0,0
4,1,1,1,0.5152,1.0,0
4,2,1,1,0.5152,1.0,0
4,3,1,1,0.4848,1.0,0
4,4,1,1,0.5,1.0,0
4,5,1,1,0.4545,1.0,0
4,6,1,1,0.4848,1.0,0
4,7,1,1,0.5,1.0,0
4,8,1,1,0.5303,0.88,0
4,9,1,1,0.5606,0.83,0
4,10,1,1,0.6061,0.73,0
4,11,1,1,0.6061,0.73,0
4,12,1,1,0.6212,0.74,0
4,13,1,1,0.6515,0.65,0
4,14,1,1,0.6667,0.54,0
4,15,1,1,0.6667,0.51,0
4,16,1,1,0.6515,0.54,0
4,17,1,1,0.6515,0.54,0
4,18,1,1,0.6364,0.57,0
4,19,1,1,0.6212,0.57,0
4,20,1,1,0.6212,0.61,0
4,21,1,1,0.6061,0.69,0
4,22,1,1,0.5909,0.73,0
4,23,1,1,0.5455,0.78,0
4,0,2,1,0.6061,0.69,0
4,1,2,1,0.5909,0.73,0
4,2,2,1,0.5303,0.83,0
4,3,2,1,0.5152,0.88,0
4,4,2,1,0.5303,0.83,0
4,5,2,1,0.5152,0.88,0
4,6,2,1,0.5303,0.88,0
4,7,2,1,0.5455,0.83,0
4,8,2,1,0.5455,0.83,0
4,9,2,1,0.6061,0.73,0
4,10,2,1,0.6212,0.69,0
4,11,2,1,0.6364,0.65,0
4,12,2,1,0.6515,0.61,0
4,13,2,1,0.6667,0.51,0
4,14,2,1,0.6667,0.58,0
4,15,2,1,0.6515,0.61,0
4,16,2,1,0.6515,0.58,0
4,17,2,1,0.6364,0.61,0
4,18,2,1,0.6364,0.65,0
4,19,2,1,0.6061,0.73,0
4,20,2,1,0.6061,0.73,0
4,21,2,1,0.5909,0.78,0
4,22,2,1,0.5606,0.83,0
4,23,2,1,0.5606,0.83,0
4,0,3,1,0.5606,0.83,0
4,1,3,1,0.5606,0.83,0
4,2,3,1,0.5455,0.88,0
4,3,3,1,0.5455,0.88,0
4,4,3,1,0.5303,0.94,0
4,5,3,1,0.5303,0.94,0
4,6,3,1,0.5303,0.94,0
4,7,3,1,0.5455,0.88,0
4,8,3,1,0.5455,0.88,0
4,9,3,1,0.5455,0.88,0
4,10,3,1,0.5758,0.83,0
4,11,3,1,0.5909,0.78,0
4,12,3,1,0.6061,0.78,0
4,13,3,1,0.5909,0.78,0
4,14,3,1,0.6364,0.74,0
4,15,3,1,0.6515,0.65,0
4,16,3,1,0.6515,0.7,0
4,17,3,1,0.6061,0.83,0
4,18,3,1,0.6061,0.83,0
4,19,3,1,0.5909,0.78,0
4,20,3,1,0.5758,0.83,0
4,21,3,1,0.5606,0.88,0
4,22,3,1,0.5606,0.88,0
4,23,3,1,0.5606,0.88,0
4,0,4,1,0.5909,0.78,0
4,1,4,1,0.5758,0.83,0
4,2,4,1,0.5758,0.83,0
4,3,4,1,0.5909,0.78,0
4,4,4,1,0.5758,0.83,0
4,5,4,1,0.5758,0.83,0
4,6,4,1,0.5909,0.78,0
4,7,4,1,0.5909,0.78,0
4,8,4,1,0.6061,0.78,0
4,9,4,1,0.5606,0.88,0
4,10,4,1,0.5606,0.88,0
4,11,4,1,0.5758,0.83,0
4,12,4,1,0.5909,0.78,0
4,13,4,1,0.5758,0.83,0
4,14,4,1,0.5758,0.83,0
4,15,4,1,0.6212,0.69,0
4,16,4,1,0.5909,0.78,0
4,17,4,1,0.6212,0.47,0
4,18,4,1,0.6212,0.47,0
4,19,4,1,0.6212,0.43,0
4,20,4,1,0.5455,0.43,0
4,21,4,1,0.5303,0.46,0
4,22,4,1,0.5152,0.45,0
4,23,4,1,0.5152,0.39,0
4,0,5,1,0.5,0.39,0
4,1,5,1,0.4848,0.45,0
4,2,5,1,0.4545,0.63,0
4,3,5,1,0.4545,0.59,0
4,4,5,1,0.4545,0.51,0
4,5,5,1,0.4545,0.47,0
4,6,5,1,0.4848,0.45,0
4,7,5,1,0.5,0.42,0
4,8,5,1,0.5152,0.39,0
4,9,5,1,0.5152,0.39,0
4,10,5,1,0.5303,0.4,0
4,11,5,1,0.6212,0.38,0
4,12,5,1,0.5303,0.37,0
4,13,5,1,0.5303,0.37,0
4,14,5,1,0.6212,0.35,0
4,15,5,1,0.5303,0.4,0
4,16,5,1,0.5152,0.42,0
4,17,5,1,0.5,0.45,0
4,18,5,1,0.5,0.48,0
4,19,5,1,0.4545,0.55,0
4,20,5,1,0.4697,0.48,0
4,21,5,1,0.4545,0.51,0
4,22,5,1,0.4242,0.58,0
4,23,5,1,0.4394,0.54,0
4,0,6,0,0.4394,0.54,0
4,1,6,0,0.4394,0.54,0
4,2,6,0,0.4394,0.54,0
4,3,6,0,0.4242,0.54,0
4,4,6,0,0.4242,0.54,0
4,5,6,0,0.4242,0.54,0
4,6,6,0,0.4091,0.58,0
4,7,6,0,0.4091,0.54,0
4,8,6,0,0.4091,0.54,0
4,9,6,0,0.4394,0.51,0
4,10,6,0,0.4697,0.44,1
4,11,6,0,0.4848,0.42,1
4,12,6,0,0.5,0.42,1
4,13,6,0,0.5152,0.39,1
4,14,6,0,0.5152,0.39,1
4,15,6,0,0.5303,0.37,1
4,16,6,0,0.5455,0.37,1
4,17,6,0,0.5303,0.43,0
4,18,6,0,0.5152,0.43,0
4,19,6,0,0.5152,0.43,0
4,20,6,0,0.4394,0.62,0
4,21,6,0,0.4394,0.62,0
4,22,6,0,0.4394,0.67,0
4,23,6,0,0.4394,0.67,0
5,0,0,0,0.4242,0.67,0
5,1,0,0,0.4242,0.69,0
5,2,0,0,0.4242,0.77,0
5,3,0,0,0.4091,0.82,0
5,4,0,0,0.4091,0.76,0
5,5,0,0,0.4091,0.82,0
5,6,0,0,0.4091,0.82,0
5,7,0,0,0.4242,0.77,0
5,8,0,0,0.4394,0.77,0
5,9,0,0,0.4545,0.72,0
5,10,0,0,0.4697,0.63,1
5,11,0,0,0.4545,0.82,1
5,12,0,0,0.4697,0.77,1
5,13,0,0,0.4848,0.63,1
5,14,0,0,0.4848,0.68,1
5,15,0,0,0.4848,0.72,1
5,16,0,0,0.4848,0.72,1
5,17,0,0,0.4697,0.82,0
5,18,0,0,0.4545,0.82,0
5,19,0,0,0.4545,0.84,0
5,20,0,0,0.4545,0.82,0
5,21,0,0,0.4545,0.82,0
5,22,0,0,0.4545,0.82,0
5,23,0,0,0.4545,0.77,0
5,0,1,1,0.4545,0.72,0
5,1,1,1,0.4545,0.72,0
5,2,1,1,0.4394,0.77,0
5,3,1,1,0.4394,0.77,0
5,4,1,1,0.4394,0.77,0
5,5,1,1,0.4394,0.77,0
5,6,1,1,0.4394,0.88,0
5,7,1,1,0.4545,0.82,0
5,8,1,1,0.4697,0.77,0
5,9,1,1,0.4848,0.77,0
5,10,1,1,0.5152,0.77,0
5,11,1,1,0.5455,0.73,0
5,12,1,1,0.6061,0.69,0
5,13,1,1,0.6061,0.69,0
5,14,1,1,0.6061,0.69,0
5,15,1,1,0.6212,0.61,0
5,16,1,1,0.6212,0.61,0
5,17,1,1,0.6212,0.65,0
5,18,1,1,0.6061,0.65,0
5,19,1,1,0.6061,0.69,0
5,20,1,1,0.6061,0.69,0
5,21,1,1,0.5909,0.73,0
5,22,1,1,0.5909,0.73,0
5,23,1,1,0.5303,0.83,0
5,0,2,1,0.5303,0.83,0
5,1,2,1,0.5303,0.78,0
5,2,2,1,0.5303,0.78,0
5,3,2,1,0.5152,0.83,0
5,4,2,1,0.5,0.88,0
5,5,2,1,0.5,0.88,0
5,6,2,1,0.5,0.94,0
5,7,2,1,0.5152,0.88,0
5,8,2,1,0.5303,0.83,0
5,9,2,1,0.5758,0.78,0
5,10,2,1,0.6061,0.69,0
5,11,2,1,0.6212,0.65,0
5,12,2,1,0.6364,0.61,0
5,13,2,1,0.6515,0.58,0
5,14,2,1,0.6515,0.58,0
5,15,2,1,0.6515,0.58,0
5,16,2,1,0.6667,0.54,0
5,17,2,1,0.6515,0.54,0
5,18,2,1,0.6515,0.48,0
5,19,2,1,0.6364,0.57,0
5,20,2,1,0.6212,0.61,0
5,21,2,1,0.6212,0.61,0
5,22,2,1,0.5455,0.6,0
5,23,2,1,0.5303,0.68,0
5,0,3,1,0.5,0.77,0
5,1,3,1,0.4848,0.82,0
5,2,3,1,0.4848,0.82,0
5,3,3,1,0.4242,0.88,0
5,4,3,1,0.3939,0.94,0
5,5,3,1,0.3333,0.87,0
5,6,3,1,0.303,0.93,0
5,7,3,1,0.303,0.93,0
5,8,3,1,0.303,0.93,0
5,9,3,1,0.303,0.93,0
5,10,3,1,0.3182,0.93,0
5,11,3,1,0.4091,0.82,0
5,12,3,1,0.4394,0.62,0
5,13,3,1,0.4545,0.59,0
5,14,3,1,0.4848,0.51,0
5,15,3,1,0.4697,0.51,0
5,16,3,1,0.4848,0.45,0
5,17,3,1,0.4091,0.71,0
5,18,3,1,0.4242,0.67,0
5,19,3,1,0.4242,0.58,0
5,20,3,1,0.4091,0.62,0
5,21,3,1,0.4091,0.62,0
5,22,3,1,0.3939,0.62,0
5,23,3,1,0.3485,0.62,0
5,0,4,1,0.3485,0.66,0
5,1,4,1,0.3333,0.71,0
5,2,4,1,0.3182,0.66,0
5,3,4,1,0.3182,0.66,0
5,4,4,1,0.3182,0.66,0
5,5,4,1,0.3182,0.66,0
5,6,4,1,0.3182,0.66,0
5,7,4,1,0.3939,0.58,0
5,8,4,1,0.4242,0.5,0
5,9,4,1,0.4545,0.44,0
5,10,4,1,0.4848,0.39,0
5,11,4,1,0.5,0.36,0
5,12,4,1,0.5,0.34,0
5,13,4,1,0.5152,0.3,0
5,14,4,1,0.5152,0.28,0
5,15,4,1,0.5303,0.26,0
5,16,4,1,0.5455,0.24,0
5,17,4,1,0.5303,0.26,0
5,18,4,1,0.5303,0.26,0
5,19,4,1,0.5152,0.28,0
5,20,4,1,0.4848,0.34,0
5,21,4,1,0.4848,0.36,0
5,22,4,1,0.4697,0.39,0
5,23,4,1,0.4545,0.41,0
5,0,5,1,0.4394,0.44,0
5,1,5,1,0.4091,0.62,0
5,2,5,1,0.3939,0.62,0
5,3,5,1,0.3636,0.71,0
5,4,5,1,0.3636,0.71,0
5,5,5,1,0.3485,0.81,0
5,6,5,1,0.3636,0.81,0
5,7,5,1,0.4091,0.82,0
5,8,5,1,0.4242,0.77,0
5,9,5,1,0.4545,0.67,0
5,10,5,1,0.5152,0.49,0
5,11,5,1,0.5152,0.49,0
5,12,5,1,0.5303,0.49,0
5,13,5,1,0.5455,0.4,0
5,14,5,1,0.6212,0.4,0
5,15,5,1,0.6212,0.38,0
5,16,5,1,0.6212,0.4,0
5,17,5,1,0.5455,0.4,0
5,18,5,1,0.5152,0.52,0
5,19,5,1,0.5152,0.52,0
5,20,5,1,0.5,0.48,0
5,21,5,1,0.4697,0.67,0
5,22,5,1,0.4545,0.72,0
5,23,5,1,0.4394,0.82,0
5,0,6,0,0.4242,0.82,0
5,1,6,0,0.4242,0.82,0
5,2,6,0,0.4242,0.82,0
5,3,6,0,0.4242,0.77,0
5,4,6,0,0.4091,0.82,0
5,5,6,0,0.4545,0.59,0
5,6,6,0,0.4242,0.77,0
5,7,6,0,0.4697,0.59,0
5,8,6,0,0.5,0.52,0
5,9,6,0,0.5152,0.49,0
5,10,6,0,0.5303,0.49,1
5,11,6,0,0.5303,0.43,1
5,12,6,0,0.6212,0.4,1
5,13,6,0,0.6212,0.35,1
5,14,6,0,0.6212,0.35,1
5,15,6,0,0.6212,0.38,1
5,16,6,0,0.6212,0.38,1
5,17,6,0,0.5455,0.4,0
5,18,6,0,0.5455,0.37,0
5,19,6,0,0.5303,0.43,0
5,20,6,0,0.5303,0.43,0
5,21,6,0,0.5152,0.49,0
5,22,6,0,0.5152,0.49,0
5,23,6,0,0.4848,0.59,0
5,0,0,0,0.4848,0.59,0
5,1,0,0,0.5,0.55,0
5,2,0,0,0.4697,0.63,0
5,3,0,0,0.4545,0.72,0
5,4,0,0,0.4242,0.82,0
5,5,0,0,0.4394,0.77,0
5,6,0,0,0.4394,0.82,0
5,7,0,0,0.4545,0.82,0
5,8,0,0,0.5,0.63,0
5,9,0,0,0.5303,0.52,0
5,10,0,0,0.5455,0.49,1
5,11,0,0,0.5455,0.49,1
5,12,0,0,0.6212,0.46,1
5,13,0,0,0.6212,0.49,1
5,14,0,0,0.6212,0.49,1
5,15,0,0,0.6212,0.49,1
5,16,0,0,0.6212,0.46,1
5,17,0,0,0.5455,0.49,0
5,18,0,0,0.5455,0.49,0
5,19,0,0,0.5303,0.64,0
5,20,0,0,0.5,0.77,0
5,21,0,0,0.5,0.77,0
5,22,0,0,0.4848,0.88,0
5,23,0,0,0.4545,0.88,0
5,0,1,1,0.4545,0.82,0
5,1,1,1,0.4394,0.88,0
5,2,1,1,0.4394,0.94,0
5,3,1,1,0.4545,0.82,0
5,4,1,1,0.4242,0.82,0
5,5,1,1,0.4242,0.77,0
5,6,1,1,0.4394,0.72,0
5,7,1,1,0.4697,0.63,0
5,8,1,1,0.5,0.55,0
5,9,1,1,0.5152,0.56,0
5,10,1,1,0.5303,0.52,0
5,11,1,1,0.6212,0.46,0
5,12,1,1,0.6212,0.43,0
5,13,1,1,0.6212,0.38,0
5,14,1,1,0.6212,0.41,0
5,15,1,1,0.6212,0.41,0
5,16,1,1,0.6212,0.38,0
5,17,1,1,0.6212,0.38,0
5,18,1,1,0.6212,0.38,0
5,19,1,1,0.5455,0.43,0
5,20,1,1,0.5152,0.49,0
5,21,1,1,0.5,0.59,0
5,22,1,1,0.5,0.68,0
5,23,1,1,0.4848,0.68,0
5,0,2,1,0.4697,0.63,0
5,1,2,1,0.4545,0.59,0
5,2,2,1,0.4394,0.58,0
5,3,2,1,0.4394,0.54,0
5,4,2,1,0.4242,0.62,0
5,5,2,1,0.4091,0.66,0
5,6,2,1,0.4242,0.67,0
5,7,2,1,0.4394,0.62,0
5,8,2,1,0.4848,0.51,0
5,9,2,1,0.5,0.48,0
5,10,2,1,0.5303,0.37,0
5,11,2,1,0.5303,0.43,0
5,12,2,1,0.6212,0.38,0
5,13,2,1,0.6212,0.38,0
5,14,2,1,0.6212,0.33,0
5,15,2,1,0.6212,0.33,0
5,16,2,1,0.6212,0.31,0
5,17,2,1,0.6212,0.33,0
5,18,2,1,0.6212,0.29,0
5,19,2,1,0.6212,0.43,0
5,20,2,1,0.5152,0.6,0
5,21,2,1,0.5152,0.52,0
5,22,2,1,0.5,0.55,0
5,23,2,1,0.5,0.59,0
5,0,3,1,0.5,0.55,0
5,1,3,1,0.4848,0.59,0
5,2,3,1,0.5,0.59,0
5,3,3,1,0.4848,0.63,0
5,4,3,1,0.4697,0.88,0
5,5,3,1,0.4545,0.88,0
5,6,3,1,0.4545,0.82,0
5,7,3,1,0.4697,0.72,0
5,8,3,1,0.4697,0.77,0
5,9,3,1,0.5,0.72,0
5,10,3,1,0.5152,0.68,0
5,11,3,1,0.5303,0.64,0
5,12,3,1,0.6212,0.56,0
5,13,3,1,0.6212,0.5,0
5,14,3,1,0.6212,0.53,0
5,15,3,1,0.6212,0.41,0
5,16,3,1,0.6212,0.39,0
5,17,3,1,0.6212,0.47,0
5,18,3,1,0.6212,0.5,0
5,19,3,1,0.5303,0.52,0
5,20,3,1,0.5152,0.64,0
5,21,3,1,0.5152,0.6,0
5,22,3,1,0.4848,0.72,0
5,23,3,1,0.4545,0.88,0
5,0,4,1,0.4545,0.88,0
5,1,4,1,0.4545,0.88,0
5,2,4,1,0.4394,0.94,0
5,3,4,1,0.4394,0.88,0
5,4,4,1,0.4242,0.94,0
5,5,4,1,0.4242,0.94,0
5,6,4,1,0.4394,0.88,0
5,7,4,1,0.4545,0.88,0
5,8,4,1,0.4697,0.82,0
5,9,4,1,0.4848,0.77,0
5,10,4,1,0.5152,0.68,0
5,11,4,1,0.5455,0.6,0
5,12,4,1,0.5455,0.6,0
5,13,4,1,0.6212,0.57,0
5,14,4,1,0.6061,0.61,0
5,15,4,1,0.6212,0.53,0
5,16,4,1,0.6212,0.57,0
5,17,4,1,0.6212,0.57,0
5,18,4,1,0.6061,0.69,0
5,19,4,1,0.6061,0.64,0
5,20,4,1,0.6061,0.64,0
5,21,4,1,0.5303,0.83,0
5,22,4,1,0.5152,0.83,0
5,23,4,1,0.5152,0.77,0
5,0,5,1,0.5,0.83,0
5,1,5,1,0.5,0.83,0
5,2,5,1,0.4848,0.88,0
5,3,5,1,0.4848,0.88,0
5,4,5,1,0.4848,0.88,0
5,5,5,1,0.4848,0.88,0
5,6,5,1,0.4848,0.88,0
5,7,5,1,0.4848,0.88,0
5,8,5,1,0.4848,0.88,0
5,9,5,1,0.4848,0.88,0
5,10,5,1,0.5,0.83,0
5,11,5,1,0.5,0.83,0
5,12,5,1,0.5,0.88,0
5,13,5,1,0.5,0.88,0
5,14,5,1,0.5,0.87,0
5,15,5,1,0.5,0.88,0
5,16,5,1,0.5,0.88,0
5,17,5,1,0.5,0.88,0
5,18,5,1,0.5,0.88,0
5,19,5,1,0.5,0.83,0
5,20,5,1,0.5,0.83,0
5,21,5,1,0.5,0.84,0
5,22,5,1,0.5,0.83,0
5,23,5,1,0.4848,0.88,0
5,0,6,0,0.4848,0.88,0
5,1,6,0,0.4848,0.88,0
5,2,6,0,0.4848,0.88,0
5,3,6,0,0.4848,0.88,0
5,4,6,0,0.4848,0.82,0
5,5,6,0,0.4848,0.82,0
5,6,6,0,0.4848,0.88,0
5,7,6,0,0.4697,1.0,0
5,8,6,0,0.4848,0.94,0
5,9,6,0,0.5,0.94,0
5,10,6,0,0.5,0.94,1
5,11,6,0,0.5,0.94,1
5,12,6,0,0.5,1.0,1
5,13,6,0,0.5,1.0,1
5,14,6,0,0.5152,0.94,1
5,15,6,0,0.5152,0.94,1
5,16,6,0,0.5152,0.94,1
5,17,6,0,0.5303,0.88,0
5,18,6,0,0.5303,0.88,0
5,19,6,0,0.5152,0.94,0
5,20,6,0,0.5152,0.94,0
5,21,6,0,0.5152,0.94,0
5,22,6,0,0.5152,0.94,0
5,23,6,0,0.5,1.0,0
5,0,0,0,0.5,1.0,0
5,1,0,0,0.5,1.0,0
5,2,0,0,0.5,1.0,0
5,3,0,0,0.5,1.0,0
5,4,0,0,0.5,1.0,0
5,5,0,0,0.5,1.0,0
5,6,0,0,0.5,1.0,0
5,7,0,0,0.5,1.0,0
5,8,0,0,0.5152,0.94,0
5,9,0,0,0.5455,0.83,0
5,10,0,0,0.5455,0.83,1
5,11,0,0,0.5758,0.78,1
5,12,0,0,0.5909,0.73,1
5,13,0,0,0.5909,0.73,1
5,14,0,0,0.6061,0.73,1
5,15,0,0,0.6212,0.69,1
5,16,0,0,0.6061,0.69,1
5,17,0,0,0.5303,0.78,0
5,18,0,0,0.5303,0.78,0
5,19,0,0,0.5303,0.83,0
5,20,0,0,0.5152,0.88,0
5,21,0,0,0.5152,0.88,0
5,22,0,0,0.5303,0.83,0
5,23,0,0,0.5152,0.88,0
5,0,1,1,0.5,0.94,0
5,1,1,1,0.5,0.94,0
5,2,1,1,0.4848,1.0,0
5,3,1,1,0.4848,0.94,0
5,4,1,1,0.4848,1.0,0
5,5,1,1,0.4848,0.93,0
5,6,1,1,0.5,0.88,0
5,7,1,1,0.5,0.83,0
5,8,1,1,0.5303,0.73,0
5,9,1,1,0.5909,0.69,0
5,10,1,1,0.6061,0.65,0
5,11,1,1,0.6212,0.57,0
5,12,1,1,0.6212,0.54,0
5,13,1,1,0.6364,0.51,0
5,14,1,1,0.6364,0.51,0
5,15,1,1,0.6667,0.51,0
5,16,1,1,0.5758,0.78,0
5,17,1,1,0.5455,0.88,0
5,18,1,1,0.5455,0.83,0
5,19,1,1,0.5455,0.83,0
5,20,1,1,0.5455,0.83,0
5,21,1,1,0.5455,0.83,0
5,22,1,1,0.5303,0.88,0
5,23,1,1,0.5303,0.88,0
5,0,2,1,0.5303,0.88,0
5,1,2,1,0.5303,0.88,0
5,2,2,1,0.5303,0.88,0
5,3,2,1,0.5152,0.94,0
5,4,2,1,0.5152,0.94,0
5,5,2,1,0.5,0.94,0
5,6,2,1,0.5,0.94,0
5,7,2,1,0.5,0.94,0
5,8,2,1,0.5,0.94,0
5,9,2,1,0.5152,0.88,0
5,10,2,1,0.5152,0.88,0
5,11,2,1,0.5303,0.83,0
5,12,2,1,0.5303,0.83,0
5,13,2,1,0.5303,0.88,0
5,14,2,1,0.5909,0.73,0
5,15,2,1,0.6061,0.69,0
5,16,2,1,0.6061,0.61,0
5,17,2,1,0.6061,0.65,0
5,18,2,1,0.5909,0.69,0
5,19,2,1,0.5909,0.69,0
5,20,2,1,0.5455,0.83,0
5,21,2,1,0.5152,0.88,0
5,22,2,1,0.5152,0.88,0
5,23,2,1,0.5152,0.88,0
5,0,3,1,0.5152,0.88,0
5,1,3,1,0.5152,0.88,0
5,2,3,1,0.5,0.94,0
5,3,3,1,0.5,0.94,0
5,4,3,1,0.5,0.94,0
5,5,3,1,0.5,1.0,0
5,6,3,1,0.5,1.0,0
5,7,3,1,0.5152,0.88,0
5,8,3,1,0.5303,0.88,0
5,9,3,1,0.5303,0.83,0
5,10,3,1,0.5152,0.88,0
5,11,3,1,0.5152,0.94,0
5,12,3,1,0.5303,0.94,0
5,13,3,1,0.5303,0.83,0
5,14,3,1,0.5455,0.78,0
5,15,3,1,0.5758,0.78,0
5,16,3,1,0.5909,0.73,0
5,17,3,1,0.5909,0.69,0
5,18,3,1,0.5909,0.73,0
5,19,3,1,0.5303,0.88,0
5,20,3,1,0.5303,0.88,0
5,21,3,1,0.5,0.88,0
5,22,3,1,0.5,0.83,0
5,23,3,1,0.5,0.94,0
5,0,4,1,0.5,0.94,0
5,1,4,1,0.4848,0.94,0
5,2,4,1,0.4848,0.94,0
5,3,4,1,0.4697,1.0,0
5,4,4,1,0.4697,0.94,0
5,5,4,1,0.4697,0.94,0
5,6,4,1,0.4848,0.94,0
5,7,4,1,0.4848,1.0,0
5,8,4,1,0.5,0.88,0
5,9,4,1,0.5152,0.88,0
5,10,4,1,0.5152,0.83,0
5,11,4,1,0.5152,0.88,0
5,12,4,1,0.5455,0.78,0
5,13,4,1,0.5455,0.64,0
5,14,4,1,0.5152,0.73,0
5,15,4,1,0.5303,0.78,0
5,16,4,1,0.5455,0.64,0
5,17,4,1,0.5303,0.78,0
5,18,4,1,0.6212,0.55,0
5,19,4,1,0.5455,0.6,0
5,20,4,1,0.5152,0.77,0
5,21,4,1,0.5152,0.77,0
5,22,4,1,0.4848,0.82,0
5,23,4,1,0.4697,0.94,0
5,0,5,1,0.4545,0.94,0
5,1,5,1,0.4545,1.0,0
5,2,5,1,0.4394,1.0,0
5,3,5,1,0.4394,1.0,0
5,4,5,1,0.4394,0.94,0
5,5,5,1,0.4394,0.94,0
5,6,5,1,0.4545,0.88,0
5,7,5,1,0.4848,0.77,0
5,8,5,1,0.5152,0.68,0
5,9,5,1,0.5152,0.68,0
5,10,5,1,0.5303,0.64,0
5,11,5,1,0.5455,0.6,0
5,12,5,1,0.6212,0.56,0
5,13,5,1,0.6212,0.56,0
5,14,5,1,0.6212,0.53,0
5,15,5,1,0.6212,0.56,0
5,16,5,1,0.6212,0.53,0
5,17,5,1,0.6212,0.53,0
5,18,5,1,0.6212,0.56,0
5,19,5,1,0.5455,0.64,0
5,20,5,1,0.5455,0.64,0
5,21,5,1,0.5303,0.64,0
5,22,5,1,0.5152,0.73,0
5,23,5,1,0.5,0.72,0
5,0,6,0,0.5,0.77,0
5,1,6,0,0.5,0.72,0
5,2,6,0,0.5,0.72,0
5,3,6,0,0.4697,0.82,0
5,4,6,0,0.4545,0.88,0
5,5,6,0,0.4545,0.88,0
5,6,6,0,0.4848,0.82,0
5,7,6,0,0.5152,0.73,0
5,8,6,0,0.5303,0.68,0
5,9,6,0,0.6061,0.64,0
5,10,6,0,0.6061,0.61,1
5,11,6,0,0.6212,0.53,1
5,12,6,0,0.6212,0.5,1
5,13,6,0,0.6364,0.45,1
5,14,6,0,0.6515,0.42,1
5,15,6,0,0.6515,0.45,1
5,16,6,0,0.6515,0.39,1
5,17,6,0,0.6515,0.42,0
5,18,6,0,0.6364,0.45,0
5,19,6,0,0.6364,0.47,0
5,20,6,0,0.6061,0.61,0
5,21,6,0,0.6061,0.61,0
5,22,6,0,0.5909,0.69,0
5,23,6,0,0.5455,0.78,0
5,0,0,0,0.5152,0.88,0
5,1,0,0,0.5,0.94,0
5,2,0,0,0.5,0.94,0
5,3,0,0,0.4848,1.0,0
5,4,0,0,0.4848,1.0,0
5,5,0,0,0.4848,1.0,0
5,6,0,0,0.5,0.94,0
5,7,0,0,0.5152,0.88,0
5,8,0,0,0.5909,0.73,0
5,9,0,0,0.6061,0.69,0
5,10,0,0,0.6061,0.65,1
5,11,0,0,0.6515,0.54,1
5,12,0,0,0.6667,0.51,1
5,13,0,0,0.6212,0.54,1
5,14,0,0,0.6061,0.69,1
5,15,0,0,0.6212,0.61,1
5,16,0,0,0.6364,0.61,1
5,17,0,0,0.6515,0.58,0
5,18,0,0,0.6212,0.61,0
5,19,0,0,0.6212,0.61,0
5,20,0,0,0.6061,0.65,0
5,21,0,0,0.5909,0.73,0
5,22,0,0,0.5606,0.83,0
5,23,0,0,0.5455,0.83,0
5,0,1,1,0.5303,0.88,0
5,1,1,1,0.5303,0.88,0
5,2,1,1,0.5303,0.88,0
5,3,1,1,0.5152,0.94,0
5,4,1,1,0.5152,0.94,0
5,5,1,1,0.5152,0.94,0
5,6,1,1,0.5152,1.0,0
5,7,1,1,0.5303,0.94,0
5,8,1,1,0.5455,0.88,0
5,9,1,1,0.5455,0.88,0
5,10,1,1,0.6212,0.74,0
5,11,1,1,0.6364,0.69,0
5,12,1,1,0.6364,0.69,0
5,13,1,1,0.6818,0.58,0
5,14,1,1,0.6818,0.62,0
5,15,1,1,0.6818,0.62,0
5,16,1,1,0.6818,0.62,0
5,17,1,1,0.6818,0.7,0
5,18,1,1,0.6667,0.74,0
5,19,1,1,0.6667,0.74,0
5,20,1,1,0.5758,0.83,0
5,21,1,1,0.5758,0.89,0
5,22,1,1,0.5455,0.94,0
5,23,1,1,0.5606,0.88,0
5,0,2,1,0.5152,0.94,0
5,1,2,1,0.5152,0.94,0
5,2,2,1,0.5152,0.94,0
5,3,2,1,0.5455,0.94,0
5,4,2,1,0.5455,0.88,0
5,5,2,1,0.5455,0.94,0
5,6,2,1,0.5455,0.94,0
5,7,2,1,0.5909,0.78,0
5,8,2,1,0.5758,0.83,0
5,9,2,1,0.6061,0.73,0
5,10,2,1,0.6515,0.61,0
5,11,2,1,0.6667,0.51,0
5,12,2,1,0.6818,0.45,0
5,13,2,1,0.697,0.46,0
5,14,2,1,0.697,0.46,0
5,15,2,1,0.6818,0.55,0
5,16,2,1,0.6212,0.69,0
5,17,2,1,0.6515,0.61,0
5,18,2,1,0.6515,0.7,0
5,19,2,1,0.6212,0.74,0
5,20,2,1,0.6212,0.74,0
5,21,2,1,0.5909,0.78,0
5,22,2,1,0.5606,0.88,0
5,23,2,1,0.6212,0.74,0
5,0,3,1,0.5606,0.83,0
5,1,3,1,0.5455,0.83,0
5,2,3,1,0.5303,0.94,0
5,3,3,1,0.5152,1.0,0
5,4,3,1,0.5152,1.0,0
5,5,3,1,0.5303,0.88,0
5,6,3,1,0.5303,0.94,0
5,7,3,1,0.5909,0.73,0
5,8,3,1,0.6061,0.69,0
5,9,3,1,0.6364,0.65,0
5,10,3,1,0.6515,0.61,0
5,11,3,1,0.6667,0.51,0
5,12,3,1,0.6818,0.55,0
5,13,3,1,0.6818,0.55,0
5,14,3,1,0.6818,0.55,0
5,15,3,1,0.697,0.52,0
5,16,3,1,0.6667,0.51,0
5,17,3,1,0.6667,0.51,0
5,18,3,1,0.6667,0.58,0
5,19,3,1,0.6515,0.61,0
5,20,3,1,0.6515,0.61,0
5,21,3,1,0.6212,0.69,0
5,22,3,1,0.6212,0.69,0
5,23,3,1,0.6061,0.73,0
5,0,4,1,0.6061,0.73,0
5,1,4,1,0.6061,0.73,0
5,2,4,1,0.5758,0.83,0
5,3,4,1,0.5455,0.88,0
5,4,4,1,0.5455,0.88,0
5,5,4,1,0.5455,0.88,0
5,6,4,1,0.5,1.0,0
5,7,4,1,0.5455,0.94,0
5,8,4,1,0.6061,0.83,0
5,9,4,1,0.6818,0.7,0
5,10,4,1,0.6667,0.74,0
5,11,4,1,0.697,0.66,0
5,12,4,1,0.7424,0.59,0
5,13,4,1,0.7727,0.52,0
5,14,4,1,0.7727,0.52,0
5,15,4,1,0.7576,0.46,0
5,16,4,1,0.7424,0.49,0
5,17,4,1,0.7273,0.46,0
5,18,4,1,0.7273,0.46,0
5,19,4,1,0.697,0.46,0
5,20,4,1,0.6667,0.58,0
5,21,4,1,0.6818,0.62,0
5,22,4,1,0.6515,0.65,0
5,23,4,1,0.6515,0.65,0
5,0,5,1,0.6364,0.69,0
5,1,5,1,0.6515,0.58,0
5,2,5,1,0.6364,0.61,0
5,3,5,1,0.6212,0.65,0
5,4,5,1,0.6061,0.69,0
5,5,5,1,0.6061,0.65,0
5,6,5,1,0.6061,0.69,0
5,7,5,1,0.6061,0.73,0
5,8,5,1,0.6212,0.74,0
5,9,5,1,0.6515,0.65,0
5,10,5,1,0.6667,0.54,0
5,11,5,1,0.6818,0.55,0
5,12,5,1,0.697,0.55,0
5,13,5,1,0.6818,0.58,0
5,14,5,1,0.697,0.55,0
5,15,5,1,0.7121,0.49,0
5,16,5,1,0.697,0.55,0
5,17,5,1,0.6818,0.58,0
5,18,5,1,0.6818,0.62,0
5,19,5,1,0.5758,0.78,0
5,20,5,1,0.5909,0.73,0
5,21,5,1,0.5606,0.83,0
5,22,5,1,0.5758,0.78,0
5,23,5,1,0.5455,0.88,0
5,0,6,0,0.5455,0.88,0
5,1,6,0,0.5455,0.88,0
5,2,6,0,0.5303,0.94,0
5,3,6,0,0.5303,0.88,0
5,4,6,0,0.5303,0.88,0
5,5,6,0,0.5303,0.88,0
5,6,6,0,0.5455,0.83,0
5,7,6,0,0.5606,0.83,0
5,8,6,0,0.5909,0.78,0
5,9,6,0,0.6061,0.73,0
5,10,6,0,0.6515,0.65,1
5,11,6,0,0.6515,0.65,1
5,12,6,0,0.6667,0.58,1
5,13,6,0,0.6818,0.62,1
5,14,6,0,0.6818,0.58,1
5,15,6,0,0.6818,0.55,1
5,16,6,0,0.697,0.55,1
5,17,6,0,0.6818,0.55,0
5,18,6,0,0.6818,0.62,0
5,19,6,0,0.6515,0.65,0
5,20,6,0,0.6515,0.65,0
5,21,6,0,0.6212,0.74,0
5,22,6,0,0.6061,0.78,0
5,23,6,0,0.5758,0.83,0
5,0,0,0,0.5758,0.83,0
5,1,0,0,0.5606,0.88,0
5,2,0,0,0.5606,0.88,0
5,3,0,0,0.5606,0.88,0
5,4,0,0,0.5455,0.88,0
5,5,0,0,0.5152,0.94,0
5,6,0,0,0.5606,0.88,0
5,7,0,0,0.5606,0.88,0
5,8,0,0,0.5606,0.88,0
5,9,0,0,0.5455,0.94,0
5,10,0,0,0.6061,0.83,1
5,11,0,0,0.6061,0.83,1
5,12,0,0,0.6667,0.74,1
5,13,0,0,0.6818,0.7,1
5,14,0,0,0.697,0.7,1
5,15,0,0,0.697,0.7,1
5,16,0,0,0.697,0.7,1
5,17,0,0,0.697,0.7,0
5,18,0,0,0.697,0.74,0
5,19,0,0,0.697,0.74,0
5,20,0,0,0.6667,0.79,0
5,21,0,0,0.6364,0.83,0
5,22,0,0,0.5909,0.89,0
5,23,0,0,0.5909,0.89,0
5,0,1,0,0.5606,0.94,0
5,1,1,0,0.5606,0.94,0
5,2,1,0,0.5606,0.94,0
5,3,1,0,0.5606,0.94,0
5,4,1,0,0.5455,0.94,0
5,5,1,0,0.5455,0.94,0
5,6,1,0,0.5606,0.94,0
5,7,1,0,0.5606,0.94,0
5,8,1,0,0.5909,0.89,0
5,9,1,0,0.697,0.74,0
5,10,1,0,0.7576,0.55,1
5,11,1,0,0.7727,0.52,1
5,12,1,0,0.803,0.47,1
5,13,1,0,0.7879,0.44,1
5,14,1,0,0.803,0.39,1
5,15,1,0,0.803,0.39,1
5,16,1,0,0.7879,0.37,1
5,17,1,0,0.7879,0.41,0
5,18,1,0,0.7879,0.41,0
5,19,1,0,0.5,0.48,0
5,20,1,0,0.7121,0.58,0
5,21,1,0,0.697,0.7,0
5,22,1,0,0.697,0.74,0
5,23,1,0,0.6667,0.84,0
5,0,2,1,0.6667,0.79,0
5,1,2,1,0.6364,0.89,0
5,2,2,1,0.5909,0.94,0
5,3,2,1,0.5606,0.94,0
5,4,2,1,0.6061,0.83,0
5,5,2,1,0.6061,0.83,0
5,6,2,1,0.6364,0.79,0
5,7,2,1,0.697,0.66,0
5,8,2,1,0.7424,0.59,0
5,9,2,1,0.7576,0.55,0
5,10,2,1,0.7879,0.56,0
5,11,2,1,0.803,0.47,0
5,12,2,1,0.803,0.47,0
5,13,2,1,0.8333,0.39,0
5,14,2,1,0.8182,0.37,0
5,15,2,1,0.8182,0.37,0
5,16,2,1,0.8333,0.39,0
5,17,2,1,0.803,0.53,0
5,18,2,1,0.803,0.53,0
5,19,2,1,0.7424,0.62,0
5,20,2,1,0.7424,0.62,0
5,21,2,1,0.7273,0.66,0
5,22,2,1,0.697,0.7,0
5,23,2,1,0.697,0.79,0
6,0,3,1,0.6667,0.79,0
6,1,3,1,0.6667,0.84,0
6,2,3,1,0.6667,0.79,0
6,3,3,1,0.6364,0.89,0
6,4,3,1,0.6364,0.89,0
6,5,3,1,0.5909,0.89,0
6,6,3,1,0.6364,0.89,0
6,7,3,1,0.6667,0.79,0
6,8,3,1,0.697,0.79,0
6,9,3,1,0.7121,0.74,0
6,10,3,1,0.7424,0.75,0
6,11,3,1,0.803,0.59,0
6,12,3,1,0.8333,0.53,0
6,13,3,1,0.8182,0.37,0
6,14,3,1,0.8182,0.37,0
6,15,3,1,0.8333,0.39,0
6,16,3,1,0.803,0.47,0
6,17,3,1,0.803,0.47,0
6,18,3,1,0.7879,0.56,0
6,19,3,1,0.7121,0.79,0
6,20,3,1,0.7121,0.79,0
6,21,3,1,0.697,0.7,0
6,22,3,1,0.697,0.66,0
6,23,3,1,0.6667,0.51,0
6,0,4,1,0.6515,0.4,0
6,1,4,1,0.6515,0.38,0
6,2,4,1,0.6364,0.39,0
6,3,4,1,0.6212,0.44,0
6,4,4,1,0.6212,0.41,0
6,5,4,1,0.6212,0.39,0
6,6,4,1,0.6212,0.39,0
6,7,4,1,0.6364,0.34,0
6,8,4,1,0.6364,0.32,0
6,9,4,1,0.6364,0.26,0
6,10,4,1,0.6515,0.28,0
6,11,4,1,0.6515,0.28,0
6,12,4,1,0.6667,0.25,0
6,13,4,1,0.6818,0.24,0
6,14,4,1,0.6667,0.24,0
6,15,4,1,0.6818,0.21,0
6,16,4,1,0.6818,0.22,0
6,17,4,1,0.6515,0.2,0
6,18,4,1,0.6515,0.22,0
6,19,4,1,0.6364,0.23,0
6,20,4,1,0.6364,0.24,0
6,21,4,1,0.6212,0.31,0
6,22,4,1,0.6212,0.33,0
6,23,4,1,0.6212,0.35,0
6,0,5,1,0.6212,0.38,0
6,1,5,1,0.6212,0.38,0
6,2,5,1,0.5303,0.43,0
6,3,5,1,0.5152,0.49,0
6,4,5,1,0.5,0.48,0
6,5,5,1,0.5,0.48,0
6,6,5,1,0.5152,0.45,0
6,7,5,1,0.5152,0.45,0
6,8,5,1,0.5303,0.43,0
6,9,5,1,0.5455,0.4,0
6,10,5,1,0.6212,0.33,0
6,11,5,1,0.6212,0.31,0
6,12,5,1,0.6212,0.27,0
6,13,5,1,0.6212,0.26,0
6,14,5,1,0.6364,0.28,0
6,15,5,1,0.6364,0.28,0
6,16,5,1,0.6364,0.26,0
6,17,5,1,0.6364,0.25,0
6,18,5,1,0.6364,0.24,0
6,19,5,1,0.6212,0.26,0
6,20,5,1,0.6212,0.29,0
6,21,5,1,0.6212,0.29,0
6,22,5,1,0.6212,0.35,0
6,23,5,1,0.5455,0.46,0
6,0,6,0,0.5303,0.52,0
6,1,6,0,0.5152,0.64,0
6,2,6,0,0.5152,0.56,0
6,3,6,0,0.5,0.59,0
6,4,6,0,0.5,0.59,0
6,5,6,0,0.4848,0.64,0
6,6,6,0,0.5152,0.6,0
6,7,6,0,0.5303,0.56,0
6,8,6,0,0.6212,0.46,0
6,9,6,0,0.6212,0.43,0
6,10,6,0,0.6212,0.38,1
6,11,6,0,0.6212,0.36,1
6,12,6,0,0.6364,0.32,1
6,13,6,0,0.6515,0.28,1
6,14,6,0,0.6515,0.33,1
6,15,6,0,0.6515,0.27,1
6,16,6,0,0.6515,0.3,1
6,17,6,0,0.6515,0.34,0
6,18,6,0,0.6515,0.3,0
6,19,6,0,0.6364,0.39,0
6,20,6,0,0.6515,0.48,0
6,21,6,0,0.6212,0.47,0
6,22,6,0,0.6212,0.57,0
6,23,6,0,0.6212,0.57,0
6,0,0,0,0.6212,0.57,0
6,1,0,0,0.6212,0.61,0
6,2,0,0,0.6212,0.61,0
6,3,0,0,0.6061,0.65,0
6,4,0,0,0.6061,0.65,0
6,5,0,0,0.6061,0.61,0
6,6,0,0,0.6061,0.61,0
6,7,0,0,0.5909,0.73,0
6,8,0,0,0.5909,0.73,0
6,9,0,0,0.5758,0.78,0
6,10,0,0,0.5909,0.73,1
6,11,0,0,0.6061,0.69,1
6,12,0,0,0.6061,0.69,1
6,13,0,0,0.6212,0.65,1
6,14,0,0,0.6515,0.58,1
6,15,0,0,0.6515,0.54,1
6,16,0,0,0.6667,0.51,1
6,17,0,0,0.6667,0.51,0
6,18,0,0,0.6515,0.58,0
6,19,0,0,0.6364,0.65,0
6,20,0,0,0.6212,0.69,0
6,21,0,0,0.6061,0.73,0
6,22,0,0,0.5909,0.78,0
6,23,0,0,0.5909,0.78,0
6,0,1,1,0.5909,0.78,0
6,1,1,1,0.5606,0.83,0
6,2,1,1,0.5455,0.88,0
6,3,1,1,0.5455,0.88,0
6,4,1,1,0.5303,0.94,0
6,5,1,1,0.5303,0.88,0
6,6,1,1,0.5455,0.88,0
6,7,1,1,0.5909,0.78,0
6,8,1,1,0.6061,0.73,0
6,9,1,1,0.6515,0.58,0
6,10,1,1,0.6667,0.51,0
6,11,1,1,0.6667,0.42,0
6,12,1,1,0.6667,0.37,0
6,13,1,1,0.6818,0.35,0
6,14,1,1,0.6818,0.31,0
6,15,1,1,0.697,0.29,0
6,16,1,1,0.6667,0.33,0
6,17,1,1,0.6818,0.33,0
6,18,1,1,0.6667,0.31,0
6,19,1,1,0.6667,0.54,0
6,20,1,1,0.6364,0.61,0
6,21,1,1,0.6212,0.57,0
6,22,1,1,0.6212,0.61,0
6,23,1,1,0.6061,0.69,0
6,0,2,1,0.6061,0.65,0
6,1,2,1,0.6061,0.69,0
6,2,2,1,0.5909,0.73,0
6,3,2,1,0.5909,0.73,0
6,4,2,1,0.5455,0.83,0
6,5,2,1,0.5455,0.88,0
6,6,2,1,0.5758,0.78,0
6,7,2,1,0.6061,0.69,0
6,8,2,1,0.6364,0.61,0
6,9,2,1,0.6667,0.58,0
6,10,2,1,0.6818,0.48,0
6,11,2,1,0.697,0.52,0
6,12,2,1,0.7273,0.46,0
6,13,2,1,0.7273,0.43,0
6,14,2,1,0.7273,0.43,0
6,15,2,1,0.7424,0.41,0
6,16,2,1,0.7121,0.38,0
6,17,2,1,0.7273,0.43,0
6,18,2,1,0.697,0.46,0
6,19,2,1,0.6818,0.48,0
6,20,2,1,0.6818,0.56,0
6,21,2,1,0.6818,0.7,0
6,22,2,1,0.6515,0.65,0
6,23,2,1,0.6364,0.79,0
6,0,3,1,0.5909,0.89,0
6,1,3,1,0.6061,0.78,0
6,2,3,1,0.5758,0.89,0
6,3,3,1,0.5758,0.89,0
6,4,3,1,0.5758,0.83,0
6,5,3,1,0.5606,0.88,0
6,6,3,1,0.5758,0.89,0
6,7,3,1,0.6212,0.74,0
6,8,3,1,0.7121,0.58,0
6,9,3,1,0.7121,0.58,0
6,10,3,1,0.7424,0.43,0
6,11,3,1,0.7576,0.41,0
6,12,3,1,0.8182,0.42,0
6,13,3,1,0.8485,0.42,0
6,14,3,1,0.8788,0.4,0
6,15,3,1,0.8788,0.4,0
6,16,3,1,0.8788,0.4,0
6,17,3,1,0.8485,0.35,0
6,18,3,1,0.8182,0.37,0
6,19,3,1,0.803,0.59,0
6,20,3,1,0.7879,0.63,0
6,21,3,1,0.803,0.66,0
6,22,3,1,0.7424,0.75,0
6,23,3,1,0.7424,0.75,0
6,0,4,1,0.7121,0.79,0
6,1,4,1,0.7121,0.79,0
6,2,4,1,0.7121,0.84,0
6,3,4,1,0.7121,0.84,0
6,4,4,1,0.697,0.79,0
6,5,4,1,0.6667,0.84,0
6,6,4,1,0.7121,0.84,0
6,7,4,1,0.697,0.79,0
6,8,4,1,0.7273,0.7,0
6,9,4,1,0.7879,0.49,0
6,10,4,1,0.8182,0.5,0
6,11,4,1,0.8485,0.42,0
6,12,4,1,0.8485,0.35,0
6,13,4,1,0.8182,0.37,0
6,14,4,1,0.8788,0.4,0
6,15,4,1,0.8333,0.31,0
6,16,4,1,0.8333,0.33,0
6,17,4,1,0.8182,0.37,0
6,18,4,1,0.803,0.39,0
6,19,4,1,0.7424,0.39,0
6,20,4,1,0.7273,0.43,0
6,21,4,1,0.697,0.52,0
6,22,4,1,0.6818,0.58,0
6,23,4,1,0.697,0.57,0
6,0,5,1,0.6515,0.65,0
6,1,5,1,0.6515,0.65,0
6,2,5,1,0.6364,0.69,0
6,3,5,1,0.6364,0.69,0
6,4,5,1,0.6061,0.78,0
6,5,5,1,0.6061,0.78,0
6,6,5,1,0.6061,0.78,0
6,7,5,1,0.6818,0.66,0
6,8,5,1,0.6818,0.58,0
6,9,5,1,0.697,0.55,0
6,10,5,1,0.7121,0.52,0
6,11,5,1,0.7576,0.46,0
6,12,5,1,0.7576,0.44,0
6,13,5,1,0.7576,0.44,0
6,14,5,1,0.7727,0.39,0
6,15,5,1,0.7576,0.44,0
6,16,5,1,0.7879,0.56,0
6,17,5,1,0.7727,0.52,0
6,18,5,1,0.7727,0.59,0
6,19,5,1,0.7424,0.59,0
6,20,5,1,0.7121,0.62,0
6,21,5,1,0.7273,0.66,0
6,22,5,1,0.697,0.74,0
6,23,5,1,0.697,0.74,0
6,0,6,0,0.6667,0.79,0
6,1,6,0,0.6667,0.79,0
6,2,6,0,0.6667,0.79,0
6,3,6,0,0.6364,0.83,0
6,4,6,0,0.6364,0.79,0
6,5,6,0,0.6364,0.74,0
6,6,6,0,0.6515,0.61,0
6,7,6,0,0.6667,0.58,0
6,8,6,0,0.6818,0.58,0
6,9,6,0,0.6818,0.62,0
6,10,6,0,0.6818,0.58,1
6,11,6,0,0.7121,0.62,1
6,12,6,0,0.7576,0.55,1
6,13,6,0,0.7576,0.55,1
6,14,6,0,0.7727,0.49,1
6,15,6,0,0.7727,0.49,1
6,16,6,0,0.7273,0.46,1
6,17,6,0,0.6818,0.58,0
6,18,6,0,0.6818,0.62,0
6,19,6,0,0.6515,0.65,0
6,20,6,0,0.6364,0.74,0
6,21,6,0,0.6212,0.74,0
6,22,6,0,0.6061,0.78,0
6,23,6,0,0.6212,0.74,0
6,0,0,0,0.6061,0.78,0
6,1,0,0,0.5758,0.83,0
6,2,0,0,0.5758,0.89,0
6,3,0,0,0.5758,0.89,0
6,4,0,0,0.5606,0.88,0
6,5,0,0,0.5606,0.88,0
6,6,0,0,0.5606,0.88,0
6,7,0,0,0.5909,0.78,0
6,8,0,0,0.6667,0.74,0
6,9,0,0,0.6818,0.66,0
6,10,0,0,0.7121,0.58,1
6,11,0,0,0.7273,0.55,1
6,12,0,0,0.7576,0.46,1
6,13,0,0,0.7424,0.59,1
6,14,0,0,0.7879,0.56,1
6,15,0,0,0.7727,0.59,1
6,16,0,0,0.6364,0.83,1
6,17,0,0,0.6364,0.83,0
6,18,0,0,0.6667,0.74,0
6,19,0,0,0.6667,0.74,0
6,20,0,0,0.6061,0.83,0
6,21,0,0,0.6061,0.83,0
6,22,0,0,0.5758,0.83,0
6,23,0,0,0.5909,0.78,0
6,0,1,1,0.5909,0.78,0
6,1,1,1,0.6061,0.73,0
6,2,1,1,0.5909,0.73,0
6,3,1,1,0.6061,0.6,0
6,4,1,1,0.5303,0.64,0
6,5,1,1,0.5152,0.64,0
6,6,1,1,0.5152,0.64,0
6,7,1,1,0.5303,0.56,0
6,8,1,1,0.5455,0.49,0
6,9,1,1,0.6212,0.46,0
6,10,1,1,0.6212,0.41,0
6,11,1,1,0.6212,0.41,0
6,12,1,1,0.6212,0.41,0
6,13,1,1,0.6364,0.37,0
6,14,1,1,0.6364,0.34,0
6,15,1,1,0.6364,0.37,0
6,16,1,1,0.6364,0.37,0
6,17,1,1,0.6364,0.39,0
6,18,1,1,0.6364,0.37,0
6,19,1,1,0.6212,0.39,0
6,20,1,1,0.6212,0.44,0
6,21,1,1,0.6212,0.41,0
6,22,1,1,0.6212,0.46,0
6,23,1,1,0.6212,0.46,0
6,0,2,1,0.6212,0.49,0
6,1,2,1,0.6212,0.49,0
6,2,2,1,0.6212,0.49,0
6,3,2,1,0.5455,0.53,0
6,4,2,1,0.5152,0.6,0
6,5,2,1,0.5152,0.56,0
6,6,2,1,0.5152,0.56,0
6,7,2,1,0.5303,0.52,0
6,8,2,1,0.5455,0.49,0
6,9,2,1,0.6212,0.46,0
6,10,2,1,0.6212,0.46,0
6,11,2,1,0.6212,0.41,0
6,12,2,1,0.6212,0.41,0
6,13,2,1,0.6212,0.44,0
6,14,2,1,0.6212,0.47,0
6,15,2,1,0.6212,0.47,0
6,16,2,1,0.6364,0.41,0
6,17,2,1,0.6212,0.5,0
6,18,2,1,0.6212,0.51,0
6,19,2,1,0.6212,0.5,0
6,20,2,1,0.6212,0.56,0
6,21,2,1,0.6212,0.56,0
6,22,2,1,0.5455,0.6,0
6,23,2,1,0.5303,0.68,0
6,0,3,1,0.5303,0.64,0
6,1,3,1,0.5152,0.64,0
6,2,3,1,0.5,0.63,0
6,3,3,1,0.4848,0.68,0
6,4,3,1,0.4848,0.63,0
6,5,3,1,0.4697,0.67,0
6,6,3,1,0.4848,0.63,0
6,7,3,1,0.5152,0.6,0
6,8,3,1,0.5455,0.53,0
6,9,3,1,0.6212,0.49,0
6,10,3,1,0.6212,0.47,0
6,11,3,1,0.6364,0.36,0
6,12,3,1,0.6364,0.34,0
6,13,3,1,0.6515,0.28,0
6,14,3,1,0.6515,0.28,0
6,15,3,1,0.6667,0.27,0
6,16,3,1,0.6667,0.27,0
6,17,3,1,0.6515,0.28,0
6,18,3,1,0.6515,0.32,0
6,19,3,1,0.6364,0.37,0
6,20,3,1,0.6212,0.44,0
6,21,3,1,0.6212,0.47,0
6,22,3,1,0.6212,0.5,0
6,23,3,1,0.6212,0.53,0
6,0,4,1,0.6212,0.56,0
6,1,4,1,0.5455,0.6,0
6,2,4,1,0.6212,0.56,0
6,3,4,1,0.5303,0.73,0
6,4,4,1,0.5303,0.68,0
6,5,4,1,0.6061,0.64,0
6,6,4,1,0.5455,0.73,0
6,7,4,1,0.5303,0.78,0
6,8,4,1,0.5909,0.69,0
6,9,4,1,0.6061,0.65,0
6,10,4,1,0.6212,0.61,0
6,11,4,1,0.6364,0.61,0
6,12,4,1,0.6667,0.54,0
6,13,4,1,0.6667,0.54,0
6,14,4,1,0.6667,0.54,0
6,15,4,1,0.6515,0.61,0
6,16,4,1,0.6212,0.69,0
6,17,4,1,0.5909,0.78,0
6,18,4,1,0.5758,0.83,0
6,19,4,1,0.5758,0.83,0
6,20,4,1,0.5758,0.83,0
6,21,4,1,0.5758,0.83,0
6,22,4,1,0.5758,0.83,0
6,23,4,1,0.5606,0.83,0
6,0,5,1,0.5303,0.88,0
6,1,5,1,0.5303,0.94,0
6,2,5,1,0.5303,0.94,0
6,3,5,1,0.5303,0.94,0
6,4,5,1,0.5152,0.94,0
6,5,5,1,0.5152,1.0,0
6,6,5,1,0.5303,0.94,0
6,7,5,1,0.5606,0.83,0
6,8,5,1,0.5606,0.83,0
6,9,5,1,0.6515,0.58,0
6,10,5,1,0.6515,0.58,0
6,11,5,1,0.6364,0.69,0
6,12,5,1,0.6515,0.65,0
6,13,5,1,0.6818,0.62,0
6,14,5,1,0.697,0.52,0
6,15,5,1,0.697,0.43,0
6,16,5,1,0.6818,0.45,0
6,17,5,1,0.6818,0.4,0
6,18,5,1,0.6818,0.4,0
6,19,5,1,0.5758,0.83,0
6,20,5,1,0.5909,0.78,0
6,21,5,1,0.5909,0.78,0
6,22,5,1,0.5606,0.88,0
6,23,5,1,0.5758,0.83,0
6,0,6,0,0.5606,0.88,0
6,1,6,0,0.5758,0.83,0
6,2,6,0,0.5455,0.88,0
6,3,6,0,0.5455,0.88,0
6,4,6,0,0.5455,0.88,0
6,5,6,0,0.5758,0.83,0
6,6,6,0,0.5758,0.83,0
6,7,6,0,0.5909,0.78,0
6,8,6,0,0.6061,0.78,0
6,9,6,0,0.6515,0.61,0
6,10,6,0,0.6818,0.62,1
6,11,6,0,0.6818,0.62,1
6,12,6,0,0.697,0.66,1
6,13,6,0,0.697,0.55,1
6,14,6,0,0.7273,0.46,1
6,15,6,0,0.7576,0.46,1
6,16,6,0,0.697,0.52,1
6,17,6,0,0.6818,0.48,0
6,18,6,0,0.6818,0.55,0
6,19,6,0,0.6667,0.51,0
6,20,6,0,0.6667,0.58,0
6,21,6,0,0.6818,0.66,0
6,22,6,0,0.6818,0.62,0
6,23,6,0,0.6818,0.62,0
6,0,0,0,0.6515,0.65,0
6,1,0,0,0.6515,0.65,0
6,2,0,0,0.6364,0.74,0
6,3,0,0,0.6061,0.78,0
6,4,0,0,0.6212,0.74,0
6,5,0,0,0.6061,0.78,0
6,6,0,0,0.6061,0.78,0
6,7,0,0,0.6061,0.78,0
6,8,0,0,0.6364,0.74,0
6,9,0,0,0.6364,0.74,0
6,10,0,0,0.6515,0.61,1
6,11,0,0,0.6667,0.58,1
6,12,0,0,0.6818,0.55,1
6,13,0,0,0.6667,0.51,1
6,14,0,0,0.6818,0.58,1
6,15,0,0,0.6818,0.55,1
6,16,0,0,0.6818,0.48,1
6,17,0,0,0.6667,0.51,0
6,18,0,0,0.6818,0.58,0
6,19,0,0,0.6818,0.62,0
6,20,0,0,0.6515,0.7,0
6,21,0,0,0.6364,0.79,0
6,22,0,0,0.6061,0.78,0
6,23,0,0,0.6061,0.78,0
6,0,1,1,0.6061,0.83,0
6,1,1,1,0.5758,0.89,0
6,2,1,1,0.5758,0.89,0
6,3,1,1,0.5758,0.89,0
6,4,1,1,0.5606,0.88,0
6,5,1,1,0.5758,0.83,0
6,6,1,1,0.5758,0.78,0
6,7,1,1,0.5303,0.88,0
6,8,1,1,0.5303,0.83,0
6,9,1,1,0.5758,0.78,0
6,10,1,1,0.5758,0.78,0
6,11,1,1,0.5758,0.78,0
6,12,1,1,0.6061,0.69,0
6,13,1,1,0.6061,0.65,0
6,14,1,1,0.6212,0.61,0
6,15,1,1,0.6212,0.61,0
6,16,1,1,0.6515,0.58,0
6,17,1,1,0.6515,0.54,0
6,18,1,1,0.6515,0.61,0
6,19,1,1,0.6212,0.65,0
6,20,1,1,0.6212,0.69,0
6,21,1,1,0.6061,0.73,0
6,22,1,1,0.6061,0.73,0
6,23,1,1,0.5909,0.78,0
6,0,2,1,0.5909,0.78,0
6,1,2,1,0.5909,0.78,0
6,2,2,1,0.5758,0.83,0
6,3,2,1,0.5758,0.83,0
6,4,2,1,0.5455,0.88,0
6,5,2,1,0.5455,0.88,0
6,6,2,1,0.5455,0.88,0
6,7,2,1,0.5152,0.94,0
6,8,2,1,0.5606,0.88,0
6,9,2,1,0.5606,0.88,0
6,10,2,1,0.5758,0.83,0
6,11,2,1,0.6061,0.83,0
6,12,2,1,0.6667,0.74,0
6,13,2,1,0.697,0.66,0
6,14,2,1,0.7121,0.62,0
6,15,2,1,0.7424,0.59,0
6,16,2,1,0.7727,0.59,0
6,17,2,1,0.7576,0.66,0
6,18,2,1,0.7273,0.7,0
6,19,2,1,0.7121,0.74,0
6,20,2,1,0.697,0.7,0
6,21,2,1,0.697,0.74,0
6,22,2,1,0.6667,0.79,0
6,23,2,1,0.6667,0.74,0
6,0,3,1,0.6061,0.78,0
6,1,3,1,0.6061,0.78,0
6,2,3,1,0.6061,0.78,0
6,3,3,1,0.6061,0.78,0
6,4,3,1,0.5758,0.83,0
6,5,3,1,0.5758,0.89,0
6,6,3,1,0.6061,0.83,0
6,7,3,1,0.6667,0.79,0
6,8,3,1,0.697,0.74,0
6,9,3,1,0.697,0.79,0
6,10,3,1,0.697,0.7,0
6,11,3,1,0.697,0.7,0
6,12,3,1,0.7727,0.59,0
6,13,3,1,0.7879,0.56,0
6,14,3,1,0.7727,0.52,0
6,15,3,1,0.7879,0.56,0
6,16,3,1,0.803,0.59,0
6,17,3,1,0.7576,0.55,0
6,18,3,1,0.7727,0.59,0
6,19,3,1,0.7424,0.52,0
6,20,3,1,0.7121,0.74,0
6,21,3,1,0.7121,0.79,0
6,22,3,1,0.697,0.79,0
6,23,3,1,0.697,0.79,0
6,0,4,1,0.697,0.79,0
6,1,4,1,0.697,0.74,0
6,2,4,1,0.697,0.74,0
6,3,4,1,0.697,0.74,0
6,4,4,1,0.6667,0.79,0
6,5,4,1,0.697,0.74,0
6,6,4,1,0.697,0.74,0
6,7,4,1,0.697,0.74,0
6,8,4,1,0.697,0.7,0
6,9,4,1,0.697,0.7,0
6,10,4,1,0.7273,0.66,0
6,11,4,1,0.7273,0.66,0
6,12,4,1,0.7273,0.66,0
6,13,4,1,0.7121,0.62,0
6,14,4,1,0.7273,0.66,0
6,15,4,1,0.697,0.52,0
6,16,4,1,0.6818,0.62,0
6,17,4,1,0.6818,0.7,0
6,18,4,1,0.6818,0.7,0
6,19,4,1,0.6818,0.7,0
6,20,4,1,0.6667,0.74,0
6,21,4,1,0.6667,0.74,0
6,22,4,1,0.6667,0.74,0
6,23,4,1,0.6667,0.74,0
6,0,5,1,0.6364,0.79,0
6,1,5,1,0.6061,0.83,0
6,2,5,1,0.6061,0.83,0
6,3,5,1,0.6061,0.83,0
6,4,5,1,0.6061,0.83,0
6,5,5,1,0.5758,0.89,0
6,6,5,1,0.6061,0.83,0
6,7,5,1,0.6061,0.83,0
6,8,5,1,0.6667,0.74,0
6,9,5,1,0.6818,0.62,0
6,10,5,1,0.7273,0.43,0
6,11,5,1,0.7121,0.38,0
6,12,5,1,0.7121,0.41,0
6,13,5,1,0.7121,0.36,0
6,14,5,1,0.697,0.43,0
6,15,5,1,0.7273,0.34,0
6,16,5,1,0.697,0.33,0
6,17,5,1,0.6667,0.37,0
6,18,5,1,0.6667,0.37,0
6,19,5,1,0.6515,0.4,0
6,20,5,1,0.6515,0.45,0
6,21,5,1,0.6515,0.48,0
6,22,5,1,0.6515,0.48,0
6,23,5,1,0.6364,0.51,0
6,0,6,0,0.6364,0.47,0
6,1,6,0,0.6212,0.5,0
6,2,6,0,0.6212,0.5,0
6,3,6,0,0.6212,0.57,0
6,4,6,0,0.6212,0.57,0
6,5,6,0,0.6061,0.61,0
6,6,6,0,0.6212,0.57,0
6,7,6,0,0.6212,0.57,0
6,8,6,0,0.6515,0.48,0
6,9,6,0,0.6515,0.45,0
6,10,6,0,0.6515,0.45,1
6,11,6,0,0.6667,0.42,1
6,12,6,0,0.6515,0.4,1
6,13,6,0,0.6515,0.4,1
6,14,6,0,0.6667,0.45,1
6,15,6,0,0.6667,0.45,1
6,16,6,0,0.6818,0.43,1
6,17,6,0,0.6667,0.42,0
6,18,6,0,0.6515,0.45,0
6,19,6,0,0.6667,0.48,0
6,20,6,0,0.6515,0.48,0
6,21,6,0,0.6364,0.51,0
6,22,6,0,0.6364,0.47,0
6,23,6,0,0.6212,0.5,0
6,0,0,0,0.6212,0.53,0
6,1,0,0,0.6212,0.53,0
6,2,0,0,0.6212,0.57,0
6,3,0,0,0.6061,0.64,0
6,4,0,0,0.6061,0.64,0
6,5,0,0,0.6061,0.64,0
6,6,0,0,0.6061,0.64,0
6,7,0,0,0.6061,0.61,0
6,8,0,0,0.6212,0.61,0
6,9,0,0,0.6212,0.54,0
6,10,0,0,0.6667,0.48,1
6,11,0,0,0.6515,0.45,1
6,12,0,0,0.6515,0.4,1
6,13,0,0,0.6515,0.4,1
6,14,0,0,0.6515,0.4,1
6,15,0,0,0.6515,0.4,1
6,16,0,0,0.6667,0.42,1
6,17,0,0,0.6515,0.42,0
6,18,0,0,0.6515,0.45,0
6,19,0,0,0.6667,0.48,0
6,20,0,0,0.6515,0.48,0
6,21,0,0,0.6515,0.54,0
6,22,0,0,0.6515,0.51,0
6,23,0,0,0.6515,0.54,0
6,0,1,1,0.6061,0.73,0
6,1,1,1,0.5909,0.78,0
6,2,1,1,0.5909,0.78,0
6,3,1,1,0.5909,0.78,0
6,4,1,1,0.5606,0.83,0
6,5,1,1,0.5758,0.83,0
6,6,1,1,0.5909,0.78,0
6,7,1,1,0.6061,0.73,0
6,8,1,1,0.6212,0.74,0
6,9,1,1,0.6667,0.54,0
6,10,1,1,0.6667,0.54,0
6,11,1,1,0.6515,0.58,0
6,12,1,1,0.6667,0.54,0
6,13,1,1,0.6667,0.58,0
6,14,1,1,0.6667,0.58,0
6,15,1,1,0.6818,0.55,0
6,16,1,1,0.6818,0.55,0
6,17,1,1,0.6818,0.55,0
6,18,1,1,0.6667,0.51,0
6,19,1,1,0.6818,0.62,0
6,20,1,1,0.6515,0.65,0
6,21,1,1,0.6515,0.65,0
6,22,1,1,0.6364,0.69,0
6,23,1,1,0.6364,0.69,0
6,0,2,1,0.6061,0.78,0
6,1,2,1,0.6212,0.74,0
6,2,2,1,0.6212,0.74,0
6,3,2,1,0.6212,0.74,0
6,4,2,1,0.6212,0.74,0
6,5,2,1,0.6061,0.78,0
6,6,2,1,0.6061,0.83,0
6,7,2,1,0.6364,0.83,0
6,8,2,1,0.6667,0.79,0
6,9,2,1,0.697,0.7,0
6,10,2,1,0.7424,0.49,0
6,11,2,1,0.7576,0.46,0
6,12,2,1,0.7727,0.47,0
6,13,2,1,0.7576,0.44,0
6,14,2,1,0.7879,0.44,0
6,15,2,1,0.7879,0.41,0
6,16,2,1,0.803,0.47,0
6,17,2,1,0.7879,0.56,0
6,18,2,1,0.7576,0.55,0
6,19,2,1,0.6818,0.58,0
6,20,2,1,0.6818,0.62,0
6,21,2,1,0.697,0.66,0
6,22,2,1,0.6515,0.7,0
6,23,2,1,0.6515,0.7,0
6,0,3,1,0.6364,0.79,0
6,1,3,1,0.6364,0.79,0
6,2,3,1,0.6061,0.83,0
6,3,3,1,0.6061,0.83,0
6,4,3,1,0.6061,0.83,0
6,5,3,1,0.5758,0.83,0
6,6,3,1,0.6212,0.69,0
6,7,3,1,0.6515,0.54,0
6,8,3,1,0.6515,0.48,0
6,9,3,1,0.6515,0.45,0
6,10,3,1,0.6667,0.42,0
6,11,3,1,0.6667,0.35,0
6,12,3,1,0.6667,0.35,0
6,13,3,1,0.697,0.31,0
6,14,3,1,0.697,0.31,0
6,15,3,1,0.7121,0.3,0
6,16,3,1,0.7121,0.3,0
6,17,3,1,0.7121,0.26,0
6,18,3,1,0.697,0.29,0
6,19,3,1,0.6667,0.35,0
6,20,3,1,0.6515,0.37,0
6,21,3,1,0.6515,0.39,0
6,22,3,1,0.6364,0.42,0
6,23,3,1,0.6364,0.47,0
6,0,4,1,0.6212,0.5,0
6,1,4,1,0.6212,0.53,0
6,2,4,1,0.6212,0.57,0
6,3,4,1,0.6061,0.6,0
6,4,4,1,0.5455,0.64,0
6,5,4,1,0.5455,0.64,0
6,6,4,1,0.6061,0.64,0
6,7,4,1,0.6061,0.61,0
6,8,4,1,0.6364,0.47,0
6,9,4,1,0.6364,0.42,0
6,10,4,1,0.6515,0.42,0
6,11,4,1,0.6515,0.37,0
6,12,4,1,0.6667,0.35,0
6,13,4,1,0.6667,0.33,0
6,14,4,1,0.6818,0.31,0
6,15,4,1,0.6667,0.25,0
6,16,4,1,0.697,0.26,0
6,17,4,1,0.6818,0.27,0
6,18,4,1,0.6667,0.29,0
6,19,4,1,0.6515,0.33,0
6,20,4,1,0.6515,0.33,0
6,21,4,1,0.6515,0.37,0
6,22,4,1,0.6364,0.42,0
6,23,4,1,0.6212,0.5,0
7,0,5,1,0.6212,0.5,0
7,1,5,1,0.6212,0.5,0
7,2,5,1,0.6061,0.69,0
7,3,5,1,0.6212,0.53,0
7,4,5,1,0.6212,0.57,0
7,5,5,1,0.6061,0.64,0
7,6,5,1,0.6061,0.61,0
7,7,5,1,0.6212,0.54,0
7,8,5,1,0.6364,0.42,0
7,9,5,1,0.6515,0.35,0
7,10,5,1,0.6667,0.33,0
7,11,5,1,0.697,0.26,0
7,12,5,1,0.697,0.26,0
7,13,5,1,0.6818,0.24,0
7,14,5,1,0.697,0.23,0
7,15,5,1,0.697,0.21,0
7,16,5,1,0.697,0.17,0
7,17,5,1,0.697,0.21,0
7,18,5,1,0.6818,0.24,0
7,19,5,1,0.6667,0.25,0
7,20,5,1,0.6515,0.42,0
7,21,5,1,0.6364,0.45,0
7,22,5,1,0.6364,0.42,0
7,23,5,1,0.6364,0.47,0
7,0,6,0,0.6364,0.47,0
7,1,6,0,0.6212,0.54,0
7,2,6,0,0.6212,0.53,0
7,3,6,0,0.6212,0.53,0
7,4,6,0,0.6061,0.61,0
7,5,6,0,0.5455,0.73,0
7,6,6,0,0.6061,0.69,0
7,7,6,0,0.6061,0.65,0
7,8,6,0,0.6364,0.57,0
7,9,6,0,0.6667,0.51,0
7,10,6,0,0.7121,0.36,1
7,11,6,0,0.7121,0.36,1
7,12,6,0,0.7121,0.3,1
7,13,6,0,0.7121,0.3,1
7,14,6,0,0.7121,0.2,1
7,15,6,0,0.7273,0.19,1
7,16,6,0,0.7424,0.22,1
7,17,6,0,0.7273,0.3,0
7,18,6,0,0.7121,0.3,0
7,19,6,0,0.697,0.33,0
7,20,6,0,0.6818,0.45,0
7,21,6,0,0.6667,0.48,0
7,22,6,0,0.6667,0.51,0
7,23,6,0,0.6667,0.54,0
7,0,0,0,0.6515,0.58,0
7,1,0,0,0.6515,0.61,0
7,2,0,0,0.6515,0.58,0
7,3,0,0,0.6364,0.65,0
7,4,0,0,0.6364,0.65,0
7,5,0,0,0.5758,0.83,0
7,6,0,0,0.5455,0.94,0
7,7,0,0,0.5758,0.89,0
7,8,0,0,0.6364,0.79,0
7,9,0,0,0.6667,0.74,0
7,10,0,0,0.697,0.66,1
7,11,0,0,0.7121,0.62,1
7,12,0,0,0.7576,0.55,1
7,13,0,0,0.7727,0.59,1
7,14,0,0,0.7879,0.56,1
7,15,0,0,0.803,0.53,1
7,16,0,0,0.803,0.53,1
7,17,0,0,0.7424,0.49,0
7,18,0,0,0.7424,0.49,0
7,19,0,0,0.6061,0.83,0
7,20,0,0,0.6061,0.83,0
7,21,0,0,0.6061,0.83,0
7,22,0,0,0.6061,0.78,0
7,23,0,0,0.5758,0.83,0
7,0,1,0,0.5758,0.83,0
7,1,1,0,0.5758,0.83,0
7,2,1,0,0.5758,0.83,0
7,3,1,0,0.5909,0.78,0
7,4,1,0,0.6061,0.78,0
7,5,1,0,0.5758,0.83,0
7,6,1,0,0.5758,0.89,0
7,7,1,0,0.6061,0.83,0
7,8,1,0,0.6667,0.74,0
7,9,1,0,0.6818,0.66,0
7,10,1,0,0.697,0.55,1
7,11,1,0,0.697,0.55,1
7,12,1,0,0.7121,0.52,1
7,13,1,0,0.7121,0.49,1
7,14,1,0,0.7273,0.46,1
7,15,1,0,0.7424,0.43,1
7,16,1,0,0.7424,0.41,1
7,17,1,0,0.7273,0.46,0
7,18,1,0,0.7273,0.46,0
7,19,1,0,0.7121,0.49,0
7,20,1,0,0.697,0.55,0
7,21,1,0,0.6818,0.62,0
7,22,1,0,0.6818,0.62,0
7,23,1,0,0.6818,0.7,0
7,0,2,1,0.6515,0.65,0
7,1,2,1,0.6515,0.65,0
7,2,2,1,0.6212,0.74,0
7,3,2,1,0.6212,0.74,0
7,4,2,1,0.6212,0.69,0
7,5,2,1,0.6212,0.69,0
7,6,2,1,0.6212,0.74,0
7,7,2,1,0.6515,0.65,0
7,8,2,1,0.6818,0.62,0
7,9,2,1,0.6818,0.58,0
7,10,2,1,0.697,0.52,0
7,11,2,1,0.697,0.46,0
7,12,2,1,0.7273,0.43,0
7,13,2,1,0.7424,0.43,0
7,14,2,1,0.7424,0.49,0
7,15,2,1,0.7424,0.43,0
7,16,2,1,0.7576,0.46,0
7,17,2,1,0.7576,0.46,0
7,18,2,1,0.7576,0.55,0
7,19,2,1,0.7727,0.59,0
7,20,2,1,0.7273,0.66,0
7,21,2,1,0.7424,0.62,0
7,22,2,1,0.7273,0.66,0
7,23,2,1,0.697,0.66,0
7,0,3,1,0.697,0.74,0
7,1,3,1,0.6667,0.74,0
7,2,3,1,0.6667,0.79,0
7,3,3,1,0.6667,0.79,0
7,4,3,1,0.6364,0.83,0
7,5,3,1,0.6364,0.83,0
7,6,3,1,0.6667,0.79,0
7,7,3,1,0.697,0.79,0
7,8,3,1,0.697,0.74,0
7,9,3,1,0.6667,0.79,0
7,10,3,1,0.6667,0.79,0
7,11,3,1,0.697,0.74,0
7,12,3,1,0.697,0.66,0
7,13,3,1,0.697,0.7,0
7,14,3,1,0.7273,0.66,0
7,15,3,1,0.7273,0.7,0
7,16,3,1,0.7273,0.7,0
7,17,3,1,0.7424,0.59,0
7,18,3,1,0.7121,0.62,0
7,19,3,1,0.697,0.7,0
7,20,3,1,0.697,0.74,0
7,21,3,1,0.6667,0.79,0
7,22,3,1,0.6667,0.79,0
7,23,3,1,0.6364,0.83,0
7,0,4,1,0.5909,0.89,0
7,1,4,1,0.5909,0.89,0
7,2,4,1,0.5909,0.89,0
7,3,4,1,0.5606,0.94,0
7,4,4,1,0.5758,0.89,0
7,5,4,1,0.5758,0.89,0
7,6,4,1,0.5758,0.89,0
7,7,4,1,0.5909,0.89,0
7,8,4,1,0.6667,0.79,0
7,9,4,1,0.697,0.7,0
7,10,4,1,0.7424,0.62,0
7,11,4,1,0.7727,0.52,0
7,12,4,1,0.7727,0.41,0
7,13,4,1,0.7879,0.41,0
7,14,4,1,0.7879,0.41,0
7,15,4,1,0.7879,0.41,0
7,16,4,1,0.7727,0.39,0
7,17,4,1,0.7576,0.36,0
7,18,4,1,0.7576,0.44,0
7,19,4,1,0.7727,0.52,0
7,20,4,1,0.7121,0.58,0
7,21,4,1,0.6818,0.62,0
7,22,4,1,0.6818,0.62,0
7,23,4,1,0.6818,0.66,0
7,0,5,1,0.697,0.66,0
7,1,5,1,0.697,0.79,0
7,2,5,1,0.6667,0.74,0
7,3,5,1,0.6364,0.79,0
7,4,5,1,0.6667,0.79,0
7,5,5,1,0.6364,0.79,0
7,6,5,1,0.6667,0.74,0
7,7,5,1,0.6667,0.79,0
7,8,5,1,0.697,0.74,0
7,9,5,1,0.7273,0.7,0
7,10,5,1,0.697,0.7,0
7,11,5,1,0.7121,0.74,0
7,12,5,1,0.7273,0.7,0
7,13,5,1,0.7576,0.66,0
7,14,5,1,0.7879,0.63,0
7,15,5,1,0.7879,0.63,0
7,16,5,1,0.6364,0.83,0
7,17,5,1,0.5909,0.89,0
7,18,5,1,0.6061,0.83,0
7,19,5,1,0.6061,0.83,0
7,20,5,1,0.6061,0.83,0
7,21,5,1,0.6061,0.83,0
7,22,5,1,0.6061,0.78,0
7,23,5,1,0.6061,0.78,0
7,0,6,0,0.6061,0.83,0
7,1,6,0,0.5758,0.89,0
7,2,6,0,0.5758,0.89,0
7,3,6,0,0.5758,0.89,0
7,4,6,0,0.5758,0.83,0
7,5,6,0,0.5606,0.88,0
7,6,6,0,0.5758,0.83,0
7,7,6,0,0.6061,0.78,0
7,8,6,0,0.6515,0.7,0
7,9,6,0,0.6818,0.58,0
7,10,6,0,0.697,0.52,1
7,11,6,0,0.697,0.46,1
7,12,6,0,0.7273,0.46,1
7,13,6,0,0.7424,0.41,1
7,14,6,0,0.7424,0.36,1
7,15,6,0,0.7273,0.34,1
7,16,6,0,0.7273,0.38,1
7,17,6,0,0.7273,0.32,0
7,18,6,0,0.7273,0.36,0
7,19,6,0,0.697,0.55,0
7,20,6,0,0.7121,0.58,0
7,21,6,0,0.6818,0.58,0
7,22,6,0,0.6818,0.62,0
7,23,6,0,0.6667,0.58,0
7,0,0,0,0.6515,0.61,0
7,1,0,0,0.6515,0.61,0
7,2,0,0,0.6364,0.69,0
7,3,0,0,0.6212,0.74,0
7,4,0,0,0.6212,0.69,0
7,5,0,0,0.6212,0.74,0
7,6,0,0,0.5909,0.78,0
7,7,0,0,0.6515,0.7,0
7,8,0,0,0.6818,0.66,0
7,9,0,0,0.697,0.66,0
7,10,0,0,0.697,0.55,1
7,11,0,0,0.7273,0.55,1
7,12,0,0,0.7576,0.46,1
7,13,0,0,0.7273,0.46,1
7,14,0,0,0.7424,0.41,1
7,15,0,0,0.7424,0.39,1
7,16,0,0,0.7576,0.41,1
7,17,0,0,0.7424,0.36,0
7,18,0,0,0.7424,0.43,0
7,19,0,0,0.7424,0.49,0
7,20,0,0,0.697,0.55,0
7,21,0,0,0.6818,0.62,0
7,22,0,0,0.697,0.66,0
7,23,0,0,0.6818,0.66,0
7,0,1,1,0.6515,0.65,0
7,1,1,1,0.6515,0.61,0
7,2,1,1,0.6515,0.61,0
7,3,1,1,0.6364,0.65,0
7,4,1,1,0.6212,0.74,0
7,5,1,1,0.6212,0.74,0
7,6,1,1,0.6364,0.74,0
7,7,1,1,0.6667,0.74,0
7,8,1,1,0.697,0.66,0
7,9,1,1,0.7424,0.59,0
7,10,1,1,0.7576,0.55,0
7,11,1,1,0.7879,0.56,0
7,12,1,1,0.803,0.53,0
7,13,1,1,0.8182,0.5,0
7,14,1,1,0.8333,0.53,0
7,15,1,1,0.8485,0.56,0
7,16,1,1,0.8485,0.56,0
7,17,1,1,0.8485,0.56,0
7,18,1,1,0.8333,0.53,0
7,19,1,1,0.8333,0.59,0
7,20,1,1,0.697,0.74,0
7,21,1,1,0.6667,0.79,0
7,22,1,1,0.697,0.74,0
7,23,1,1,0.6667,0.79,0
7,0,2,1,0.6667,0.79,0
7,1,2,1,0.6667,0.79,0
7,2,2,1,0.6667,0.79,0
7,3,2,1,0.6667,0.79,0
7,4,2,1,0.6667,0.79,0
7,5,2,1,0.6667,0.79,0
7,6,2,1,0.6818,0.58,0
7,7,2,1,0.697,0.55,0
7,8,2,1,0.7121,0.58,0
7,9,2,1,0.7273,0.55,0
7,10,2,1,0.7727,0.52,0
7,11,2,1,0.7727,0.52,0
7,12,2,1,0.7879,0.44,0
7,13,2,1,0.803,0.47,0
7,14,2,1,0.8485,0.42,0
7,15,2,1,0.8485,0.42,0
7,16,2,1,0.7879,0.44,0
7,17,2,1,0.8182,0.44,0
7,18,2,1,0.803,0.47,0
7,19,2,1,0.7576,0.44,0
7,20,2,1,0.7424,0.43,0
7,21,2,1,0.7424,0.43,0
7,22,2,1,0.7273,0.46,0
7,23,2,1,0.7121,0.52,0
7,0,3,1,0.7121,0.62,0
7,1,3,1,0.697,0.55,0
7,2,3,1,0.697,0.55,0
7,3,3,1,0.6818,0.58,0
7,4,3,1,0.6818,0.58,0
7,5,3,1,0.6818,0.58,0
7,6,3,1,0.6818,0.58,0
7,7,3,1,0.697,0.55,0
7,8,3,1,0.7424,0.49,0
7,9,3,1,0.7424,0.41,0
7,10,3,1,0.7576,0.46,0
7,11,3,1,0.7424,0.39,0
7,12,3,1,0.7576,0.41,0
7,13,3,1,0.7576,0.46,0
7,14,3,1,0.7576,0.46,0
7,15,3,1,0.5606,0.94,0
7,16,3,1,0.5909,0.89,0
7,17,3,1,0.6667,0.79,0
7,18,3,1,0.697,0.79,0
7,19,3,1,0.6667,0.79,0
7,20,3,1,0.6667,0.84,0
7,21,3,1,0.6667,0.79,0
7,22,3,1,0.6364,0.83,0
7,23,3,1,0.6061,0.83,0
7,0,4,1,0.6212,0.69,0
7,1,4,1,0.6212,0.61,0
7,2,4,1,0.6212,0.57,0
7,3,4,1,0.6212,0.57,0
7,4,4,1,0.6212,0.53,0
7,5,4,1,0.6212,0.56,0
7,6,4,1,0.6061,0.6,0
7,7,4,1,0.6212,0.53,0
7,8,4,1,0.6212,0.5,0
7,9,4,1,0.6364,0.47,0
7,10,4,1,0.6364,0.42,0
7,11,4,1,0.6515,0.37,0
7,12,4,1,0.6515,0.35,0
7,13,4,1,0.6667,0.33,0
7,14,4,1,0.6515,0.35,0
7,15,4,1,0.6667,0.33,0
7,16,4,1,0.6667,0.33,0
7,17,4,1,0.6515,0.37,0
7,18,4,1,0.6515,0.42,0
7,19,4,1,0.6515,0.39,0
7,20,4,1,0.6364,0.42,0
7,21,4,1,0.6212,0.5,0
7,22,4,1,0.6212,0.57,0
7,23,4,1,0.6061,0.65,0
7,0,5,1,0.5909,0.73,0
7,1,5,1,0.5909,0.73,0
7,2,5,1,0.5758,0.78,0
7,3,5,1,0.5909,0.73,0
7,4,5,1,0.5909,0.73,0
7,5,5,1,0.5909,0.73,0
7,6,5,1,0.5909,0.73,0
7,7,5,1,0.6061,0.65,0
7,8,5,1,0.6061,0.65,0
7,9,5,1,0.6364,0.54,0
7,10,5,1,0.6212,0.61,0
7,11,5,1,0.6515,0.54,0
7,12,5,1,0.6515,0.48,0
7,13,5,1,0.6515,0.54,0
7,14,5,1,0.6515,0.51,0
7,15,5,1,0.6515,0.45,0
7,16,5,1,0.6667,0.51,0
7,17,5,1,0.6667,0.42,0
7,18,5,1,0.6515,0.45,0
7,19,5,1,0.6364,0.45,0
7,20,5,1,0.6515,0.51,0
7,21,5,1,0.6212,0.54,0
7,22,5,1,0.6212,0.57,0
7,23,5,1,0.6212,0.61,0
7,0,6,0,0.6061,0.65,0
7,1,6,0,0.5909,0.69,0
7,2,6,0,0.5909,0.73,0
7,3,6,0,0.5758,0.78,0
7,4,6,0,0.5909,0.73,0
7,5,6,0,0.5455,0.78,0
7,6,6,0,0.5758,0.78,0
7,7,6,0,0.5909,0.73,0
7,8,6,0,0.6212,0.65,0
7,9,6,0,0.6515,0.54,0
7,10,6,0,0.6667,0.54,1
7,11,6,0,0.6667,0.48,1
7,12,6,0,0.6818,0.43,1
7,13,6,0,0.6818,0.45,1
7,14,6,0,0.6667,0.45,1
7,15,6,0,0.6818,0.45,1
7,16,6,0,0.6818,0.45,1
7,17,6,0,0.6818,0.45,0
7,18,6,0,0.6818,0.45,0
7,19,6,0,0.6818,0.48,0
7,20,6,0,0.6667,0.51,0
7,21,6,0,0.6515,0.58,0
7,22,6,0,0.6515,0.65,0
7,23,6,0,0.6364,0.61,0
7,0,0,0,0.6212,0.65,0
7,1,0,0,0.6061,0.69,0
7,2,0,0,0.6061,0.69,0
7,3,0,0,0.6061,0.69,0
7,4,0,0,0.5909,0.73,0
7,5,0,0,0.6061,0.69,0
7,6,0,0,0.5909,0.73,0
7,7,0,0,0.6061,0.73,0
7,8,0,0,0.6364,0.65,0
7,9,0,0,0.6667,0.58,0
7,10,0,0,0.6818,0.6,1
7,11,0,0,0.697,0.55,1
7,12,0,0,0.697,0.55,1
7,13,0,0,0.7424,0.49,1
7,14,0,0,0.7424,0.49,1
7,15,0,0,0.7424,0.43,1
7,16,0,0,0.7273,0.46,1
7,17,0,0,0.7424,0.49,0
7,18,0,0,0.7273,0.46,0
7,19,0,0,0.697,0.55,0
7,20,0,0,0.7121,0.58,0
7,21,0,0,0.6818,0.62,0
7,22,0,0,0.6818,0.66,0
7,23,0,0,0.6667,0.74,0
7,0,1,1,0.6667,0.74,0
7,1,1,1,0.6667,0.74,0
7,2,1,1,0.6061,0.83,0
7,3,1,1,0.6061,0.78,0
7,4,1,1,0.5909,0.78,0
7,5,1,1,0.5909,0.78,0
7,6,1,1,0.5758,0.83,0
7,7,1,1,0.6364,0.74,0
7,8,1,1,0.6515,0.7,0
7,9,1,1,0.697,0.67,0
7,10,1,1,0.7121,0.62,0
7,11,1,1,0.7576,0.55,0
7,12,1,1,0.7727,0.59,0
7,13,1,1,0.7879,0.56,0
7,14,1,1,0.7879,0.56,0
7,15,1,1,0.803,0.53,0
7,16,1,1,0.803,0.53,0
7,17,1,1,0.7879,0.49,0
7,18,1,1,0.7727,0.49,0
7,19,1,1,0.7576,0.55,0
7,20,1,1,0.7424,0.59,0
7,21,1,1,0.697,0.66,0
7,22,1,1,0.7273,0.66,0
7,23,1,1,0.697,0.66,0
7,0,2,1,0.697,0.66,0
7,1,2,1,0.697,0.66,0
7,2,2,1,0.6818,0.7,0
7,3,2,1,0.6818,0.7,0
7,4,2,1,0.6818,0.7,0
7,5,2,1,0.6667,0.74,0
7,6,2,1,0.697,0.74,0
7,7,2,1,0.697,0.7,0
7,8,2,1,0.7273,0.7,0
7,9,2,1,0.7879,0.63,0
7,10,2,1,0.7879,0.56,0
7,11,2,1,0.803,0.59,0
7,12,2,1,0.8182,0.56,0
7,13,2,1,0.8333,0.53,0
7,14,2,1,0.8182,0.5,0
7,15,2,1,0.8182,0.44,0
7,16,2,1,0.8485,0.42,0
7,17,2,1,0.803,0.66,0
7,18,2,1,0.803,0.66,0
7,19,2,1,0.7424,0.75,0
7,20,2,1,0.7273,0.74,0
7,21,2,1,0.7121,0.74,0
7,22,2,1,0.7121,0.74,0
7,23,2,1,0.697,0.79,0
7,0,3,1,0.6667,0.84,0
7,1,3,1,0.6667,0.84,0
7,2,3,1,0.6667,0.84,0
7,3,3,1,0.6667,0.84,0
7,4,3,1,0.6364,0.83,0
7,5,3,1,0.6364,0.83,0
7,6,3,1,0.6364,0.89,0
7,7,3,1,0.6667,0.84,0
7,8,3,1,0.7121,0.74,0
7,9,3,1,0.697,0.7,0
7,10,3,1,0.7273,0.7,0
7,11,3,1,0.7879,0.63,0
7,12,3,1,0.803,0.59,0
7,13,3,1,0.8182,0.56,0
7,14,3,1,0.8333,0.53,0
7,15,3,1,0.8182,0.5,0
7,16,3,1,0.8182,0.56,0
7,17,3,1,0.8333,0.59,0
7,18,3,1,0.8333,0.59,0
7,19,3,1,0.8485,0.67,0
7,20,3,1,0.8333,0.75,0
7,21,3,1,0.803,0.66,0
7,22,3,1,0.7727,0.7,0
7,23,3,1,0.7424,0.75,0
7,0,4,1,0.7424,0.75,0
7,1,4,1,0.7273,0.84,0
7,2,4,1,0.7273,0.84,0
7,3,4,1,0.7121,0.79,0
7,4,4,1,0.7121,0.84,0
7,5,4,1,0.7121,0.84,0
7,6,4,1,0.7121,0.84,0
7,7,4,1,0.7273,0.84,0
7,8,4,1,0.7576,0.79,0
7,9,4,1,0.8182,0.75,0
7,10,4,1,0.8636,0.71,0
7,11,4,1,0.8939,0.63,0
7,12,4,1,0.8939,0.56,0
7,13,4,1,0.8939,0.56,0
7,14,4,1,0.8939,0.5,0
7,15,4,1,0.9242,0.53,0
7,16,4,1,0.9242,0.48,0
7,17,4,1,0.9091,0.45,0
7,18,4,1,0.8939,0.5,0
7,19,4,1,0.9242,0.67,0
7,20,4,1,0.8939,0.71,0
7,21,4,1,0.8939,0.75,0
7,22,4,1,0.8636,0.71,0
7,23,4,1,0.8182,0.71,0
7,0,5,1,0.8333,0.63,0
7,1,5,1,0.7879,0.63,0
7,2,5,1,0.803,0.79,0
7,3,5,1,0.7879,0.75,0
7,4,5,1,0.7424,0.75,0
7,5,5,1,0.7121,0.79,0
7,6,5,1,0.7424,0.75,0
7,7,5,1,0.803,0.66,0
7,8,5,1,0.8485,0.63,0
7,9,5,1,0.8939,0.63,0
7,10,5,1,0.9242,0.53,0
7,11,5,1,0.8939,0.5,0
7,12,5,1,0.9545,0.48,0
7,13,5,1,0.9848,0.51,0
7,14,5,1,1.0,0.48,0
7,15,5,1,0.9848,0.51,0
7,16,5,1,0.8333,0.39,0
7,17,5,1,0.8485,0.47,0
7,18,5,1,0.8182,0.37,0
7,19,5,1,0.7879,0.41,0
7,20,5,1,0.8182,0.56,0
7,21,5,1,0.803,0.59,0
7,22,5,1,0.7879,0.49,0
7,23,5,1,0.7879,0.63,0
7,0,6,0,0.7879,0.56,0
7,1,6,0,0.7727,0.52,0
7,2,6,0,0.7727,0.52,0
7,3,6,0,0.7576,0.66,0
7,4,6,0,0.7273,0.66,0
7,5,6,0,0.7121,0.62,0
7,6,6,0,0.7424,0.52,0
7,7,6,0,0.7424,0.52,0
7,8,6,0,0.7879,0.49,0
7,9,6,0,0.7879,0.49,0
7,10,6,0,0.7879,0.41,1
7,11,6,0,0.8182,0.37,1
7,12,6,0,0.8636,0.37,1
7,13,6,0,0.8788,0.38,1
7,14,6,0,0.8939,0.42,1
7,15,6,0,0.8788,0.38,1
7,16,6,0,0.8788,0.38,1
7,17,6,0,0.8788,0.38,0
7,18,6,0,0.8788,0.4,0
7,19,6,0,0.803,0.59,0
7,20,6,0,0.803,0.59,0
7,21,6,0,0.803,0.59,0
7,22,6,0,0.7727,0.59,0
7,23,6,0,0.7727,0.59,0
7,0,0,0,0.7727,0.59,0
7,1,0,0,0.7576,0.66,0
7,2,0,0,0.7879,0.63,0
7,3,0,0,0.7879,0.63,0
7,4,0,0,0.7576,0.66,0
7,5,0,0,0.7576,0.66,0
7,6,0,0,0.7879,0.63,0
7,7,0,0,0.7727,0.59,0
7,8,0,0,0.7879,0.56,0
7,9,0,0,0.7879,0.56,0
7,10,0,0,0.8182,0.5,1
7,11,0,0,0.803,0.53,1
7,12,0,0,0.8636,0.45,1
7,13,0,0,0.803,0.47,1
7,14,0,0,0.8182,0.5,1
7,15,0,0,0.8485,0.42,1
7,16,0,0,0.8485,0.42,1
7,17,0,0,0.8333,0.39,0
7,18,0,0,0.8182,0.42,0
7,19,0,0,0.803,0.47,0
7,20,0,0,0.7879,0.49,0
7,21,0,0,0.7879,0.63,0
7,22,0,0,0.7576,0.66,0
7,23,0,0,0.7273,0.7,0
7,0,1,1,0.7273,0.7,0
7,1,1,1,0.7424,0.75,0
7,2,1,1,0.7121,0.79,0
7,3,1,1,0.7121,0.79,0
7,4,1,1,0.7121,0.84,0
7,5,1,1,0.7121,0.84,0
7,6,1,1,0.7121,0.84,0
7,7,1,1,0.7121,0.79,0
7,8,1,1,0.7424,0.75,0
7,9,1,1,0.803,0.66,0
7,10,1,1,0.803,0.59,0
7,11,1,1,0.8333,0.59,0
7,12,1,1,0.8333,0.59,0
7,13,1,1,0.7121,0.74,0
7,14,1,1,0.697,0.79,0
7,15,1,1,0.6667,0.84,0
7,16,1,1,0.6667,0.84,0
7,17,1,1,0.697,0.74,0
7,18,1,1,0.7121,0.74,0
7,19,1,1,0.697,0.7,0
7,20,1,1,0.697,0.74,0
7,21,1,1,0.6667,0.84,0
7,22,1,1,0.6667,0.84,0
7,23,1,1,0.6667,0.84,0
7,0,2,1,0.6667,0.79,0
7,1,2,1,0.6667,0.79,0
7,2,2,1,0.6364,0.89,0
7,3,2,1,0.6364,0.89,0
7,4,2,1,0.6364,0.88,0
7,5,2,1,0.5909,0.89,0
7,6,2,1,0.6364,0.83,0
7,7,2,1,0.6818,0.66,0
7,8,2,1,0.6818,0.55,0
7,9,2,1,0.6818,0.4,0
7,10,2,1,0.697,0.31,0
7,11,2,1,0.7121,0.3,0
7,12,2,1,0.7273,0.28,0
7,13,2,1,0.7273,0.32,0
7,14,2,1,0.7424,0.3,0
7,15,2,1,0.7576,0.28,0
7,16,2,1,0.7576,0.36,0
7,17,2,1,0.7576,0.36,0
7,18,2,1,0.7424,0.39,0
7,19,2,1,0.7424,0.43,0
7,20,2,1,0.7273,0.46,0
7,21,2,1,0.7121,0.49,0
7,22,2,1,0.697,0.55,0
7,23,2,1,0.7121,0.58,0
7,0,3,1,0.7121,0.52,0
7,1,3,1,0.7121,0.49,0
7,2,3,1,0.697,0.52,0
7,3,3,1,0.6667,0.58,0
7,4,3,1,0.6667,0.51,0
7,5,3,1,0.6515,0.54,0
7,6,3,1,0.6515,0.54,0
7,7,3,1,0.6667,0.48,0
7,8,3,1,0.6667,0.42,0
7,9,3,1,0.6667,0.35,0
7,10,3,1,0.6818,0.33,0
7,11,3,1,0.697,0.31,0
7,12,3,1,0.7121,0.3,0
7,13,3,1,0.7273,0.3,0
7,14,3,1,0.7273,0.28,0
7,15,3,1,0.7424,0.26,0
7,16,3,1,0.7273,0.25,0
7,17,3,1,0.7121,0.26,0
7,18,3,1,0.7121,0.28,0
7,19,3,1,0.697,0.29,0
7,20,3,1,0.6818,0.45,0
7,21,3,1,0.6667,0.48,0
7,22,3,1,0.6667,0.48,0
7,23,3,1,0.6667,0.45,0
7,0,4,1,0.6515,0.51,0
7,1,4,1,0.6667,0.51,0
7,2,4,1,0.6667,0.54,0
7,3,4,1,0.6667,0.54,0
7,4,4,1,0.6515,0.61,0
7,5,4,1,0.6515,0.65,0
7,6,4,1,0.6515,0.7,0
7,7,4,1,0.6818,0.7,0
7,8,4,1,0.697,0.66,0
7,9,4,1,0.7424,0.59,0
7,10,4,1,0.7576,0.55,0
7,11,4,1,0.8182,0.56,0
7,12,4,1,0.803,0.53,0
7,13,4,1,0.803,0.47,0
7,14,4,1,0.7879,0.49,0
7,15,4,1,0.8182,0.5,0
7,16,4,1,0.803,0.47,0
7,17,4,1,0.803,0.53,0
7,18,4,1,0.8182,0.56,0
7,19,4,1,0.803,0.59,0
7,20,4,1,0.7879,0.63,0
7,21,4,1,0.7576,0.66,0
7,22,4,1,0.7273,0.7,0
7,23,4,1,0.7424,0.75,0
7,0,5,1,0.7121,0.79,0
7,1,5,1,0.7121,0.79,0
7,2,5,1,0.7121,0.79,0
7,3,5,1,0.7121,0.79,0
7,4,5,1,0.7121,0.84,0
7,5,5,1,0.7121,0.84,0
7,6,5,1,0.7121,0.84,0
7,7,5,1,0.7121,0.79,0
7,8,5,1,0.7727,0.77,0
7,9,5,1,0.803,0.47,0
7,10,5,1,0.8485,0.42,0
7,11,5,1,0.8788,0.4,0
7,12,5,1,0.8636,0.31,0
7,13,5,1,0.8333,0.31,0
7,14,5,1,0.8636,0.3,0
7,15,5,1,0.8636,0.3,0
7,16,5,1,0.8636,0.3,0
7,17,5,1,0.8636,0.3,0
7,18,5,1,0.8636,0.37,0
7,19,5,1,0.8485,0.42,0
7,20,5,1,0.7879,0.41,0
7,21,5,1,0.7576,0.46,0
7,22,5,1,0.7424,0.49,0
7,23,5,1,0.7121,0.52,0
7,0,6,0,0.697,0.55,0
7,1,6,0,0.697,0.55,0
7,2,6,0,0.697,0.55,0
7,3,6,0,0.6818,0.62,0
7,4,6,0,0.6818,0.66,0
7,5,6,0,0.6818,0.7,0
7,6,6,0,0.6818,0.7,0
7,7,6,0,0.7273,0.66,0
7,8,6,0,0.7424,0.59,0
7,9,6,0,0.7576,0.46,0
7,10,6,0,0.7424,0.41,1
7,11,6,0,0.7424,0.36,1
7,12,6,0,0.7273,0.32,1
7,13,6,0,0.7576,0.29,1
7,14,6,0,0.7879,0.29,1
7,15,6,0,0.803,0.31,1
7,16,6,0,0.7879,0.27,1
7,17,6,0,0.7879,0.29,0
7,18,6,0,0.7576,0.28,0
7,19,6,0,0.6515,0.33,0
7,20,6,0,0.7424,0.43,0
7,21,6,0,0.7424,0.49,0
7,22,6,0,0.7121,0.52,0
7,23,6,0,0.697,0.55,0
7,0,0,0,0.697,0.55,0
7,1,0,0,0.6818,0.62,0
7,2,0,0,0.697,0.66,0
7,3,0,0,0.697,0.66,0
7,4,0,0,0.6818,0.7,0
7,5,0,0,0.6818,0.69,0
7,6,0,0,0.697,0.7,0
7,7,0,0,0.6818,0.58,0
7,8,0,0,0.697,0.55,0
7,9,0,0,0.7424,0.49,0
7,10,0,0,0.7424,0.36,1
7,11,0,0,0.7424,0.28,1
7,12,0,0,0.7727,0.25,1
7,13,0,0,0.7727,0.24,1
7,14,0,0,0.7727,0.24,1
7,15,0,0,0.7727,0.18,1
7,16,0,0,0.7727,0.17,1
7,17,0,0,0.7727,0.16,0
7,18,0,0,0.7879,0.41,0
7,19,0,0,0.7576,0.55,0
7,20,0,0,0.7576,0.55,0
7,21,0,0,0.7424,0.59,0
7,22,0,0,0.697,0.7,0
7,23,0,0,0.697,0.66,0
8,0,1,1,0.6818,0.7,0
8,1,1,1,0.697,0.74,0
8,2,1,1,0.6667,0.74,0
8,3,1,1,0.6667,0.79,0
8,4,1,1,0.6061,0.83,0
8,5,1,1,0.6061,0.83,0
8,6,1,1,0.6061,0.83,0
8,7,1,1,0.6818,0.62,0
8,8,1,1,0.7273,0.43,0
8,9,1,1,0.7424,0.41,0
8,10,1,1,0.7576,0.36,0
8,11,1,1,0.7727,0.32,0
8,12,1,1,0.803,0.33,0
8,13,1,1,0.803,0.31,0
8,14,1,1,0.8182,0.29,0
8,15,1,1,0.7879,0.27,0
8,16,1,1,0.7879,0.27,0
8,17,1,1,0.6818,0.45,0
8,18,1,1,0.697,0.43,0
8,19,1,1,0.6667,0.51,0
8,20,1,1,0.6818,0.62,0
8,21,1,1,0.6515,0.7,0
8,22,1,1,0.6515,0.7,0
8,23,1,1,0.6364,0.74,0
8,0,2,1,0.6212,0.74,0
8,1,2,1,0.6212,0.74,0
8,2,2,1,0.6364,0.69,0
8,3,2,1,0.6212,0.74,0
8,4,2,1,0.6212,0.74,0
8,5,2,1,0.6212,0.74,0
8,6,2,1,0.6364,0.69,0
8,7,2,1,0.6667,0.61,0
8,8,2,1,0.6818,0.58,0
8,9,2,1,0.697,0.46,0
8,10,2,1,0.7273,0.36,0
8,11,2,1,0.7273,0.32,0
8,12,2,1,0.7424,0.3,0
8,13,2,1,0.7424,0.3,0
8,14,2,1,0.7727,0.25,0
8,15,2,1,0.7727,0.25,0
8,16,2,1,0.7727,0.25,0
8,17,2,1,0.7879,0.27,0
8,18,2,1,0.7576,0.34,0
8,19,2,1,0.7576,0.36,0
8,20,2,1,0.7576,0.46,0
8,21,2,1,0.7424,0.52,0
8,22,2,1,0.7424,0.59,0
8,23,2,1,0.7424,0.49,0
8,0,3,1,0.7424,0.49,0
8,1,3,1,0.7121,0.52,0
8,2,3,1,0.7121,0.49,0
8,3,3,1,0.697,0.55,0
8,4,3,1,0.697,0.52,0
8,5,3,1,0.697,0.55,0
8,6,3,1,0.6818,0.66,0
8,7,3,1,0.6667,0.51,0
8,8,3,1,0.6667,0.51,0
8,9,3,1,0.6818,0.55,0
8,10,3,1,0.6818,0.58,0
8,11,3,1,0.6818,0.58,0
8,12,3,1,0.697,0.55,0
8,13,3,1,0.7121,0.58,0
8,14,3,1,0.7121,0.58,0
8,15,3,1,0.6667,0.79,0
8,16,3,1,0.6364,0.79,0
8,17,3,1,0.6667,0.79,0
8,18,3,1,0.6667,0.84,0
8,19,3,1,0.6667,0.84,0
8,20,3,1,0.6667,0.84,0
8,21,3,1,0.6364,0.89,0
8,22,3,1,0.6364,0.89,0
8,23,3,1,0.6364,0.89,0
8,0,4,1,0.6364,0.89,0
8,1,4,1,0.5909,0.94,0
8,2,4,1,0.5909,0.94,0
8,3,4,1,0.5909,0.94,0
8,4,4,1,0.6364,0.89,0
8,5,4,1,0.6364,0.89,0
8,6,4,1,0.6364,0.89,0
8,7,4,1,0.6364,0.89,0
8,8,4,1,0.6515,0.82,0
8,9,4,1,0.697,0.74,0
8,10,4,1,0.6667,0.71,0
8,11,4,1,0.697,0.66,0
8,12,4,1,0.7121,0.62,0
8,13,4,1,0.7121,0.58,0
8,14,4,1,0.7576,0.55,0
8,15,4,1,0.7576,0.55,0
8,16,4,1,0.7121,0.62,0
8,17,4,1,0.7121,0.62,0
8,18,4,1,0.6667,0.74,0
8,19,4,1,0.6667,0.74,0
8,20,4,1,0.6667,0.74,0
8,21,4,1,0.6667,0.74,0
8,22,4,1,0.6364,0.74,0
8,23,4,1,0.6212,0.74,0
8,0,5,1,0.6212,0.74,0
8,1,5,1,0.5909,0.78,0
8,2,5,1,0.6212,0.69,0
8,3,5,1,0.5909,0.78,0
8,4,5,1,0.5909,0.78,0
8,5,5,1,0.5909,0.78,0
8,6,5,1,0.5909,0.78,0
8,7,5,1,0.6061,0.78,0
8,8,5,1,0.6515,0.65,0
8,9,5,1,0.6667,0.58,0
8,10,5,1,0.6818,0.55,0
8,11,5,1,0.697,0.52,0
8,12,5,1,0.697,0.52,0
8,13,5,1,0.7121,0.52,0
8,14,5,1,0.7121,0.52,0
8,15,5,1,0.697,0.55,0
8,16,5,1,0.7424,0.49,0
8,17,5,1,0.7121,0.49,0
8,18,5,1,0.697,0.52,0
8,19,5,1,0.6818,0.55,0
8,20,5,1,0.6667,0.58,0
8,21,5,1,0.6515,0.65,0
8,22,5,1,0.6515,0.65,0
8,23,5,1,0.6364,0.69,0
8,0,6,0,0.6061,0.78,0
8,1,6,0,0.6061,0.78,0
8,2,6,0,0.6061,0.78,0
8,3,6,0,0.6061,0.78,0
8,4,6,0,0.6061,0.83,0
8,5,6,0,0.5758,0.89,0
8,6,6,0,0.5758,0.89,0
8,7,6,0,0.6364,0.83,0
8,8,6,0,0.6364,0.83,0
8,9,6,0,0.697,0.7,0
8,10,6,0,0.697,0.7,1
8,11,6,0,0.7424,0.62,1
8,12,6,0,0.7576,0.55,1
8,13,6,0,0.7727,0.59,1
8,14,6,0,0.7727,0.52,1
8,15,6,0,0.803,0.53,1
8,16,6,0,0.7121,0.79,1
8,17,6,0,0.7121,0.79,0
8,18,6,0,0.697,0.79,0
8,19,6,0,0.7121,0.84,0
8,20,6,0,0.697,0.79,0
8,21,6,0,0.6667,0.84,0
8,22,6,0,0.6667,0.84,0
8,23,6,0,0.6667,0.84,0
8,0,0,0,0.6667,0.84,0
8,1,0,0,0.6667,0.84,0
8,2,0,0,0.6667,0.84,0
8,3,0,0,0.6667,0.84,0
8,4,0,0,0.6667,0.84,0
8,5,0,0,0.6667,0.89,0
8,6,0,0,0.6667,0.89,0
8,7,0,0,0.6667,0.84,0
8,8,0,0,0.697,0.79,0
8,9,0,0,0.7424,0.75,0
8,10,0,0,0.803,0.66,1
8,11,0,0,0.8333,0.63,1
8,12,0,0,0.8485,0.42,1
8,13,0,0,0.8485,0.42,1
8,14,0,0,0.803,0.47,1
8,15,0,0,0.697,0.74,1
8,16,0,0,0.697,0.74,1
8,17,0,0,0.7121,0.74,0
8,18,0,0,0.697,0.74,0
8,19,0,0,0.697,0.79,0
8,20,0,0,0.7121,0.84,0
8,21,0,0,0.7121,0.84,0
8,22,0,0,0.6667,0.89,0
8,23,0,0,0.6667,0.79,0
8,0,1,1,0.6667,0.79,0
8,1,1,1,0.6364,0.83,0
8,2,1,1,0.5909,0.89,0
8,3,1,1,0.5909,0.89,0
8,4,1,1,0.5909,0.89,0
8,5,1,1,0.6667,0.79,0
8,6,1,1,0.6515,0.65,0
8,7,1,1,0.6818,0.62,0
8,8,1,1,0.6818,0.58,0
8,9,1,1,0.697,0.55,0
8,10,1,1,0.7424,0.52,0
8,11,1,1,0.7424,0.48,0
8,12,1,1,0.7576,0.46,0
8,13,1,1,0.7576,0.44,0
8,14,1,1,0.7424,0.43,0
8,15,1,1,0.7576,0.41,0
8,16,1,1,0.7727,0.39,0
8,17,1,1,0.7727,0.39,0
8,18,1,1,0.7576,0.41,0
8,19,1,1,0.7424,0.43,0
8,20,1,1,0.7576,0.55,0
8,21,1,1,0.7121,0.58,0
8,22,1,1,0.7121,0.58,0
8,23,1,1,0.697,0.66,0
8,0,2,1,0.697,0.79,0
8,1,2,1,0.6818,0.66,0
8,2,2,1,0.6818,0.7,0
8,3,2,1,0.6818,0.62,0
8,4,2,1,0.6667,0.74,0
8,5,2,1,0.6515,0.65,0
8,6,2,1,0.6667,0.64,0
8,7,2,1,0.697,0.74,0
8,8,2,1,0.697,0.66,0
8,9,2,1,0.7424,0.62,0
8,10,2,1,0.7727,0.59,0
8,11,2,1,0.7727,0.59,0
8,12,2,1,0.7879,0.56,0
8,13,2,1,0.7879,0.49,0
8,14,2,1,0.7879,0.44,0
8,15,2,1,0.7727,0.39,0
8,16,2,1,0.7727,0.39,0
8,17,2,1,0.7576,0.55,0
8,18,2,1,0.7576,0.55,0
8,19,2,1,0.7424,0.49,0
8,20,2,1,0.7273,0.43,0
8,21,2,1,0.697,0.46,0
8,22,2,1,0.697,0.46,0
8,23,2,1,0.6818,0.48,0
8,0,3,1,0.6667,0.51,0
8,1,3,1,0.6667,0.54,0
8,2,3,1,0.6667,0.54,0
8,3,3,1,0.6515,0.58,0
8,4,3,1,0.6515,0.54,0
8,5,3,1,0.6364,0.61,0
8,6,3,1,0.6364,0.61,0
8,7,3,1,0.6515,0.58,0
8,8,3,1,0.6667,0.51,0
8,9,3,1,0.6818,0.48,0
8,10,3,1,0.7273,0.43,0
8,11,3,1,0.7121,0.41,0
8,12,3,1,0.7273,0.38,0
8,13,3,1,0.7273,0.38,0
8,14,3,1,0.7273,0.34,0
8,15,3,1,0.7424,0.3,0
8,16,3,1,0.7424,0.26,0
8,17,3,1,0.7121,0.26,0
8,18,3,1,0.7121,0.28,0
8,19,3,1,0.697,0.26,0
8,20,3,1,0.6667,0.31,0
8,21,3,1,0.6667,0.33,0
8,22,3,1,0.6515,0.37,0
8,23,3,1,0.6515,0.37,0
8,0,4,1,0.6364,0.45,0
8,1,4,1,0.6364,0.45,0
8,2,4,1,0.6212,0.54,0
8,3,4,1,0.6212,0.57,0
8,4,4,1,0.6212,0.57,0
8,5,4,1,0.6212,0.61,0
8,6,4,1,0.6061,0.65,0
8,7,4,1,0.6212,0.54,0
8,8,4,1,0.6364,0.45,0
8,9,4,1,0.6515,0.39,0
8,10,4,1,0.6515,0.37,0
8,11,4,1,0.6667,0.35,0
8,12,4,1,0.6818,0.31,0
8,13,4,1,0.6667,0.31,0
8,14,4,1,0.697,0.29,0
8,15,4,1,0.697,0.29,0
8,16,4,1,0.697,0.27,0
8,17,4,1,0.697,0.29,0
8,18,4,1,0.6818,0.29,0
8,19,4,1,0.6515,0.35,0
8,20,4,1,0.6515,0.37,0
8,21,4,1,0.6515,0.48,0
8,22,4,1,0.6515,0.48,0
8,23,4,1,0.6212,0.5,0
8,0,5,1,0.6212,0.53,0
8,1,5,1,0.6212,0.53,0
8,2,5,1,0.6212,0.57,0
8,3,5,1,0.6212,0.53,0
8,4,5,1,0.6212,0.53,0
8,5,5,1,0.6212,0.56,0
8,6,5,1,0.6212,0.5,0
8,7,5,1,0.6212,0.44,0
8,8,5,1,0.6364,0.39,0
8,9,5,1,0.6515,0.34,0
8,10,5,1,0.6515,0.33,0
8,11,5,1,0.6667,0.29,0
8,12,5,1,0.697,0.27,0
8,13,5,1,0.6818,0.29,0
8,14,5,1,0.697,0.29,0
8,15,5,1,0.697,0.29,0
8,16,5,1,0.7121,0.28,0
8,17,5,1,0.7121,0.26,0
8,18,5,1,0.6818,0.4,0
8,19,5,1,0.6667,0.42,0
8,20,5,1,0.6515,0.42,0
8,21,5,1,0.6515,0.48,0
8,22,5,1,0.6364,0.51,0
8,23,5,1,0.6364,0.51,0
8,0,6,0,0.6364,0.51,0
8,1,6,0,0.6364,0.57,0
8,2,6,0,0.6364,0.57,0
8,3,6,0,0.6212,0.65,0
8,4,6,0,0.6061,0.73,0
8,5,6,0,0.6061,0.73,0
8,6,6,0,0.6061,0.73,0
8,7,6,0,0.6212,0.74,0
8,8,6,0,0.6515,0.65,0
8,9,6,0,0.6667,0.74,0
8,10,6,0,0.697,0.74,1
8,11,6,0,0.697,0.7,1
8,12,6,0,0.5909,0.89,1
8,13,6,0,0.7121,0.74,1
8,14,6,0,0.697,0.7,1
8,15,6,0,0.6364,0.79,1
8,16,6,0,0.6667,0.74,1
8,17,6,0,0.697,0.74,0
8,18,6,0,0.6667,0.74,0
8,19,6,0,0.6364,0.79,0
8,20,6,0,0.6364,0.83,0
8,21,6,0,0.6364,0.83,0
8,22,6,0,0.6364,0.83,0
8,23,6,0,0.6061,0.83,0
8,0,0,0,0.6061,0.83,0
8,1,0,0,0.5758,0.89,0
8,2,0,0,0.5758,0.89,0
8,3,0,0,0.5606,0.94,0
8,4,0,0,0.5606,0.94,0
8,5,0,0,0.5606,0.94,0
8,6,0,0,0.5606,0.94,0
8,7,0,0,0.5909,0.89,0
8,8,0,0,0.5909,0.89,0
8,9,0,0,0.5909,0.89,0
8,10,0,0,0.6667,0.79,1
8,11,0,0,0.6667,0.79,1
8,12,0,0,0.6667,0.79,1
8,13,0,0,0.697,0.74,1
8,14,0,0,0.697,0.7,1
8,15,0,0,0.697,0.66,1
8,16,0,0,0.697,0.66,1
8,17,0,0,0.7121,0.62,0
8,18,0,0,0.697,0.66,0
8,19,0,0,0.697,0.74,0
8,20,0,0,0.6667,0.84,0
8,21,0,0,0.5455,0.88,0
8,22,0,0,0.5455,0.88,0
8,23,0,0,0.5606,0.83,0
8,0,1,1,0.5455,0.88,0
8,1,1,1,0.5455,0.88,0
8,2,1,1,0.5606,0.83,0
8,3,1,1,0.5606,0.83,0
8,4,1,1,0.5606,0.83,0
8,5,1,1,0.5455,0.88,0
8,6,1,1,0.5455,0.88,0
8,7,1,1,0.5455,0.88,0
8,8,1,1,0.5909,0.78,0
8,9,1,1,0.5909,0.78,0
8,10,1,1,0.6364,0.69,0
8,11,1,1,0.6818,0.62,0
8,12,1,1,0.6818,0.58,0
8,13,1,1,0.7121,0.52,0
8,14,1,1,0.6818,0.55,0
8,15,1,1,0.6818,0.55,0
8,16,1,1,0.6818,0.55,0
8,17,1,1,0.6667,0.51,0
8,18,1,1,0.6515,0.65,0
8,19,1,1,0.6515,0.65,0
8,20,1,1,0.6212,0.74,0
8,21,1,1,0.6212,0.65,0
8,22,1,1,0.6212,0.69,0
8,23,1,1,0.6061,0.69,0
8,0,2,1,0.6061,0.69,0
8,1,2,1,0.6061,0.69,0
8,2,2,1,0.5909,0.73,0
8,3,2,1,0.5909,0.73,0
8,4,2,1,0.6061,0.69,0
8,5,2,1,0.5909,0.73,0
8,6,2,1,0.5909,0.73,0
8,7,2,1,0.6061,0.69,0
8,8,2,1,0.6515,0.58,0
8,9,2,1,0.6364,0.61,0
8,10,2,1,0.6515,0.58,0
8,11,2,1,0.6667,0.51,0
8,12,2,1,0.6818,0.48,0
8,13,2,1,0.6818,0.48,0
8,14,2,1,0.6818,0.45,0
8,15,2,1,0.7121,0.41,0
8,16,2,1,0.7121,0.41,0
8,17,2,1,0.6818,0.45,0
8,18,2,1,0.6818,0.45,0
8,19,2,1,0.6667,0.48,0
8,20,2,1,0.6667,0.51,0
8,21,2,1,0.6667,0.54,0
8,22,2,1,0.6515,0.61,0
8,23,2,1,0.6212,0.65,0
8,0,3,1,0.6212,0.69,0
8,1,3,1,0.6061,0.73,0
8,2,3,1,0.6212,0.69,0
8,3,3,1,0.5909,0.78,0
8,4,3,1,0.6061,0.73,0
8,5,3,1,0.6061,0.73,0
8,6,3,1,0.5909,0.78,0
8,7,3,1,0.6212,0.65,0
8,8,3,1,0.6515,0.54,0
8,9,3,1,0.6667,0.48,0
8,10,3,1,0.6818,0.43,0
8,11,3,1,0.697,0.43,0
8,12,3,1,0.7273,0.43,0
8,13,3,1,0.7121,0.41,0
8,14,3,1,0.7273,0.36,0
8,15,3,1,0.7273,0.43,0
8,16,3,1,0.7424,0.43,0
8,17,3,1,0.7424,0.49,0
8,18,3,1,0.697,0.55,0
8,19,3,1,0.697,0.55,0
8,20,3,1,0.6818,0.58,0
8,21,3,1,0.6818,0.62,0
8,22,3,1,0.6515,0.65,0
8,23,3,1,0.6515,0.65,0
8,0,4,1,0.6364,0.65,0
8,1,4,1,0.6212,0.65,0
8,2,4,1,0.6212,0.65,0
8,3,4,1,0.6212,0.69,0
8,4,4,1,0.6061,0.73,0
8,5,4,1,0.5909,0.78,0
8,6,4,1,0.5909,0.78,0
8,7,4,1,0.5909,0.78,0
8,8,4,1,0.6212,0.74,0
8,9,4,1,0.6818,0.66,0
8,10,4,1,0.697,0.66,0
8,11,4,1,0.7121,0.58,0
8,12,4,1,0.7424,0.52,0
8,13,4,1,0.7424,0.52,0
8,14,4,1,0.7576,0.46,0
8,15,4,1,0.7273,0.46,0
8,16,4,1,0.7273,0.46,0
8,17,4,1,0.7273,0.46,0
8,18,4,1,0.697,0.55,0
8,19,4,1,0.6061,0.83,0
8,20,4,1,0.6061,0.83,0
8,21,4,1,0.6364,0.79,0
8,22,4,1,0.6667,0.74,0
8,23,4,1,0.6667,0.74,0
8,0,5,1,0.6364,0.69,0
8,1,5,1,0.5758,0.89,0
8,2,5,1,0.5758,0.83,0
8,3,5,1,0.5909,0.78,0
8,4,5,1,0.5758,0.83,0
8,5,5,1,0.5758,0.83,0
8,6,5,1,0.5758,0.83,0
8,7,5,1,0.6061,0.83,0
8,8,5,1,0.6061,0.83,0
8,9,5,1,0.6515,0.65,0
8,10,5,1,0.6818,0.62,0
8,11,5,1,0.6818,0.66,0
8,12,5,1,0.6818,0.62,0
8,13,5,1,0.7121,0.62,0
8,14,5,1,0.7273,0.55,0
8,15,5,1,0.7424,0.49,0
8,16,5,1,0.7424,0.49,0
8,17,5,1,0.7121,0.58,0
8,18,5,1,0.7121,0.58,0
8,19,5,1,0.5909,0.73,0
8,20,5,1,0.5758,0.83,0
8,21,5,1,0.5758,0.83,0
8,22,5,1,0.5455,0.88,0
8,23,5,1,0.5455,0.88,0
8,0,6,0,0.5455,0.88,0
8,1,6,0,0.5758,0.83,0
8,2,6,0,0.5909,0.78,0
8,3,6,0,0.5909,0.78,0
8,4,6,0,0.5455,0.88,0
8,5,6,0,0.5606,0.83,0
8,6,6,0,0.5606,0.83,0
8,7,6,0,0.5758,0.83,0
8,8,6,0,0.6212,0.69,0
8,9,6,0,0.6515,0.65,0
8,10,6,0,0.6818,0.62,1
8,11,6,0,0.6667,0.58,1
8,12,6,0,0.6818,0.58,1
8,13,6,0,0.697,0.55,1
8,14,6,0,0.7424,0.49,1
8,15,6,0,0.7273,0.43,1
8,16,6,0,0.7273,0.46,1
8,17,6,0,0.7424,0.49,0
8,18,6,0,0.7121,0.58,0
8,19,6,0,0.6818,0.62,0
8,20,6,0,0.6818,0.62,0
8,21,6,0,0.6818,0.7,0
8,22,6,0,0.6667,0.74,0
8,23,6,0,0.6667,0.74,0
8,0,0,0,0.6667,0.74,0
8,1,0,0,0.6364,0.79,0
8,2,0,0,0.6364,0.79,0
8,3,0,0,0.6061,0.83,0
8,4,0,0,0.6364,0.83,0
8,5,0,0,0.5909,0.89,0
8,6,0,0,0.5909,0.89,0
8,7,0,0,0.6364,0.83,0
8,8,0,0,0.6667,0.79,0
8,9,0,0,0.697,0.74,0
8,10,0,0,0.7121,0.74,1
8,11,0,0,0.7879,0.63,1
8,12,0,0,0.803,0.59,1
8,13,0,0,0.7727,0.59,1
8,14,0,0,0.6667,0.79,1
8,15,0,0,0.6667,0.84,1
8,16,0,0,0.697,0.79,1
8,17,0,0,0.697,0.79,0
8,18,0,0,0.697,0.79,0
8,19,0,0,0.6818,0.7,0
8,20,0,0,0.6667,0.79,0
8,21,0,0,0.6667,0.79,0
8,22,0,0,0.6667,0.79,0
8,23,0,0,0.6667,0.74,0
8,0,1,1,0.6364,0.79,0
8,1,1,1,0.6364,0.79,0
8,2,1,1,0.6515,0.65,0
8,3,1,1,0.6515,0.65,0
8,4,1,1,0.6364,0.65,0
8,5,1,1,0.6212,0.65,0
8,6,1,1,0.6212,0.61,0
8,7,1,1,0.6212,0.61,0
8,8,1,1,0.6212,0.61,0
8,9,1,1,0.6364,0.54,0
8,10,1,1,0.6515,0.48,0
8,11,1,1,0.6515,0.34,0
8,12,1,1,0.6515,0.35,0
8,13,1,1,0.6515,0.3,0
8,14,1,1,0.6515,0.3,0
8,15,1,1,0.6515,0.3,0
8,16,1,1,0.6515,0.3,0
8,17,1,1,0.6515,0.27,0
8,18,1,1,0.6515,0.28,0
8,19,1,1,0.6364,0.3,0
8,20,1,1,0.6212,0.34,0
8,21,1,1,0.6212,0.38,0
8,22,1,1,0.6212,0.38,0
8,23,1,1,0.6212,0.41,0
8,0,2,1,0.6212,0.43,0
8,1,2,1,0.5455,0.49,0
8,2,2,1,0.5303,0.52,0
8,3,2,1,0.5303,0.52,0
8,4,2,1,0.5152,0.56,0
8,5,2,1,0.5152,0.56,0
8,6,2,1,0.5152,0.6,0
8,7,2,1,0.6212,0.49,0
8,8,2,1,0.6212,0.5,0
8,9,2,1,0.6212,0.44,0
8,10,2,1,0.6364,0.37,0
8,11,2,1,0.6364,0.34,0
8,12,2,1,0.6364,0.39,0
8,13,2,1,0.6515,0.3,0
8,14,2,1,0.6515,0.3,0
8,15,2,1,0.6515,0.34,0
8,16,2,1,0.6515,0.32,0
8,17,2,1,0.6515,0.34,0
8,18,2,1,0.6515,0.34,0
8,19,2,1,0.6212,0.5,0
8,20,2,1,0.6212,0.53,0
8,21,2,1,0.6212,0.57,0
8,22,2,1,0.6212,0.57,0
8,23,2,1,0.6061,0.61,0
8,0,3,1,0.6212,0.57,0
8,1,3,1,0.6061,0.6,0
8,2,3,1,0.5455,0.68,0
8,3,3,1,0.5455,0.68,0
8,4,3,1,0.5303,0.73,0
8,5,3,1,0.5303,0.73,0
8,6,3,1,0.5303,0.73,0
8,7,3,1,0.6061,0.64,0
8,8,3,1,0.6061,0.69,0
8,9,3,1,0.6061,0.69,0
8,10,3,1,0.6515,0.58,0
8,11,3,1,0.6667,0.54,0
8,12,3,1,0.6818,0.55,0
8,13,3,1,0.6818,0.48,0
8,14,3,1,0.6818,0.48,0
8,15,3,1,0.6818,0.48,0
8,16,3,1,0.697,0.52,0
8,17,3,1,0.697,0.52,0
8,18,3,1,0.6818,0.55,0
8,19,3,1,0.6818,0.55,0
8,20,3,1,0.6667,0.58,0
8,21,3,1,0.6515,0.61,0
8,22,3,1,0.6515,0.65,0
8,23,3,1,0.6364,0.69,0
8,0,4,1,0.6364,0.74,0
8,1,4,1,0.6364,0.69,0
8,2,4,1,0.6364,0.69,0
8,3,4,1,0.6212,0.74,0
8,4,4,1,0.6061,0.78,0
8,5,4,1,0.6061,0.83,0
8,6,4,1,0.6061,0.83,0
8,7,4,1,0.6364,0.79,0
8,8,4,1,0.6667,0.74,0
8,9,4,1,0.6818,0.7,0
8,10,4,1,0.697,0.66,0
8,11,4,1,0.6667,0.79,0
8,12,4,1,0.6667,0.79,0
8,13,4,1,0.6667,0.79,0
8,14,4,1,0.697,0.74,0
8,15,4,1,0.697,0.7,0
8,16,4,1,0.7121,0.84,0
8,17,4,1,0.7121,0.84,0
8,18,4,1,0.7121,0.84,0
8,19,4,1,0.6061,0.78,0
8,20,4,1,0.5909,0.78,0
8,21,4,1,0.5909,0.78,0
8,22,4,1,0.5758,0.83,0
8,23,4,1,0.5758,0.83,0
8,0,5,1,0.5758,0.83,0
8,1,5,1,0.5758,0.83,0
8,2,5,1,0.5606,0.88,0
8,3,5,1,0.5455,0.88,0
8,4,5,1,0.5606,0.88,0
8,5,5,1,0.5606,0.88,0
8,6,5,1,0.5606,0.88,0
8,7,5,1,0.5758,0.83,0
8,8,5,1,0.6061,0.83,0
8,9,5,1,0.6667,0.74,0
8,10,5,1,0.697,0.66,0
8,11,5,1,0.7121,0.62,0
8,12,5,1,0.7273,0.66,0
8,13,5,1,0.7424,0.59,0
8,14,5,1,0.7727,0.59,0
8,15,5,1,0.7727,0.59,0
8,16,5,1,0.7424,0.62,0
8,17,5,1,0.7121,0.74,0
8,18,5,1,0.7121,0.74,0
8,19,5,1,0.697,0.79,0
8,20,5,1,0.697,0.79,0
8,21,5,1,0.697,0.79,0
8,22,5,1,0.697,0.79,0
8,23,5,1,0.6667,0.84,0
8,0,6,0,0.6667,0.84,0
8,1,6,0,0.6667,0.84,0
8,2,6,0,0.6667,0.84,0
8,3,6,0,0.6667,0.84,0
8,4,6,0,0.6667,0.84,0
8,5,6,0,0.6667,0.84,0
8,6,6,0,0.6667,0.84,0
8,7,6,0,0.6667,0.84,0
8,8,6,0,0.6667,0.84,0
8,9,6,0,0.6667,0.84,0
8,10,6,0,0.6667,0.79,1
8,11,6,0,0.5909,0.89,1
8,12,6,0,0.6061,0.83,1
8,13,6,0,0.6061,0.83,1
8,14,6,0,0.5758,0.89,1
8,15,6,0,0.5758,0.89,1
8,16,6,0,0.5758,0.89,1
8,17,6,0,0.5758,0.89,0
8,7,0,0,0.5758,0.83,0
8,8,0,0,0.5758,0.83,0
8,9,0,0,0.6212,0.74,0
8,10,0,0,0.6515,0.61,1
8,11,0,0,0.6515,0.58,1
8,12,0,0,0.6667,0.51,1
8,13,0,0,0.6818,0.45,1
8,14,0,0,0.697,0.43,1
8,15,0,0,0.697,0.43,1
8,16,0,0,0.7121,0.36,1
8,17,0,0,0.6818,0.4,0
8,18,0,0,0.6667,0.42,0
8,19,0,0,0.6667,0.48,0
8,20,0,0,0.6515,0.45,0
8,21,0,0,0.6212,0.61,0
8,22,0,0,0.6061,0.69,0
8,23,0,0,0.5909,0.73,0
8,0,1,1,0.5909,0.73,0
8,1,1,1,0.5909,0.69,0
8,2,1,1,0.5909,0.69,0
8,3,1,1,0.5909,0.69,0
8,4,1,1,0.5303,0.68,0
8,5,1,1,0.5303,0.73,0
8,6,1,1,0.5303,0.73,0
8,7,1,1,0.6061,0.6,0
8,8,1,1,0.6212,0.57,0
8,9,1,1,0.6212,0.53,0
8,10,1,1,0.6212,0.47,0
8,11,1,1,0.6212,0.47,0
8,12,1,1,0.6364,0.44,0
8,13,1,1,0.6364,0.39,0
8,14,1,1,0.6364,0.42,0
8,15,1,1,0.6364,0.42,0
8,16,1,1,0.6515,0.42,0
8,17,1,1,0.6364,0.47,0
8,18,1,1,0.6212,0.47,0
8,19,1,1,0.6212,0.47,0
8,20,1,1,0.6212,0.53,0
8,21,1,1,0.6212,0.53,0
8,22,1,1,0.6212,0.57,0
8,23,1,1,0.6061,0.6,0
8,0,2,1,0.5303,0.73,0
8,1,2,1,0.5303,0.68,0
8,2,2,1,0.5152,0.73,0
8,3,2,1,0.5152,0.73,0
8,4,2,1,0.5,0.77,0
8,5,2,1,0.5,0.77,0
8,6,2,1,0.5152,0.73,0
8,7,2,1,0.5303,0.68,0
8,8,2,1,0.6212,0.57,0
8,9,2,1,0.6212,0.5,0
8,10,2,1,0.6364,0.39,0
8,11,2,1,0.6515,0.37,0
8,12,2,1,0.6515,0.37,0
8,13,2,1,0.6515,0.35,0
8,14,2,1,0.6515,0.33,0
8,15,2,1,0.6515,0.35,0
8,16,2,1,0.6515,0.37,0
8,17,2,1,0.6515,0.42,0
8,18,2,1,0.6364,0.45,0
8,19,2,1,0.6212,0.5,0
8,20,2,1,0.6212,0.5,0
8,21,2,1,0.6061,0.65,0
8,22,2,1,0.6061,0.61,0
8,23,2,1,0.6061,0.61,0
8,0,3,1,0.5909,0.69,0
8,1,3,1,0.5909,0.69,0
8,2,3,1,0.5303,0.73,0
8,3,3,1,0.5303,0.78,0
8,4,3,1,0.5303,0.73,0
8,5,3,1,0.5152,0.83,0
8,6,3,1,0.5152,0.77,0
8,7,3,1,0.5758,0.78,0
8,8,3,1,0.6061,0.69,0
8,9,3,1,0.6061,0.69,0
8,10,3,1,0.6364,0.45,0
8,11,3,1,0.6515,0.42,0
8,12,3,1,0.6667,0.43,0
8,13,3,1,0.6515,0.37,0
8,14,3,1,0.6515,0.4,0
8,15,3,1,0.6515,0.4,0
8,16,3,1,0.6667,0.42,0
8,17,3,1,0.6515,0.45,0
8,18,3,1,0.6515,0.51,0
8,19,3,1,0.7727,0.47,0
8,20,3,1,0.6212,0.57,0
8,21,3,1,0.6212,0.61,0
8,22,3,1,0.6061,0.69,0
8,23,3,1,0.5758,0.78,0
9,0,4,1,0.5758,0.78,0
9,1,4,1,0.5909,0.73,0
9,2,4,1,0.5455,0.78,0
9,3,4,1,0.5455,0.78,0
9,4,4,1,0.5303,0.83,0
9,5,4,1,0.5303,0.73,0
9,6,4,1,0.5758,0.78,0
9,7,4,1,0.5758,0.78,0
9,8,4,1,0.5909,0.73,0
9,9,4,1,0.6061,0.69,0
9,10,4,1,0.6364,0.61,0
9,11,4,1,0.6667,0.51,0
9,12,4,1,0.6667,0.51,0
9,13,4,1,0.6667,0.48,0
9,14,4,1,0.6667,0.54,0
9,15,4,1,0.6667,0.51,0
9,16,4,1,0.6667,0.51,0
9,17,4,1,0.6667,0.54,0
9,18,4,1,0.6667,0.54,0
9,19,4,1,0.6515,0.58,0
9,20,4,1,0.6212,0.61,0
9,21,4,1,0.6212,0.57,0
9,22,4,1,0.6212,0.57,0
9,23,4,1,0.6061,0.65,0
9,0,5,1,0.6061,0.65,0
9,1,5,1,0.5909,0.73,0
9,2,5,1,0.5909,0.73,0
9,3,5,1,0.5606,0.83,0
9,4,5,1,0.5606,0.83,0
9,5,5,1,0.5606,0.83,0
9,6,5,1,0.5606,0.83,0
9,7,5,1,0.5606,0.83,0
9,8,5,1,0.5909,0.78,0
9,9,5,1,0.5758,0.83,0
9,10,5,1,0.6061,0.76,0
9,11,5,1,0.6212,0.74,0
9,12,5,1,0.6212,0.69,0
9,13,5,1,0.6364,0.65,0
9,14,5,1,0.6515,0.61,0
9,15,5,1,0.6515,0.61,0
9,16,5,1,0.6515,0.61,0
9,17,5,1,0.6364,0.65,0
9,18,5,1,0.6364,0.65,0
9,19,5,1,0.6212,0.69,0
9,20,5,1,0.6061,0.73,0
9,21,5,1,0.6061,0.73,0
9,22,5,1,0.6061,0.73,0
9,23,5,1,0.6061,0.73,0
9,0,6,0,0.6061,0.73,0
9,1,6,0,0.6061,0.69,0
9,2,6,0,0.6061,0.69,0
9,3,6,0,0.5909,0.73,0
9,4,6,0,0.5909,0.73,0
9,5,6,0,0.6061,0.69,0
9,6,6,0,0.5909,0.73,0
9,7,6,0,0.5909,0.73,0
9,8,6,0,0.6061,0.69,0
9,9,6,0,0.6212,0.69,0
9,10,6,0,0.6212,0.65,1
9,11,6,0,0.6212,0.69,1
9,12,6,0,0.6515,0.61,1
9,13,6,0,0.6515,0.65,1
9,14,6,0,0.6818,0.66,1
9,15,6,0,0.6818,0.7,1
9,16,6,0,0.6818,0.7,1
9,17,6,0,0.6818,0.7,0
9,18,6,0,0.6818,0.7,0
9,19,6,0,0.6667,0.74,0
9,20,6,0,0.6667,0.79,0
9,21,6,0,0.6364,0.83,0
9,22,6,0,0.6364,0.83,0
9,23,6,0,0.6212,0.85,0
9,0,0,0,0.5909,0.89,0
9,1,0,0,0.6061,0.83,0
9,2,0,0,0.6061,0.83,0
9,3,0,0,0.5758,0.89,0
9,4,0,0,0.5758,0.83,0
9,5,0,0,0.5758,0.83,0
9,6,0,0,0.5758,0.84,0
9,7,0,0,0.6061,0.78,0
9,8,0,0,0.6061,0.78,0
9,9,0,0,0.6061,0.78,0
9,10,0,0,0.6667,0.74,1
9,11,0,0,0.697,0.7,1
9,12,0,0,0.7273,0.66,1
9,13,0,0,0.7424,0.62,1
9,14,0,0,0.7576,0.66,1
9,15,0,0,0.7576,0.66,1
9,16,0,0,0.7727,0.59,1
9,17,0,0,0.7273,0.66,0
9,18,0,0,0.7273,0.66,0
9,19,0,0,0.697,0.7,0
9,20,0,0,0.697,0.7,0
9,21,0,0,0.697,0.74,0
9,22,0,0,0.697,0.74,0
9,23,0,0,0.6818,0.7,0
9,0,1,0,0.6667,0.74,0
9,1,1,0,0.6364,0.79,0
9,2,1,0,0.6364,0.79,0
9,3,1,0,0.6364,0.74,0
9,4,1,0,0.6364,0.69,0
9,5,1,0,0.6212,0.74,0
9,6,1,0,0.6212,0.74,0
9,7,1,0,0.6212,0.74,0
9,8,1,0,0.6061,0.78,0
9,9,1,0,0.6364,0.74,0
9,10,1,0,0.6515,0.7,1
9,11,1,0,0.6667,0.74,1
9,12,1,0,0.6818,0.7,1
9,13,1,0,0.697,0.7,1
9,14,1,0,0.697,0.7,1
9,15,1,0,0.6364,0.79,1
9,16,1,0,0.6364,0.79,1
9,17,1,0,0.5909,0.89,0
9,18,1,0,0.5909,0.89,0
9,19,1,0,0.5909,0.94,0
9,20,1,0,0.5909,0.94,0
9,21,1,0,0.5909,0.94,0
9,22,1,0,0.5455,0.88,0
9,23,1,0,0.5303,0.88,0
9,0,2,1,0.5152,0.94,0
9,2,2,1,0.5152,0.94,0
9,3,2,1,0.5152,0.94,0
9,4,2,1,0.5152,0.94,0
9,5,2,1,0.5152,0.88,0
9,6,2,1,0.5152,0.88,0
9,7,2,1,0.5152,0.83,0
9,8,2,1,0.5152,0.83,0
9,9,2,1,0.5152,0.81,0
9,10,2,1,0.5152,0.83,0
9,11,2,1,0.5152,0.83,0
9,12,2,1,0.5152,0.83,0
9,13,2,1,0.5152,0.88,0
9,14,2,1,0.5152,0.88,0
9,15,2,1,0.5152,0.94,0
9,16,2,1,0.5152,0.94,0
9,17,2,1,0.5152,0.88,0
9,18,2,1,0.5152,0.88,0
9,19,2,1,0.5152,0.88,0
9,20,2,1,0.5152,0.88,0
9,21,2,1,0.5152,0.88,0
9,22,2,1,0.5152,0.94,0
9,23,2,1,0.5152,0.94,0
9,0,3,1,0.5152,0.94,0
9,1,3,1,0.5152,0.94,0
9,2,3,1,0.5152,0.94,0
9,3,3,1,0.5303,0.94,0
9,4,3,1,0.5303,0.94,0
9,5,3,1,0.5303,1.0,0
9,6,3,1,0.5455,0.88,0
9,7,3,1,0.5455,0.88,0
9,8,3,1,0.5455,0.94,0
9,9,3,1,0.5455,0.88,0
9,10,3,1,0.5455,0.88,0
9,11,3,1,0.5152,0.94,0
9,12,3,1,0.5303,0.94,0
9,13,3,1,0.5455,0.88,0
9,14,3,1,0.5152,0.93,0
9,15,3,1,0.5455,0.94,0
9,16,3,1,0.5758,0.89,0
9,17,3,1,0.5758,0.89,0
9,18,3,1,0.5758,0.89,0
9,19,3,1,0.5758,0.89,0
9,20,3,1,0.5758,0.89,0
9,21,3,1,0.5758,0.89,0
9,22,3,1,0.5455,0.94,0
9,23,3,1,0.5455,0.94,0
9,0,4,1,0.5,1.0,0
9,1,4,1,0.5455,0.94,0
9,3,4,1,0.5455,0.94,0
9,4,4,1,0.5455,0.94,0
9,5,4,1,0.5455,0.94,0
9,6,4,1,0.5455,0.94,0
9,7,4,1,0.5455,0.94,0
9,8,4,1,0.5455,0.94,0
9,9,4,1,0.5152,1.0,0
9,10,4,1,0.5606,0.94,0
9,11,4,1,0.5606,0.94,0
9,12,4,1,0.5909,0.94,0
9,13,4,1,0.6364,0.83,0
9,14,4,1,0.6667,0.79,0
9,15,4,1,0.5909,0.89,0
9,16,4,1,0.5606,0.94,0
9,17,4,1,0.5606,0.94,0
9,18,4,1,0.5606,0.94,0
9,19,4,1,0.5152,1.0,0
9,20,4,1,0.5455,0.94,0
9,21,4,1,0.5606,0.94,0
9,22,4,1,0.5152,1.0,0
9,23,4,1,0.5152,1.0,0
9,0,5,1,0.5606,0.94,0
9,1,5,1,0.5152,1.0,0
9,2,5,1,0.5152,1.0,0
9,3,5,1,0.5455,0.94,0
9,4,5,1,0.5455,0.94,0
9,5,5,1,0.5455,0.94,0
9,6,5,1,0.5152,1.0,0
9,7,5,1,0.5152,1.0,0
9,8,5,1,0.5455,0.94,0
9,9,5,1,0.5455,0.94,0
9,10,5,1,0.5152,1.0,0
9,11,5,1,0.5455,0.94,0
9,12,5,1,0.5606,0.94,0
9,13,5,1,0.6667,0.79,0
9,14,5,1,0.697,0.74,0
9,15,5,1,0.697,0.66,0
9,16,5,1,0.697,0.66,0
9,17,5,1,0.6667,0.79,0
9,18,5,1,0.6667,0.79,0
9,19,5,1,0.5909,0.89,0
9,20,5,1,0.5606,0.94,0
9,21,5,1,0.5909,0.89,0
9,22,5,1,0.5455,0.94,0
9,23,5,1,0.5455,0.94,0
9,0,6,0,0.5455,0.94,0
9,1,6,0,0.5455,0.94,0
9,2,6,0,0.5,0.97,0
9,3,6,0,0.5455,1.0,0
9,4,6,0,0.5455,0.94,0
9,5,6,0,0.5455,0.94,0
9,6,6,0,0.5455,0.94,0
9,7,6,0,0.5455,0.88,0
9,8,6,0,0.5758,0.83,0
9,9,6,0,0.5909,0.78,0
9,10,6,0,0.6515,0.65,1
9,11,6,0,0.6818,0.62,1
9,12,6,0,0.6818,0.62,1
9,13,6,0,0.6818,0.55,1
9,14,6,0,0.6818,0.55,1
9,15,6,0,0.6818,0.55,1
9,16,6,0,0.6818,0.55,1
9,17,6,0,0.6818,0.55,0
9,18,6,0,0.6667,0.58,0
9,19,6,0,0.6515,0.58,0
9,20,6,0,0.6212,0.69,0
9,21,6,0,0.5909,0.78,0
9,22,6,0,0.5909,0.78,0
9,23,6,0,0.5606,0.88,0
9,0,0,0,0.5606,0.88,0
9,1,0,0,0.5606,0.88,0
9,2,0,0,0.5909,0.78,0
9,3,0,0,0.5909,0.78,0
9,4,0,0,0.5606,0.83,0
9,5,0,0,0.5606,0.83,0
9,6,0,0,0.5455,0.88,0
9,7,0,0,0.5455,0.88,0
9,8,0,0,0.5909,0.78,0
9,9,0,0,0.6212,0.74,0
9,10,0,0,0.6515,0.65,1
9,11,0,0,0.6515,0.65,1
9,12,0,0,0.6515,0.65,1
9,13,0,0,0.6818,0.58,1
9,14,0,0,0.6667,0.58,1
9,15,0,0,0.6667,0.51,1
9,16,0,0,0.6667,0.51,1
9,17,0,0,0.6667,0.51,0
9,18,0,0,0.6364,0.65,0
9,19,0,0,0.6061,0.69,0
9,20,0,0,0.5909,0.73,0
9,21,0,0,0.6061,0.69,0
9,22,0,0,0.6061,0.69,0
9,23,0,0,0.5455,0.78,0
9,0,1,1,0.5303,0.88,0
9,1,1,1,0.5303,0.88,0
9,2,1,1,0.5303,0.88,0
9,4,1,1,0.5152,0.94,0
9,5,1,1,0.5303,0.83,0
9,6,1,1,0.5303,0.83,0
9,7,1,1,0.5455,0.83,0
9,8,1,1,0.5758,0.78,0
9,9,1,1,0.6061,0.69,0
9,10,1,1,0.6364,0.62,0
9,11,1,1,0.6515,0.58,0
9,12,1,1,0.6667,0.51,0
9,13,1,1,0.6667,0.54,0
9,14,1,1,0.6667,0.51,0
9,15,1,1,0.6667,0.48,0
9,16,1,1,0.6667,0.48,0
9,17,1,1,0.6667,0.51,0
9,18,1,1,0.6515,0.54,0
9,19,1,1,0.6364,0.57,0
9,20,1,1,0.6212,0.65,0
9,21,1,1,0.6061,0.73,0
9,22,1,1,0.5758,0.83,0
9,23,1,1,0.5758,0.83,0
9,0,2,1,0.5455,0.88,0
9,1,2,1,0.5455,0.83,0
9,2,2,1,0.5758,0.78,0
9,3,2,1,0.5455,0.83,0
9,4,2,1,0.5303,0.88,0
9,5,2,1,0.5303,0.88,0
9,6,2,1,0.5303,0.88,0
9,7,2,1,0.5455,0.83,0
9,8,2,1,0.5606,0.81,0
9,9,2,1,0.6061,0.69,0
9,10,2,1,0.6364,0.69,0
9,11,2,1,0.6515,0.61,0
9,12,2,1,0.6667,0.58,0
9,13,2,1,0.6667,0.51,0
9,14,2,1,0.6667,0.51,0
9,15,2,1,0.6667,0.51,0
9,16,2,1,0.6667,0.51,0
9,17,2,1,0.6667,0.51,0
9,18,2,1,0.6515,0.61,0
9,19,2,1,0.6364,0.69,0
9,20,2,1,0.6212,0.74,0
9,21,2,1,0.5909,0.78,0
9,22,2,1,0.5909,0.78,0
9,23,2,1,0.5909,0.78,0
9,0,3,1,0.5909,0.78,0
9,1,3,1,0.5909,0.78,0
9,2,3,1,0.5606,0.83,0
9,3,3,1,0.5455,0.88,0
9,4,3,1,0.5606,0.83,0
9,5,3,1,0.5455,0.88,0
9,6,3,1,0.5455,0.88,0
9,7,3,1,0.5606,0.83,0
9,8,3,1,0.5758,0.83,0
9,9,3,1,0.5909,0.78,0
9,10,3,1,0.6515,0.7,0
9,11,3,1,0.6818,0.66,0
9,12,3,1,0.6818,0.58,0
9,13,3,1,0.697,0.55,0
9,14,3,1,0.7121,0.52,0
9,15,3,1,0.7121,0.49,0
9,16,3,1,0.697,0.52,0
9,17,3,1,0.697,0.52,0
9,18,3,1,0.6818,0.62,0
9,19,3,1,0.6515,0.7,0
9,20,3,1,0.6667,0.58,0
9,21,3,1,0.6212,0.65,0
9,22,3,1,0.6212,0.65,0
9,23,3,1,0.6061,0.69,0
9,0,4,1,0.6061,0.69,0
9,1,4,1,0.6061,0.69,0
9,2,4,1,0.5909,0.73,0
9,3,4,1,0.5909,0.73,0
9,4,4,1,0.5758,0.78,0
9,5,4,1,0.5758,0.78,0
9,6,4,1,0.5606,0.83,0
9,7,4,1,0.5909,0.78,0
9,8,4,1,0.6061,0.73,0
9,9,4,1,0.6061,0.73,0
9,10,4,1,0.6212,0.69,0
9,11,4,1,0.6364,0.65,0
9,12,4,1,0.6212,0.69,0
9,13,4,1,0.6061,0.65,0
9,14,4,1,0.6061,0.65,0
9,15,4,1,0.5909,0.69,0
9,16,4,1,0.5152,0.77,0
9,17,4,1,0.4697,0.82,0
9,18,4,1,0.4697,0.67,0
9,19,4,1,0.4545,0.67,0
9,20,4,1,0.4545,0.63,0
9,21,4,1,0.4545,0.63,0
9,22,4,1,0.4394,0.67,0
9,23,4,1,0.4394,0.67,0
9,0,5,1,0.4242,0.71,0
9,1,5,1,0.4242,0.67,0
9,2,5,1,0.4091,0.71,0
9,3,5,1,0.4091,0.71,0
9,4,5,1,0.4091,0.71,0
9,5,5,1,0.3939,0.76,0
9,6,5,1,0.3939,0.71,0
9,7,5,1,0.4091,0.71,0
9,8,5,1,0.4242,0.67,0
9,9,5,1,0.4545,0.55,0
9,10,5,1,0.4848,0.51,0
9,11,5,1,0.4848,0.51,0
9,12,5,1,0.5,0.45,0
9,13,5,1,0.5152,0.42,0
9,14,5,1,0.5152,0.45,0
9,15,5,1,0.5152,0.45,0
9,16,5,1,0.5,0.48,0
9,17,5,1,0.5,0.48,0
9,18,5,1,0.5,0.52,0
9,19,5,1,0.4848,0.55,0
9,20,5,1,0.4848,0.55,0
9,21,5,1,0.4848,0.63,0
9,22,5,1,0.4697,0.67,0
9,23,5,1,0.4848,0.59,0
9,0,6,0,0.4545,0.72,0
9,1,6,0,0.4545,0.72,0
9,2,6,0,0.4545,0.82,0
9,3,6,0,0.4545,0.72,0
9,4,6,0,0.4545,0.72,0
9,5,6,0,0.4545,0.72,0
9,6,6,0,0.4545,0.72,0
9,7,6,0,0.4545,0.77,0
9,8,6,0,0.4545,0.77,0
9,9,6,0,0.4697,0.67,0
9,10,6,0,0.4848,0.68,1
9,11,6,0,0.5,0.68,1
9,12,6,0,0.5,0.67,1
9,13,6,0,0.5,0.68,1
9,14,6,0,0.5,0.72,1
9,15,6,0,0.5,0.72,1
9,16,6,0,0.5152,0.68,1
9,17,6,0,0.5,0.72,0
9,18,6,0,0.5,0.72,0
9,19,6,0,0.5,0.68,0
9,20,6,0,0.5,0.68,0
9,21,6,0,0.4848,0.72,0
9,22,6,0,0.4848,0.72,0
9,23,6,0,0.4545,0.82,0
9,0,0,0,0.4545,0.77,0
9,1,0,0,0.4545,0.77,0
9,2,0,0,0.4394,0.82,0
9,3,0,0,0.4394,0.82,0
9,4,0,0,0.4394,0.77,0
9,5,0,0,0.4394,0.77,0
9,6,0,0,0.4394,0.77,0
9,7,0,0,0.4545,0.72,0
9,8,0,0,0.4545,0.72,0
9,9,0,0,0.4697,0.67,0
9,10,0,0,0.4848,0.72,1
9,11,0,0,0.5,0.68,1
9,12,0,0,0.5152,0.64,1
9,13,0,0,0.5303,0.6,1
9,14,0,0,0.5455,0.56,1
9,15,0,0,0.5455,0.6,1
9,16,0,0,0.5303,0.64,1
9,17,0,0,0.5303,0.64,0
9,18,0,0,0.5303,0.6,0
9,19,0,0,0.5152,0.68,0
9,20,0,0,0.5152,0.68,0
9,21,0,0,0.5152,0.68,0
9,22,0,0,0.5152,0.68,0
9,23,0,0,0.5152,0.68,0
9,0,1,1,0.5,0.72,0
9,1,1,1,0.5,0.72,0
9,2,1,1,0.5,0.72,0
9,3,1,1,0.4848,0.77,0
9,4,1,1,0.4848,0.77,0
9,5,1,1,0.4848,0.77,0
9,6,1,1,0.4848,0.77,0
9,7,1,1,0.4848,0.82,0
9,8,1,1,0.5,0.77,0
9,9,1,1,0.5152,0.68,0
9,10,1,1,0.5303,0.64,0
9,11,1,1,0.5455,0.64,0
9,12,1,1,0.5455,0.6,0
9,13,1,1,0.6061,0.6,0
9,14,1,1,0.6061,0.6,0
9,15,1,1,0.6061,0.6,0
9,16,1,1,0.6061,0.6,0
9,17,1,1,0.5455,0.64,0
9,18,1,1,0.5303,0.68,0
9,19,1,1,0.5303,0.68,0
9,20,1,1,0.5303,0.68,0
9,21,1,1,0.5303,0.68,0
9,22,1,1,0.5303,0.68,0
9,23,1,1,0.5303,0.73,0
9,0,2,1,0.5303,0.73,0
9,1,2,1,0.5152,0.88,0
9,2,2,1,0.5152,0.88,0
9,3,2,1,0.5152,0.83,0
9,4,2,1,0.5152,0.88,0
9,5,2,1,0.5152,0.88,0
9,6,2,1,0.5152,0.88,0
9,7,2,1,0.5152,0.88,0
9,8,2,1,0.5152,0.94,0
9,9,2,1,0.5152,0.94,0
9,10,2,1,0.5303,0.88,0
9,11,2,1,0.5303,0.88,0
9,12,2,1,0.5303,0.94,0
9,13,2,1,0.5303,0.94,0
9,14,2,1,0.5455,0.88,0
9,15,2,1,0.5909,0.78,0
9,16,2,1,0.5606,0.83,0
9,17,2,1,0.5606,0.83,0
9,18,2,1,0.5606,0.83,0
9,19,2,1,0.5455,0.88,0
9,20,2,1,0.5303,0.94,0
9,21,2,1,0.5303,0.94,0
9,22,2,1,0.5303,0.94,0
9,23,2,1,0.5303,0.94,0
9,0,3,1,0.5152,1.0,0
9,1,3,1,0.5152,0.94,0
9,2,3,1,0.5152,0.94,0
9,3,3,1,0.5152,0.94,0
9,4,3,1,0.5152,1.0,0
9,5,3,1,0.5152,1.0,0
9,6,3,1,0.5152,1.0,0
9,7,3,1,0.5152,1.0,0
9,8,3,1,0.5152,1.0,0
9,9,3,1,0.5303,1.0,0
9,10,3,1,0.5455,0.88,0
9,11,3,1,0.5758,0.83,0
9,12,3,1,0.5909,0.78,0
9,13,3,1,0.6212,0.74,0
9,14,3,1,0.6212,0.74,0
9,15,3,1,0.6212,0.74,0
9,16,3,1,0.6212,0.74,0
9,17,3,1,0.6212,0.74,0
9,18,3,1,0.5758,0.83,0
9,19,3,1,0.5455,0.94,0
9,20,3,1,0.5455,0.94,0
9,21,3,1,0.5,1.0,0
9,22,3,1,0.5455,0.94,0
9,23,3,1,0.5152,0.94,0
9,0,4,1,0.5152,0.94,0
9,1,4,1,0.5152,0.94,0
9,2,4,1,0.5152,0.94,0
9,3,4,1,0.5152,0.94,0
9,4,4,1,0.5152,0.94,0
9,5,4,1,0.5152,0.94,0
9,6,4,1,0.5,1.0,0
9,7,4,1,0.5,1.0,0
9,8,4,1,0.5,1.0,0
9,9,4,1,0.5455,0.94,0
9,10,4,1,0.5758,0.89,0
9,11,4,1,0.5758,0.89,0
9,12,4,1,0.6061,0.83,0
9,13,4,1,0.6061,0.83,0
9,14,4,1,0.6061,0.83,0
9,15,4,1,0.6364,0.79,0
9,16,4,1,0.6364,0.74,0
9,17,4,1,0.6061,0.78,0
9,18,4,1,0.5758,0.83,0
9,19,4,1,0.5758,0.89,0
9,20,4,1,0.5455,0.94,0
9,21,4,1,0.5758,0.89,0
9,22,4,1,0.5152,1.0,0
9,23,4,1,0.5455,0.94,0
9,0,5,1,0.5455,0.94,0
9,1,5,1,0.5,1.0,0
9,2,5,1,0.5,1.0,0
9,3,5,1,0.5,1.0,0
9,4,5,1,0.5,1.0,0
9,5,5,1,0.5455,0.94,0
9,6,5,1,0.5455,0.94,0
9,7,5,1,0.5455,0.94,0
9,8,5,1,0.5455,0.94,0
9,9,5,1,0.5152,1.0,0
9,10,5,1,0.5152,1.0,0
9,11,5,1,0.5152,1.0,0
9,12,5,1,0.5455,0.94,0
9,13,5,1,0.5,1.0,0
9,14,5,1,0.5,1.0,0
9,15,5,1,0.5455,0.94,0
9,16,5,1,0.5455,0.94,0
9,17,5,1,0.5,1.0,0
9,18,5,1,0.5,1.0,0
9,19,5,1,0.5455,0.94,0
9,20,5,1,0.5152,0.94,0
9,21,5,1,0.5,1.0,0
9,22,5,1,0.5152,0.94,0
9,23,5,1,0.5455,1.0,0
9,0,6,0,0.5455,1.0,0
9,1,6,0,0.5455,0.94,0
9,2,6,0,0.5455,0.94,0
9,3,6,0,0.5455,0.94,0
9,4,6,0,0.5303,0.94,0
9,5,6,0,0.5303,0.94,0
9,6,6,0,0.5303,0.94,0
9,7,6,0,0.5303,0.88,0
9,8,6,0,0.5455,0.9,0
9,9,6,0,0.5455,0.88,0
9,10,6,0,0.5455,0.88,1
9,11,6,0,0.5758,0.83,1
9,12,6,0,0.5758,0.83,1
9,13,6,0,0.5909,0.78,1
9,14,6,0,0.6212,0.74,1
9,15,6,0,0.6212,0.74,1
9,16,6,0,0.5909,0.78,1
9,17,6,0,0.6212,0.74,0
9,18,6,0,0.5909,0.78,0
9,19,6,0,0.5606,0.88,0
9,20,6,0,0.5758,0.83,0
9,21,6,0,0.5758,0.83,0
9,22,6,0,0.5606,0.88,0
9,23,6,0,0.5455,0.88,0
9,0,0,0,0.5455,0.88,0
9,1,0,0,0.5455,0.88,0
9,2,0,0,0.5152,0.94,0
9,3,0,0,0.5152,0.94,0
9,4,0,0,0.5152,0.94,0
9,5,0,0,0.5455,0.88,0
9,6,0,0,0.5455,0.88,0
9,7,0,0,0.5152,0.94,0
9,8,0,0,0.5606,0.88,0
9,9,0,0,0.5758,0.83,0
9,10,0,0,0.5758,0.83,1
9,11,0,0,0.6061,0.78,1
9,12,0,0,0.6061,0.78,1
9,13,0,0,0.6364,0.74,1
9,14,0,0,0.6061,0.78,1
9,15,0,0,0.6061,0.78,1
9,16,0,0,0.6515,0.7,1
9,17,0,0,0.6364,0.74,0
9,18,0,0,0.6364,0.74,0
9,19,0,0,0.5758,0.83,0
9,20,0,0,0.5758,0.83,0
9,21,0,0,0.5455,0.94,0
9,22,0,0,0.5606,0.88,0
9,23,0,0,0.5455,0.94,0
9,0,1,1,0.5455,0.94,0
9,1,1,1,0.5606,0.88,0
9,2,1,1,0.5606,0.88,0
9,3,1,1,0.5455,0.94,0
9,4,1,1,0.5455,0.94,0
9,5,1,1,0.5606,0.88,0
9,6,1,1,0.5455,0.94,0
9,7,1,1,0.5455,0.94,0
9,8,1,1,0.5455,0.94,0
9,9,1,1,0.5758,0.89,0
9,10,1,1,0.5758,0.89,0
9,11,1,1,0.6364,0.79,0
9,12,1,1,0.6364,0.79,0
9,13,1,1,0.6667,0.74,0
9,14,1,1,0.6515,0.7,0
9,15,1,1,0.6818,0.62,0
9,16,1,1,0.6515,0.65,0
9,17,1,1,0.6515,0.7,0
9,18,1,1,0.6061,0.83,0
9,19,1,1,0.6061,0.82,0
9,20,1,1,0.5758,0.89,0
9,21,1,1,0.5758,0.89,0
9,22,1,1,0.5455,0.94,0
9,23,1,1,0.5455,0.94,0
9,0,2,1,0.5455,0.94,0
9,1,2,1,0.5455,0.94,0
9,2,2,1,0.5455,0.94,0
9,3,2,1,0.5455,0.94,0
9,4,2,1,0.5455,0.94,0
9,5,2,1,0.5455,0.94,0
9,6,2,1,0.5455,0.94,0
9,7,2,1,0.5455,0.94,0
9,8,2,1,0.5758,0.89,0
9,9,2,1,0.5758,0.89,0
9,10,2,1,0.5606,0.94,0
9,11,2,1,0.5909,0.89,0
9,12,2,1,0.5909,0.89,0
9,13,2,1,0.6667,0.74,0
9,14,2,1,0.6364,0.79,0
9,15,2,1,0.6364,0.83,0
9,16,2,1,0.6061,0.83,0
9,17,2,1,0.5909,0.89,0
9,18,2,1,0.5758,0.89,0
9,19,2,1,0.5758,0.89,0
9,20,2,1,0.5909,0.78,0
9,21,2,1,0.5606,0.83,0
9,22,2,1,0.5455,0.88,0
9,23,2,1,0.5455,0.88,0
9,0,3,1,0.5455,0.88,0
9,1,3,1,0.5455,0.88,0
9,2,3,1,0.5455,0.88,0
9,3,3,1,0.5152,0.94,0
9,4,3,1,0.5455,0.88,0
9,5,3,1,0.5152,0.94,0
9,6,3,1,0.5152,0.94,0
9,7,3,1,0.5152,0.94,0
9,8,3,1,0.5455,0.94,0
9,9,3,1,0.5455,0.94,0
9,10,3,1,0.5455,0.94,0
9,11,3,1,0.6061,0.83,0
9,12,3,1,0.6364,0.79,0
9,13,3,1,0.6667,0.74,0
9,14,3,1,0.6818,0.62,0
9,15,3,1,0.6515,0.7,0
9,16,3,1,0.6515,0.7,0
9,17,3,1,0.6515,0.7,0
9,18,3,1,0.6061,0.83,0
9,19,3,1,0.6061,0.83,0
9,20,3,1,0.5606,0.83,0
9,21,3,1,0.5455,0.88,0
9,22,3,1,0.5455,0.88,0
9,23,3,1,0.5152,0.94,0
9,0,4,1,0.5152,0.94,0
9,1,4,1,0.5,1.0,0
9,2,4,1,0.5,1.0,0
9,3,4,1,0.5152,0.94,0
9,4,4,1,0.5455,0.88,0
9,5,4,1,0.5455,0.88,0
9,6,4,1,0.5455,0.88,0
9,7,4,1,0.5455,0.88,0
9,8,4,1,0.5606,0.83,0
9,9,4,1,0.5909,0.78,0
9,10,4,1,0.6061,0.65,0
9,11,4,1,0.6061,0.61,0
9,12,4,1,0.6212,0.61,0
9,13,4,1,0.6212,0.61,0
9,14,4,1,0.6364,0.51,0
9,15,4,1,0.6364,0.45,0
9,16,4,1,0.6364,0.41,0
9,17,4,1,0.6212,0.47,0
9,18,4,1,0.6212,0.41,0
9,19,4,1,0.6212,0.5,0
9,20,4,1,0.6212,0.53,0
9,21,4,1,0.5455,0.56,0
9,22,4,1,0.5303,0.68,0
9,23,4,1,0.5,0.77,0
9,0,5,1,0.5,0.83,0
9,1,5,1,0.5,0.77,0
9,2,5,1,0.5,0.83,0
9,3,5,1,0.5,0.83,0
9,4,5,1,0.5,0.83,0
9,5,5,1,0.5,0.83,0
9,6,5,1,0.5,0.83,0
9,7,5,1,0.5,0.83,0
9,8,5,1,0.5152,0.77,0
9,9,5,1,0.5303,0.73,0
9,10,5,1,0.6061,0.64,0
9,11,5,1,0.6212,0.57,0
9,12,5,1,0.6212,0.57,0
9,13,5,1,0.6212,0.47,0
9,14,5,1,0.6212,0.47,0
9,15,5,1,0.6212,0.5,0
9,16,5,1,0.6212,0.53,0
9,17,5,1,0.6212,0.53,0
9,18,5,1,0.5455,0.49,0
9,19,5,1,0.5152,0.52,0
9,20,5,1,0.5152,0.52,0
9,21,5,1,0.5,0.55,0
9,22,5,1,0.5,0.55,0
9,23,5,1,0.5,0.55,0
10,0,6,0,0.4848,0.63,0
10,1,6,0,0.4697,0.67,0
10,2,6,0,0.4545,0.63,0
10,3,6,0,0.4545,0.59,0
10,4,6,0,0.4394,0.58,0
10,5,6,0,0.4394,0.62,0
10,6,6,0,0.4242,0.67,0
10,7,6,0,0.4242,0.67,0
10,8,6,0,0.4091,0.76,0
10,9,6,0,0.4091,0.82,0
10,10,6,0,0.4091,0.76,1
10,11,6,0,0.3939,0.82,1
10,12,6,0,0.4091,0.82,1
10,13,6,0,0.4091,0.82,1
10,14,6,0,0.4242,0.71,1
10,15,6,0,0.4242,0.71,1
10,16,6,0,0.4091,0.76,1
10,17,6,0,0.4091,0.76,0
10,18,6,0,0.3939,0.87,0
10,19,6,0,0.3939,0.82,0
10,20,6,0,0.3636,0.87,0
10,21,6,0,0.3636,0.87,0
10,22,6,0,0.3485,0.93,0
10,23,6,0,0.3485,0.93,0
10,0,0,0,0.3333,0.93,0
10,1,0,0,0.3182,0.87,0
10,2,0,0,0.303,0.87,0
10,3,0,0,0.3182,0.87,0
10,4,0,0,0.3182,0.87,0
10,5,0,0,0.303,0.87,0
10,6,0,0,0.3182,0.81,0
10,7,0,0,0.3333,0.76,0
10,8,0,0,0.3333,0.76,0
10,9,0,0,0.3333,0.76,0
10,10,0,0,0.3333,0.71,1
10,11,0,0,0.3939,0.66,1
10,12,0,0,0.4091,0.62,1
10,13,0,0,0.4091,0.62,1
10,14,0,0,0.3485,0.81,1
10,15,0,0,0.3333,0.81,1
10,16,0,0,0.3485,0.87,1
10,17,0,0,0.3485,0.87,0
10,18,0,0,0.3485,0.81,0
10,19,0,0,0.3939,0.76,0
10,20,0,0,0.3333,0.76,0
10,21,0,0,0.3485,0.71,0
10,22,0,0,0.3636,0.81,0
10,23,0,0,0.3636,0.81,0
10,0,1,1,0.3485,0.87,0
10,1,1,1,0.3636,0.81,0
10,2,1,1,0.3636,0.76,0
10,3,1,1,0.3788,0.81,0
10,4,1,1,0.3485,0.87,0
10,5,1,1,0.3636,0.76,0
10,6,1,1,0.3788,0.71,0
10,7,1,1,0.3485,0.71,0
10,8,1,1,0.3636,0.71,0
10,9,1,1,0.4091,0.66,0
10,10,1,1,0.4091,0.66,0
10,11,1,1,0.4091,0.71,0
10,12,1,1,0.4091,0.71,0
10,13,1,1,0.4242,0.67,0
10,14,1,1,0.4091,0.76,0
10,15,1,1,0.4091,0.76,0
10,16,1,1,0.4091,0.76,0
10,17,1,1,0.4091,0.76,0
10,18,1,1,0.4091,0.76,0
10,19,1,1,0.4091,0.76,0
10,20,1,1,0.4091,0.82,0
10,21,1,1,0.4091,0.82,0
10,22,1,1,0.4091,0.82,0
10,23,1,1,0.4091,0.82,0
10,0,2,1,0.4091,0.87,0
10,1,2,1,0.4091,0.87,0
10,2,2,1,0.4091,0.87,0
10,3,2,1,0.4091,0.82,0
10,4,2,1,0.4091,0.82,0
10,5,2,1,0.4091,0.82,0
10,6,2,1,0.4091,0.82,0
10,7,2,1,0.4242,0.82,0
10,8,2,1,0.4394,0.77,0
10,9,2,1,0.4545,0.67,0
10,10,2,1,0.4697,0.67,0
10,11,2,1,0.5152,0.64,0
10,12,2,1,0.5303,0.56,0
10,13,2,1,0.5303,0.56,0
10,14,2,1,0.5455,0.53,0
10,15,2,1,0.5455,0.56,0
10,16,2,1,0.5455,0.56,0
10,17,2,1,0.5303,0.6,0
10,18,2,1,0.5152,0.64,0
10,19,2,1,0.5,0.68,0
10,20,2,1,0.5,0.68,0
10,21,2,1,0.4848,0.72,0
10,22,2,1,0.4848,0.72,0
10,23,2,1,0.4697,0.77,0
10,0,3,1,0.4697,0.77,0
10,1,3,1,0.4697,0.77,0
10,2,3,1,0.4545,0.82,0
10,3,3,1,0.4545,0.82,0
10,4,3,1,0.4394,0.88,0
10,5,3,1,0.4394,0.82,0
10,6,3,1,0.4394,0.82,0
10,7,3,1,0.4545,0.77,0
10,8,3,1,0.5,0.63,0
10,9,3,1,0.5152,0.6,0
10,10,3,1,0.5303,0.56,0
10,11,3,1,0.6212,0.46,0
10,12,3,1,0.6212,0.43,0
10,13,3,1,0.6212,0.41,0
10,14,3,1,0.6212,0.41,0
10,15,3,1,0.6212,0.47,0
10,16,3,1,0.6212,0.47,0
10,17,3,1,0.6212,0.47,0
10,18,3,1,0.6212,0.53,0
10,19,3,1,0.5455,0.56,0
10,20,3,1,0.5,0.77,0
10,21,3,1,0.4848,0.82,0
10,22,3,1,0.5,0.72,0
10,23,3,1,0.4848,0.77,0
10,0,4,1,0.4848,0.72,0
10,1,4,1,0.4697,0.63,0
10,2,4,1,0.4545,0.67,0
10,3,4,1,0.4394,0.67,0
10,4,4,1,0.4394,0.62,0
10,5,4,1,0.4242,0.62,0
10,6,4,1,0.4091,0.66,0
10,7,4,1,0.4242,0.62,0
10,8,4,1,0.4394,0.62,0
10,9,4,1,0.4545,0.63,0
10,10,4,1,0.5,0.52,0
10,11,4,1,0.5152,0.49,0
10,12,4,1,0.5303,0.49,0
10,13,4,1,0.5303,0.46,0
10,14,4,1,0.5455,0.43,0
10,15,4,1,0.5455,0.46,0
10,16,4,1,0.5455,0.49,0
10,17,4,1,0.5303,0.52,0
10,18,4,1,0.5152,0.64,0
10,19,4,1,0.5,0.59,0
10,20,4,1,0.4848,0.77,0
10,21,4,1,0.4545,0.88,0
10,22,4,1,0.4545,0.82,0
10,23,4,1,0.4394,0.88,0
10,0,5,1,0.4394,0.88,0
10,1,5,1,0.4394,0.88,0
10,2,5,1,0.4242,0.88,0
10,3,5,1,0.4091,0.87,0
10,4,5,1,0.4091,0.87,0
10,5,5,1,0.4242,0.82,0
10,6,5,1,0.4242,0.88,0
10,7,5,1,0.4242,0.94,0
10,8,5,1,0.4545,0.82,0
10,9,5,1,0.4697,0.77,0
10,10,5,1,0.5,0.68,0
10,11,5,1,0.5303,0.63,0
10,12,5,1,0.6212,0.53,0
10,13,5,1,0.6212,0.46,0
10,14,5,1,0.6212,0.5,0
10,15,5,1,0.6212,0.41,0
10,16,5,1,0.6212,0.44,0
10,17,5,1,0.6212,0.56,0
10,18,5,1,0.5303,0.6,0
10,19,5,1,0.5303,0.52,0
10,20,5,1,0.5152,0.49,0
10,21,5,1,0.4848,0.68,0
10,22,5,1,0.4848,0.68,0
10,23,5,1,0.4848,0.63,0
10,0,6,0,0.4697,0.72,0
10,1,6,0,0.4545,0.82,0
10,2,6,0,0.4545,0.82,0
10,3,6,0,0.4394,0.88,0
10,4,6,0,0.4242,0.94,0
10,5,6,0,0.4242,0.88,0
10,6,6,0,0.4242,0.94,0
10,7,6,0,0.4242,0.94,0
10,8,6,0,0.4545,0.82,0
10,9,6,0,0.4848,0.77,0
10,10,6,0,0.5,0.77,1
10,11,6,0,0.5455,0.56,1
10,12,6,0,0.6212,0.35,1
10,13,6,0,0.6212,0.46,1
10,14,6,0,0.6212,0.5,1
10,15,6,0,0.6212,0.39,1
10,16,6,0,0.6212,0.44,1
10,17,6,0,0.6212,0.5,0
10,18,6,0,0.6212,0.46,0
10,19,6,0,0.5152,0.68,0
10,20,6,0,0.5,0.77,0
10,21,6,0,0.5,0.77,0
10,22,6,0,0.4848,0.77,0
10,23,6,0,0.4697,0.88,0
10,0,0,0,0.4545,0.88,0
10,1,0,0,0.4545,0.88,0
10,2,0,0,0.4545,0.88,0
10,3,0,0,0.4394,0.88,0
10,4,0,0,0.4394,0.88,0
10,5,0,0,0.4394,0.88,0
10,6,0,0,0.4394,0.88,0
10,7,0,0,0.4394,0.86,0
10,8,0,0,0.4545,0.88,0
10,9,0,0,0.4848,0.77,0
10,10,0,0,0.5303,0.68,1
10,11,0,0,0.6212,0.53,1
10,12,0,0,0.6212,0.44,1
10,13,0,0,0.6212,0.44,1
10,14,0,0,0.6364,0.47,1
10,15,0,0,0.6364,0.51,1
10,16,0,0,0.6212,0.5,1
10,17,0,0,0.6061,0.61,0
10,18,0,0,0.6212,0.5,0
10,19,0,0,0.5303,0.73,0
10,20,0,0,0.5303,0.73,0
10,21,0,0,0.5152,0.83,0
10,22,0,0,0.5,0.94,0
10,23,0,0,0.4848,0.88,0
10,0,1,0,0.4848,0.94,0
10,1,1,0,0.4697,0.88,0
10,2,1,0,0.4697,0.88,0
10,3,1,0,0.4545,0.88,0
10,4,1,0,0.4545,0.94,0
10,5,1,0,0.4545,0.94,0
10,6,1,0,0.4394,0.94,0
10,7,1,0,0.4545,0.88,0
10,8,1,0,0.5,0.83,0
10,9,1,0,0.5152,0.77,0
10,10,1,0,0.5303,0.73,1
10,11,1,0,0.6061,0.69,1
10,12,1,0,0.6515,0.48,1
10,13,1,0,0.6515,0.37,1
10,14,1,0,0.6515,0.37,1
10,15,1,0,0.6515,0.42,1
10,16,1,0,0.6364,0.45,1
10,17,1,0,0.6212,0.54,0
10,18,1,0,0.6212,0.53,0
10,19,1,0,0.5455,0.78,0
10,20,1,0,0.5909,0.73,0
10,21,1,0,0.5303,0.88,0
10,22,1,0,0.5303,0.88,0
10,23,1,0,0.5152,0.88,0
10,0,2,1,0.5152,0.88,0
10,1,2,1,0.5,0.94,0
10,2,2,1,0.5,0.94,0
10,3,2,1,0.5,0.88,0
10,4,2,1,0.5,0.88,0
10,5,2,1,0.5,0.88,0
10,6,2,1,0.5,0.83,0
10,7,2,1,0.5,0.88,0
10,8,2,1,0.5303,0.83,0
10,9,2,1,0.5909,0.69,0
10,10,2,1,0.5909,0.69,0
10,11,2,1,0.5909,0.73,0
10,12,2,1,0.5909,0.73,0
10,13,2,1,0.5909,0.73,0
10,14,2,1,0.5909,0.73,0
10,15,2,1,0.5758,0.78,0
10,16,2,1,0.5909,0.73,0
10,17,2,1,0.5758,0.78,0
10,18,2,1,0.5758,0.78,0
10,19,2,1,0.5455,0.83,0
10,20,2,1,0.5455,0.83,0
10,21,2,1,0.5455,0.78,0
10,22,2,1,0.5303,0.83,0
10,23,2,1,0.5303,0.83,0
10,0,3,1,0.5303,0.83,0
10,1,3,1,0.5303,0.83,0
10,2,3,1,0.5303,0.83,0
10,3,3,1,0.5152,0.94,0
10,4,3,1,0.5152,0.94,0
10,5,3,1,0.5152,0.88,0
10,6,3,1,0.5152,0.88,0
10,7,3,1,0.5152,0.88,0
10,8,3,1,0.5152,0.88,0
10,9,3,1,0.5152,0.88,0
10,10,3,1,0.5152,0.88,0
10,11,3,1,0.5152,0.94,0
10,12,3,1,0.5152,0.88,0
10,13,3,1,0.5152,0.88,0
10,14,3,1,0.5152,0.94,0
10,15,3,1,0.5152,0.94,0
10,16,3,1,0.5303,0.88,0
10,17,3,1,0.5152,0.94,0
10,18,3,1,0.5152,0.94,0
10,19,3,1,0.5152,0.94,0
10,20,3,1,0.5152,0.94,0
10,21,3,1,0.5152,1.0,0
10,22,3,1,0.5152,0.94,0
10,23,3,1,0.5152,0.94,0
10,0,4,1,0.5152,0.94,0
10,1,4,1,0.5152,0.94,0
10,2,4,1,0.5152,0.94,0
10,3,4,1,0.5152,1.0,0
10,4,4,1,0.5152,1.0,0
10,5,4,1,0.5152,1.0,0
10,6,4,1,0.5152,1.0,0
10,7,4,1,0.5152,1.0,0
10,8,4,1,0.5152,1.0,0
10,9,4,1,0.5303,1.0,0
10,10,4,1,0.5303,1.0,0
10,11,4,1,0.5758,0.83,0
10,12,4,1,0.5606,0.88,0
10,13,4,1,0.5758,0.83,0
10,14,4,1,0.6061,0.78,0
10,15,4,1,0.6061,0.78,0
10,16,4,1,0.6212,0.74,0
10,17,4,1,0.5758,0.83,0
10,18,4,1,0.5758,0.83,0
10,19,4,1,0.5758,0.83,0
10,20,4,1,0.5758,0.83,0
10,21,4,1,0.5758,0.83,0
10,22,4,1,0.5758,0.83,0
10,23,4,1,0.5455,0.88,0
10,0,5,1,0.5455,0.94,0
10,1,5,1,0.5455,0.94,0
10,2,5,1,0.5303,0.94,0
10,3,5,1,0.5303,0.94,0
10,4,5,1,0.5303,0.94,0
10,5,5,1,0.5303,0.94,0
10,6,5,1,0.5303,0.88,0
10,7,5,1,0.5303,0.88,0
10,8,5,1,0.5303,0.9,0
10,9,5,1,0.5303,0.94,0
10,10,5,1,0.5152,0.88,0
10,11,5,1,0.5,0.88,0
10,12,5,1,0.5,0.88,0
10,13,5,1,0.5303,0.73,0
10,14,5,1,0.6212,0.43,0
10,15,5,1,0.6212,0.43,0
10,16,5,1,0.6212,0.43,0
10,17,5,1,0.5455,0.46,0
10,18,5,1,0.5152,0.39,0
10,19,5,1,0.5152,0.39,0
10,20,5,1,0.5,0.42,0
10,21,5,1,0.4848,0.45,0
10,22,5,1,0.4545,0.59,0
10,23,5,1,0.4545,0.59,0
10,0,6,0,0.4545,0.55,0
10,1,6,0,0.4545,0.55,0
10,2,6,0,0.4545,0.59,0
10,3,6,0,0.4394,0.62,0
10,4,6,0,0.4242,0.67,0
10,5,6,0,0.4242,0.71,0
10,6,6,0,0.4091,0.71,0
10,7,6,0,0.4091,0.76,0
10,8,6,0,0.4545,0.59,0
10,9,6,0,0.5,0.48,0
10,10,6,0,0.5152,0.45,1
10,11,6,0,0.5303,0.4,1
10,12,6,0,0.5455,0.35,1
10,13,6,0,0.6212,0.35,1
10,14,6,0,0.6212,0.33,1
10,15,6,0,0.6212,0.31,1
10,16,6,0,0.6212,0.29,1
10,17,6,0,0.5455,0.32,0
10,18,6,0,0.5152,0.39,0
10,19,6,0,0.4848,0.51,0
10,20,6,0,0.4848,0.48,0
10,21,6,0,0.4848,0.42,0
10,22,6,0,0.4848,0.36,0
10,23,6,0,0.4697,0.41,0
10,0,0,0,0.4545,0.44,0
10,1,0,0,0.4394,0.47,0
10,2,0,0,0.4242,0.54,0
10,3,0,0,0.4242,0.54,0
10,4,0,0,0.4242,0.54,0
10,5,0,0,0.4242,0.54,0
10,6,0,0,0.3939,0.66,0
10,7,0,0,0.4091,0.62,0
10,8,0,0,0.4394,0.62,0
10,9,0,0,0.4848,0.45,0
10,10,0,0,0.5152,0.45,1
10,11,0,0,0.5303,0.35,1
10,12,0,0,0.5455,0.35,1
10,13,0,0,0.6212,0.35,1
10,14,0,0,0.6212,0.4,1
10,15,0,0,0.6212,0.35,1
10,16,0,0,0.6212,0.46,1
10,17,0,0,0.5455,0.49,0
10,18,0,0,0.5303,0.49,0
10,19,0,0,0.5152,0.52,0
10,20,0,0,0.5152,0.52,0
10,21,0,0,0.5152,0.52,0
10,22,0,0,0.5303,0.49,0
10,23,0,0,0.5303,0.52,0
10,0,1,1,0.5152,0.56,0
10,1,1,1,0.5303,0.54,0
10,2,1,1,0.5303,0.54,0
10,3,1,1,0.5303,0.49,0
10,4,1,1,0.5,0.59,0
10,5,1,1,0.4848,0.63,0
10,6,1,1,0.4848,0.55,0
10,7,1,1,0.4848,0.55,0
10,8,1,1,0.4848,0.51,0
10,9,1,1,0.4848,0.45,0
10,10,1,1,0.5,0.45,0
10,11,1,1,0.5303,0.43,0
10,12,1,1,0.5303,0.4,0
10,13,1,1,0.5303,0.46,0
10,14,1,1,0.5455,0.49,0
10,15,1,1,0.5303,0.6,0
10,16,1,1,0.5455,0.56,0
10,17,1,1,0.5303,0.64,0
10,18,1,1,0.5303,0.6,0
10,19,1,1,0.5152,0.68,0
10,20,1,1,0.5,0.77,0
10,21,1,1,0.4848,0.77,0
10,22,1,1,0.4848,0.77,0
10,23,1,1,0.4697,0.88,0
10,0,2,1,0.4697,0.82,0
10,1,2,1,0.4545,0.88,0
10,2,2,1,0.4394,0.94,0
10,3,2,1,0.4394,0.94,0
10,4,2,1,0.4394,0.94,0
10,5,2,1,0.4545,0.88,0
10,6,2,1,0.4545,0.82,0
10,7,2,1,0.4545,0.88,0
10,8,2,1,0.4848,0.77,0
10,9,2,1,0.5,0.77,0
10,10,2,1,0.5303,0.68,0
10,11,2,1,0.6212,0.49,0
10,12,2,1,0.6212,0.43,0
10,13,2,1,0.6212,0.38,0
10,14,2,1,0.6212,0.41,0
10,15,2,1,0.6212,0.5,0
10,16,2,1,0.6212,0.57,0
10,17,2,1,0.6061,0.6,0
10,18,2,1,0.5303,0.68,0
10,19,2,1,0.5303,0.6,0
10,20,2,1,0.5152,0.64,0
10,21,2,1,0.5152,0.68,0
10,22,2,1,0.5,0.77,0
10,23,2,1,0.5,0.77,0
10,0,3,1,0.5,0.77,0
10,1,3,1,0.5,0.77,0
10,2,3,1,0.5,0.77,0
10,4,3,1,0.4848,0.94,0
10,5,3,1,0.4848,1.0,0
10,6,3,1,0.5,0.83,0
10,7,3,1,0.5,0.77,0
10,8,3,1,0.5152,0.7,0
10,9,3,1,0.5,0.88,0
10,10,3,1,0.5,0.88,0
10,11,3,1,0.5,0.94,0
10,12,3,1,0.5,0.94,0
10,13,3,1,0.5152,0.94,0
10,14,3,1,0.5152,0.94,0
10,15,3,1,0.5152,1.0,0
10,16,3,1,0.5303,0.94,0
10,17,3,1,0.5303,0.94,0
10,18,3,1,0.5303,1.0,0
10,19,3,1,0.5455,0.88,0
10,20,3,1,0.5152,0.94,0
10,21,3,1,0.5455,0.94,0
10,22,3,1,0.5455,0.94,0
10,23,3,1,0.5455,0.94,0
10,0,4,1,0.5303,0.94,0
10,1,4,1,0.5303,0.88,0
10,2,4,1,0.5303,0.88,0
10,3,4,1,0.4848,0.82,0
10,4,4,1,0.4848,0.82,0
10,5,4,1,0.4697,0.82,0
10,6,4,1,0.4394,0.82,0
10,7,4,1,0.4242,0.77,0
10,8,4,1,0.4394,0.67,0
10,9,4,1,0.4394,0.67,0
10,10,4,1,0.4545,0.59,0
10,11,4,1,0.4697,0.55,0
10,12,4,1,0.4697,0.48,0
10,13,4,1,0.4848,0.45,0
10,14,4,1,0.4697,0.48,0
10,15,4,1,0.4697,0.51,0
10,16,4,1,0.4697,0.51,0
10,17,4,1,0.4697,0.48,0
10,18,4,1,0.4545,0.51,0
10,19,4,1,0.4545,0.51,0
10,20,4,1,0.4545,0.51,0
10,21,4,1,0.4394,0.51,0
10,22,4,1,0.4394,0.51,0
10,23,4,1,0.4242,0.58,0
10,0,5,1,0.4091,0.62,0
10,1,5,1,0.4091,0.62,0
10,2,5,1,0.3939,0.66,0
10,3,5,1,0.3485,0.71,0
10,4,5,1,0.3485,0.71,0
10,5,5,1,0.3333,0.76,0
10,6,5,1,0.3485,0.71,0
10,7,5,1,0.3485,0.71,0
10,8,5,1,0.4091,0.62,0
10,9,5,1,0.4242,0.58,0
10,10,5,1,0.4545,0.51,0
10,11,5,1,0.4848,0.45,0
10,12,5,1,0.4848,0.45,0
10,13,5,1,0.4697,0.48,0
10,14,5,1,0.5,0.42,0
10,15,5,1,0.4848,0.45,0
10,16,5,1,0.4848,0.45,0
10,17,5,1,0.4545,0.51,0
10,18,5,1,0.4394,0.54,0
10,19,5,1,0.4394,0.54,0
10,20,5,1,0.4394,0.54,0
10,21,5,1,0.4242,0.58,0
10,22,5,1,0.4242,0.54,0
10,23,5,1,0.4091,0.62,0
10,0,6,0,0.4091,0.62,0
10,1,6,0,0.4091,0.62,0
10,2,6,0,0.4091,0.62,0
10,3,6,0,0.4091,0.62,0
10,4,6,0,0.3939,0.66,0
10,5,6,0,0.3939,0.66,0
10,6,6,0,0.3788,0.71,0
10,7,6,0,0.3636,0.76,0
10,8,6,0,0.4091,0.71,0
10,9,6,0,0.4242,0.67,0
10,10,6,0,0.4394,0.62,1
10,11,6,0,0.4394,0.62,1
10,12,6,0,0.4545,0.55,1
10,13,6,0,0.4848,0.45,1
10,14,6,0,0.4697,0.48,1
10,15,6,0,0.4697,0.51,1
10,16,6,0,0.4848,0.45,1
10,17,6,0,0.4545,0.55,0
10,18,6,0,0.4394,0.54,0
10,19,6,0,0.4394,0.67,0
10,20,6,0,0.4242,0.67,0
10,21,6,0,0.4091,0.76,0
10,22,6,0,0.4091,0.76,0
10,23,6,0,0.3939,0.82,0
10,0,0,0,0.3788,0.87,0
10,1,0,0,0.3788,0.87,0
10,2,0,0,0.3485,0.87,0
10,3,0,0,0.3636,0.87,0
10,4,0,0,0.3636,0.87,0
10,5,0,0,0.3485,0.87,0
10,6,0,0,0.3333,0.87,0
10,7,0,0,0.3485,0.87,0
10,8,0,0,0.3485,0.87,0
10,9,0,0,0.4091,0.76,0
10,10,0,0,0.4242,0.71,1
10,11,0,0,0.4545,0.72,1
10,12,0,0,0.4848,0.59,1
10,13,0,0,0.5,0.55,1
10,14,0,0,0.5,0.55,1
10,15,0,0,0.5,0.52,1
10,16,0,0,0.5,0.55,1
10,17,0,0,0.4848,0.63,0
10,18,0,0,0.4848,0.63,0
10,19,0,0,0.4545,0.77,0
10,20,0,0,0.4394,0.72,0
10,21,0,0,0.4394,0.72,0
10,22,0,0,0.4242,0.77,0
10,23,0,0,0.4242,0.77,0
10,0,1,1,0.4242,0.77,0
10,1,1,1,0.4091,0.82,0
10,2,1,1,0.4091,0.87,0
10,3,1,1,0.4091,0.82,0
10,4,1,1,0.4091,0.82,0
10,5,1,1,0.3939,0.87,0
10,6,1,1,0.4091,0.87,0
10,7,1,1,0.3939,0.94,0
10,8,1,1,0.4242,0.88,0
10,9,1,1,0.4394,0.82,0
10,10,1,1,0.4545,0.82,0
10,11,1,1,0.4848,0.72,0
10,12,1,1,0.5,0.68,0
10,13,1,1,0.5152,0.64,0
10,14,1,1,0.5152,0.64,0
10,15,1,1,0.5303,0.6,0
10,16,1,1,0.5152,0.64,0
10,17,1,1,0.5,0.68,0
10,18,1,1,0.5152,0.6,0
10,19,1,1,0.4697,0.82,0
10,20,1,1,0.4697,0.82,0
10,21,1,1,0.4545,0.87,0
10,22,1,1,0.4697,0.75,0
10,23,1,1,0.4545,0.77,0
10,0,2,1,0.4394,0.77,0
10,1,2,1,0.4394,0.77,0
10,2,2,1,0.4242,0.82,0
10,3,2,1,0.4091,0.87,0
10,4,2,1,0.3939,0.87,0
10,5,2,1,0.3939,0.87,0
10,6,2,1,0.3939,0.82,0
10,7,2,1,0.4091,0.76,0
10,8,2,1,0.4394,0.72,0
10,9,2,1,0.4697,0.55,0
10,10,2,1,0.4848,0.51,0
10,11,2,1,0.5,0.48,0
10,12,2,1,0.5152,0.39,0
10,13,2,1,0.5303,0.37,0
10,14,2,1,0.5303,0.4,0
10,15,2,1,0.5303,0.37,0
10,16,2,1,0.5303,0.37,0
10,17,2,1,0.5303,0.37,0
10,18,2,1,0.5,0.42,0
10,19,2,1,0.4697,0.67,0
10,20,2,1,0.4545,0.67,0
10,21,2,1,0.4394,0.72,0
10,22,2,1,0.4545,0.67,0
10,23,2,1,0.4394,0.72,0
10,0,3,1,0.4394,0.72,0
10,1,3,1,0.4394,0.67,0
10,2,3,1,0.4394,0.67,0
10,3,3,1,0.4394,0.67,0
10,4,3,1,0.4242,0.71,0
10,5,3,1,0.4242,0.71,0
10,6,3,1,0.4242,0.71,0
10,7,3,1,0.4242,0.71,0
10,8,3,1,0.4394,0.67,0
10,9,3,1,0.4697,0.63,0
10,10,3,1,0.5,0.62,0
10,11,3,1,0.5,0.59,0
10,12,3,1,0.5455,0.53,0
10,13,3,1,0.5303,0.6,0
10,14,3,1,0.5,0.77,0
10,15,3,1,0.5,0.77,0
10,16,3,1,0.5,0.77,0
10,17,3,1,0.5,0.77,0
10,18,3,1,0.5,0.77,0
10,19,3,1,0.4848,0.82,0
10,20,3,1,0.4848,0.88,0
10,21,3,1,0.5,0.77,0
10,22,3,1,0.4697,0.88,0
10,23,3,1,0.4697,0.88,0
10,0,4,1,0.4545,0.94,0
10,1,4,1,0.4545,0.94,0
10,2,4,1,0.4545,0.94,0
10,3,4,1,0.4545,0.94,0
10,4,4,1,0.4697,0.88,0
10,5,4,1,0.4697,0.88,0
10,6,4,1,0.4848,0.82,0
10,7,4,1,0.4545,0.94,0
10,8,4,1,0.4697,0.88,0
10,9,4,1,0.4848,0.82,0
10,10,4,1,0.4848,0.88,0
10,11,4,1,0.4848,0.88,0
10,12,4,1,0.4848,0.88,0
10,13,4,1,0.4848,0.88,0
10,14,4,1,0.5,0.83,0
10,15,4,1,0.5,0.83,0
10,16,4,1,0.5303,0.73,0
10,17,4,1,0.4848,0.72,0
10,18,4,1,0.4697,0.67,0
10,19,4,1,0.4394,0.67,0
10,20,4,1,0.4242,0.67,0
10,21,4,1,0.4091,0.62,0
10,22,4,1,0.3182,0.66,0
10,23,4,1,0.303,0.61,0
10,0,5,1,0.3182,0.66,0
10,1,5,1,0.303,0.66,0
10,2,5,1,0.303,0.66,0
10,3,5,1,0.2879,0.7,0
10,4,5,1,0.2879,0.65,0
10,5,5,1,0.2879,0.61,0
10,6,5,1,0.2727,0.65,0
10,7,5,1,0.2727,0.65,0
10,8,5,1,0.2879,0.61,0
10,9,5,1,0.303,0.57,0
10,10,5,1,0.3182,0.57,0
10,11,5,1,0.3485,0.5,0
10,12,5,1,0.3939,0.4,0
10,13,5,1,0.3939,0.42,0
10,14,5,1,0.3485,0.46,0
10,15,5,1,0.3333,0.43,0
10,16,5,1,0.3485,0.46,0
10,17,5,1,0.3485,0.5,0
10,18,5,1,0.3485,0.53,0
10,19,5,1,0.3485,0.5,0
10,20,5,1,0.3182,0.61,0
10,21,5,1,0.3182,0.7,0
10,22,5,1,0.2879,0.75,0
10,23,5,1,0.2727,0.81,0
10,0,6,0,0.2576,0.87,0
10,1,6,0,0.2727,0.87,0
10,2,6,0,0.2727,0.87,0
10,3,6,0,0.2727,0.81,0
10,4,6,0,0.2727,0.81,0
10,5,6,0,0.2273,0.93,0
10,6,6,0,0.2273,0.87,0
10,7,6,0,0.2273,0.87,0
10,8,6,0,0.2576,0.87,0
10,9,6,0,0.2576,0.87,0
10,10,6,0,0.2273,0.93,1
10,11,6,0,0.2273,0.93,1
10,12,6,0,0.197,0.87,1
10,13,6,0,0.197,0.87,1
10,14,6,0,0.197,0.87,1
10,15,6,0,0.2121,0.93,1
10,16,6,0,0.197,0.93,1
10,17,6,0,0.197,0.93,0
10,18,6,0,0.197,0.93,0
10,19,6,0,0.2121,0.87,0
10,20,6,0,0.2121,0.87,0
10,21,6,0,0.2121,0.87,0
10,22,6,0,0.2121,0.87,0
10,23,6,0,0.2273,0.87,0
10,0,0,0,0.2121,0.87,0
10,1,0,0,0.2121,0.87,0
10,2,0,0,0.2121,0.87,0
10,3,0,0,0.2121,0.75,0
10,4,0,0,0.197,0.8,0
10,5,0,0,0.2121,0.75,0
10,6,0,0,0.2273,0.75,0
10,7,0,0,0.2879,0.75,0
10,8,0,0,0.2576,0.7,0
10,9,0,0,0.2879,0.65,0
10,10,0,0,0.3333,0.61,1
10,11,0,0,0.3485,0.53,1
10,12,0,0,0.3939,0.5,1
10,13,0,0,0.4091,0.43,1
10,14,0,0,0.4242,0.38,1
10,15,0,0,0.4242,0.35,1
10,16,0,0,0.4242,0.32,1
10,17,0,0,0.4091,0.35,0
10,18,0,0,0.3485,0.4,0
10,19,0,0,0.5303,0.49,0
10,20,0,0,0.3636,0.57,0
10,21,0,0,0.3485,0.66,0
10,22,0,0,0.3333,0.75,0
10,23,0,0,0.303,0.87,0
10,0,1,1,0.303,0.87,0
10,1,1,1,0.303,0.81,0
10,2,1,1,0.2879,0.87,0
10,3,1,1,0.2576,0.87,0
10,4,1,1,0.2879,0.87,0
10,5,1,1,0.2727,0.93,0
10,6,1,1,0.2879,0.87,0
10,7,1,1,0.2879,0.93,0
10,8,1,1,0.3182,0.87,0
10,9,1,1,0.3182,0.76,0
10,10,1,1,0.3485,0.57,0
10,11,1,1,0.4091,0.5,0
10,12,1,1,0.4242,0.44,0
10,13,1,1,0.4394,0.44,0
10,14,1,1,0.4394,0.47,0
10,15,1,1,0.4394,0.47,0
10,16,1,1,0.4242,0.54,0
10,17,1,1,0.4242,0.54,0
10,18,1,1,0.4091,0.66,0
10,19,1,1,0.4091,0.66,0
10,20,1,1,0.4091,0.66,0
10,21,1,1,0.3485,0.76,0
10,22,1,1,0.3485,0.76,0
10,23,1,1,0.3485,0.76,0
11,0,2,1,0.3485,0.87,0
11,1,2,1,0.3485,0.81,0
11,2,2,1,0.3485,0.81,0
11,3,2,1,0.3485,0.81,0
11,4,2,1,0.3182,0.81,0
11,5,2,1,0.3182,0.81,0
11,6,2,1,0.3182,0.81,0
11,7,2,1,0.3333,0.76,0
11,8,2,1,0.3333,0.71,0
11,9,2,1,0.4091,0.66,0
11,10,2,1,0.4394,0.62,0
11,11,2,1,0.4545,0.63,0
11,12,2,1,0.4848,0.48,0
11,13,2,1,0.4697,0.55,0
11,14,2,1,0.4848,0.48,0
11,15,2,1,0.4848,0.45,0
11,16,2,1,0.4697,0.44,0
11,17,2,1,0.4394,0.54,0
11,18,2,1,0.4242,0.58,0
11,19,2,1,0.4242,0.58,0
11,20,2,1,0.4091,0.71,0
11,21,2,1,0.3788,0.81,0
11,22,2,1,0.3788,0.81,0
11,23,2,1,0.3636,0.87,0
11,0,3,1,0.3485,0.87,0
11,1,3,1,0.3333,0.87,0
11,2,3,1,0.3333,0.87,0
11,3,3,1,0.3333,0.75,0
11,4,3,1,0.3333,0.87,0
11,5,3,1,0.3333,0.81,0
11,6,3,1,0.3333,0.81,0
11,7,3,1,0.3333,0.81,0
11,8,3,1,0.3485,0.87,0
11,9,3,1,0.3636,0.87,0
11,10,3,1,0.4091,0.71,0
11,11,3,1,0.4242,0.71,0
11,12,3,1,0.4545,0.55,0
11,13,3,1,0.4697,0.48,0
11,14,3,1,0.4848,0.45,0
11,15,3,1,0.4697,0.51,0
11,16,3,1,0.4697,0.51,0
11,17,3,1,0.4394,0.62,0
11,18,3,1,0.4242,0.71,0
11,19,3,1,0.4091,0.76,0
11,20,3,1,0.4091,0.66,0
11,21,3,1,0.3939,0.71,0
11,22,3,1,0.3485,0.71,0
11,23,3,1,0.3636,0.76,0
11,0,4,1,0.3636,0.76,0
11,1,4,1,0.3333,0.81,0
11,2,4,1,0.3333,0.76,0
11,3,4,1,0.3333,0.81,0
11,4,4,1,0.3333,0.81,0
11,5,4,1,0.3333,0.81,0
11,6,4,1,0.3333,0.76,0
11,7,4,1,0.3333,0.81,0
11,8,4,1,0.3485,0.81,0
11,9,4,1,0.3485,0.81,0
11,10,4,1,0.4091,0.76,0
11,11,4,1,0.4394,0.67,0
11,12,4,1,0.4848,0.51,0
11,13,4,1,0.5,0.48,0
11,14,4,1,0.5,0.52,0
11,15,4,1,0.5,0.52,0
11,16,4,1,0.5,0.48,0
11,17,4,1,0.4697,0.55,0
11,18,4,1,0.4545,0.63,0
11,19,4,1,0.4394,0.67,0
11,20,4,1,0.4242,0.71,0
11,21,4,1,0.4091,0.76,0
11,22,4,1,0.4091,0.82,0
11,23,4,1,0.4091,0.82,0
11,0,5,1,0.4091,0.82,0
11,1,5,1,0.4091,0.82,0
11,2,5,1,0.4091,0.76,0
11,3,5,1,0.3939,0.87,0
11,4,5,1,0.3939,0.87,0
11,5,5,1,0.3939,0.87,0
11,6,5,1,0.3939,0.87,0
11,7,5,1,0.4091,0.86,0
11,8,5,1,0.4091,0.87,0
11,9,5,1,0.4242,0.71,0
11,10,5,1,0.4242,0.71,0
11,11,5,1,0.4394,0.67,0
11,12,5,1,0.4697,0.55,0
11,13,5,1,0.4394,0.51,0
11,14,5,1,0.4394,0.47,0
11,15,5,1,0.4545,0.44,0
11,16,5,1,0.4545,0.36,0
11,17,5,1,0.4242,0.38,0
11,18,5,1,0.4242,0.32,0
11,19,5,1,0.4091,0.37,0
11,20,5,1,0.3333,0.43,0
11,21,5,1,0.3182,0.46,0
11,22,5,1,0.303,0.46,0
11,23,5,1,0.303,0.49,0
11,0,6,0,0.2879,0.45,0
11,1,6,0,0.303,0.45,0
11,2,6,0,0.2727,0.52,0
11,3,6,0,0.2727,0.52,0
11,4,6,0,0.2576,0.56,0
11,5,6,0,0.2273,0.6,0
11,6,6,0,0.2424,0.6,0
11,7,6,0,0.2424,0.6,0
11,8,6,0,0.2576,0.56,0
11,9,6,0,0.2727,0.56,0
11,10,6,0,0.303,0.53,1
11,11,6,0,0.3636,0.46,1
11,12,6,0,0.3485,0.46,1
11,13,6,0,0.4091,0.37,1
11,14,6,0,0.4242,0.35,1
11,15,6,0,0.4091,0.37,1
11,16,6,0,0.4091,0.4,1
11,17,6,0,0.3939,0.4,0
11,18,6,0,0.3636,0.5,0
11,19,6,0,0.3636,0.53,0
11,20,6,0,0.3485,0.66,0
11,21,6,0,0.3485,0.66,0
11,22,6,0,0.3333,0.65,0
11,23,6,0,0.3182,0.7,0
11,0,0,0,0.3182,0.75,0
11,1,0,0,0.303,0.81,0
11,2,0,0,0.303,0.81,0
11,3,0,0,0.2879,0.87,0
11,4,0,0,0.2879,0.87,0
11,5,0,0,0.2424,0.87,0
11,6,0,0,0.2879,0.81,0
11,7,0,0,0.2727,0.87,0
11,8,0,0,0.303,0.87,0
11,9,0,0,0.3182,0.75,0
11,10,0,0,0.3636,0.66,1
11,11,0,0,0.4242,0.58,1
11,12,0,0,0.4394,0.54,1
11,13,0,0,0.4545,0.51,1
11,14,0,0,0.4545,0.55,1
11,15,0,0,0.4697,0.51,1
11,16,0,0,0.4545,0.55,1
11,17,0,0,0.4394,0.62,0
11,18,0,0,0.4242,0.71,0
11,19,0,0,0.3939,0.76,0
11,20,0,0,0.3636,0.81,0
11,21,0,0,0.3636,0.81,0
11,22,0,0,0.3788,0.87,0
11,23,0,0,0.3485,0.87,0
11,0,1,1,0.3636,0.87,0
11,1,1,1,0.3636,0.87,0
11,2,1,1,0.3485,0.93,0
11,3,1,1,0.3485,0.93,0
11,4,1,1,0.3485,0.93,0
11,5,1,1,0.3333,0.93,0
11,6,1,1,0.3182,0.93,0
11,7,1,1,0.3182,0.93,0
11,8,1,1,0.3182,1.0,0
11,9,1,1,0.3333,1.0,0
11,10,1,1,0.3485,0.93,0
11,11,1,1,0.4242,0.77,0
11,12,1,1,0.4545,0.67,0
11,13,1,1,0.5152,0.49,0
11,14,1,1,0.5303,0.37,0
11,15,1,1,0.5303,0.37,0
11,16,1,1,0.5,0.45,0
11,17,1,1,0.4848,0.45,0
11,18,1,1,0.4545,0.59,0
11,19,1,1,0.4545,0.59,0
11,20,1,1,0.4091,0.71,0
11,21,1,1,0.3939,0.82,0
11,22,1,1,0.3636,0.81,0
11,23,1,1,0.3636,0.87,0
11,0,2,1,0.3485,0.87,0
11,1,2,1,0.3333,0.93,0
11,2,2,1,0.3485,0.87,0
11,3,2,1,0.3485,0.87,0
11,4,2,1,0.3333,0.87,0
11,5,2,1,0.3182,0.87,0
11,6,2,1,0.3333,0.87,0
11,7,2,1,0.3182,0.87,0
11,8,2,1,0.3333,0.93,0
11,9,2,1,0.3788,0.87,0
11,10,2,1,0.4242,0.71,0
11,11,2,1,0.4545,0.63,0
11,12,2,1,0.5,0.52,0
11,13,2,1,0.5152,0.49,0
11,14,2,1,0.5303,0.46,0
11,15,2,1,0.5455,0.46,0
11,16,2,1,0.5303,0.46,0
11,17,2,1,0.5,0.43,0
11,18,2,1,0.4697,0.55,0
11,19,2,1,0.4545,0.59,0
11,20,2,1,0.4091,0.76,0
11,21,2,1,0.4091,0.76,0
11,22,2,1,0.3788,0.87,0
11,23,2,1,0.3788,0.81,0
11,0,3,1,0.3788,0.87,0
11,1,3,1,0.3636,0.87,0
11,2,3,1,0.3485,0.93,0
11,3,3,1,0.3485,0.93,0
11,4,3,1,0.3485,0.87,0
11,5,3,1,0.3333,0.87,0
11,6,3,1,0.3333,0.87,0
11,7,3,1,0.3333,0.87,0
11,8,3,1,0.3485,0.93,0
11,9,3,1,0.3636,0.93,0
11,10,3,1,0.4091,0.76,0
11,11,3,1,0.4545,0.67,0
11,12,3,1,0.4848,0.51,0
11,13,3,1,0.4848,0.51,0
11,14,3,1,0.5,0.48,0
11,15,3,1,0.5,0.45,0
11,16,3,1,0.5,0.48,0
11,17,3,1,0.4545,0.63,0
11,18,3,1,0.4394,0.67,0
11,19,3,1,0.4394,0.72,0
11,20,3,1,0.4394,0.77,0
11,21,3,1,0.4091,0.87,0
11,22,3,1,0.4091,0.87,0
11,23,3,1,0.3939,0.87,0
11,0,4,1,0.4091,0.87,0
11,1,4,1,0.4091,0.87,0
11,2,4,1,0.3939,0.94,0
11,3,4,1,0.3939,0.94,0
11,4,4,1,0.3939,0.94,0
11,5,4,1,0.3485,1.0,0
11,6,4,1,0.3485,1.0,0
11,7,4,1,0.3939,0.94,0
11,8,4,1,0.4091,0.94,0
11,9,4,1,0.4242,0.94,0
11,10,4,1,0.4394,0.88,0
11,11,4,1,0.4545,0.67,0
11,12,4,1,0.4242,0.67,0
11,13,4,1,0.3333,0.81,0
11,14,4,1,0.3333,0.87,0
11,15,4,1,0.3333,0.81,0
11,16,4,1,0.3485,0.81,0
11,17,4,1,0.3485,0.81,0
11,18,4,1,0.3485,0.81,0
11,19,4,1,0.3485,0.71,0
11,20,4,1,0.3333,0.62,0
11,21,4,1,0.3333,0.57,0
11,22,4,1,0.3333,0.53,0
11,23,4,1,0.3333,0.57,0
11,0,5,0,0.3182,0.53,0
11,1,5,0,0.303,0.57,0
11,2,5,0,0.2879,0.57,0
11,3,5,0,0.2879,0.61,0
11,4,5,0,0.2879,0.61,0
11,5,5,0,0.2879,0.49,0
11,6,5,0,0.2576,0.45,0
11,7,5,0,0.2727,0.45,0
11,8,5,0,0.2727,0.42,0
11,9,5,0,0.2879,0.45,0
11,10,5,0,0.2727,0.42,1
11,11,5,0,0.2879,0.42,1
11,12,5,0,0.2879,0.42,1
11,13,5,0,0.3939,0.37,1
11,14,5,0,0.3939,0.37,1
11,15,5,0,0.3333,0.37,1
11,16,5,0,0.3333,0.34,1
11,17,5,0,0.303,0.39,0
11,18,5,0,0.3182,0.39,0
11,19,5,0,0.3182,0.39,0
11,20,5,0,0.3182,0.39,0
11,21,5,0,0.303,0.45,0
11,22,5,0,0.3182,0.39,0
11,23,5,0,0.3182,0.45,0
11,0,6,0,0.2424,0.6,0
11,1,6,0,0.2424,0.6,0
11,2,6,0,0.2576,0.65,0
11,3,6,0,0.2424,0.7,0
11,4,6,0,0.2121,0.8,0
11,5,6,0,0.2576,0.75,0
11,6,6,0,0.2273,0.75,0
11,7,6,0,0.2273,0.75,0
11,8,6,0,0.2576,0.7,0
11,9,6,0,0.303,0.61,0
11,10,6,0,0.3182,0.61,1
11,11,6,0,0.3939,0.54,1
11,12,6,0,0.4394,0.44,1
11,13,6,0,0.4697,0.36,1
11,14,6,0,0.4848,0.36,1
11,15,6,0,0.5,0.29,1
11,16,6,0,0.5,0.32,1
11,17,6,0,0.4848,0.34,0
11,18,6,0,0.4242,0.58,0
11,19,6,0,0.4242,0.5,0
11,20,6,0,0.4242,0.5,0
11,21,6,0,0.4242,0.47,0
11,22,6,0,0.4242,0.47,0
11,23,6,0,0.4091,0.58,0
11,0,0,0,0.4091,0.58,0
11,1,0,0,0.3485,0.66,0
11,2,0,0,0.3636,0.57,0
11,3,0,0,0.3485,0.62,0
11,4,0,0,0.3485,0.62,0
11,5,0,0,0.3333,0.61,0
11,6,0,0,0.3333,0.66,0
11,7,0,0,0.3182,0.66,0
11,8,0,0,0.3485,0.66,0
11,9,0,0,0.4091,0.54,0
11,10,0,0,0.4394,0.44,1
11,11,0,0,0.4545,0.4,1
11,12,0,0,0.5,0.29,1
11,13,0,0,0.5,0.29,1
11,14,0,0,0.5152,0.28,1
11,15,0,0,0.4848,0.42,1
11,16,0,0,0.5152,0.28,1
11,17,0,0,0.5,0.27,0
11,18,0,0,0.5,0.27,0
11,19,0,0,0.4848,0.29,0
11,20,0,0,0.4848,0.31,0
11,21,0,0,0.4697,0.36,0
11,22,0,0,0.4697,0.41,0
11,23,0,0,0.4545,0.51,0
11,0,1,1,0.4545,0.59,0
11,1,1,1,0.4545,0.63,0
11,2,1,1,0.4545,0.63,0
11,3,1,1,0.4394,0.67,0
11,4,1,1,0.4394,0.67,0
11,5,1,1,0.4394,0.67,0
11,6,1,1,0.4394,0.72,0
11,7,1,1,0.4394,0.72,0
11,8,1,1,0.4545,0.67,0
11,9,1,1,0.4697,0.67,0
11,10,1,1,0.4848,0.63,0
11,11,1,1,0.5152,0.6,0
11,12,1,1,0.5303,0.56,0
11,13,1,1,0.6212,0.49,0
11,14,1,1,0.6212,0.46,0
11,15,1,1,0.6212,0.44,0
11,16,1,1,0.6212,0.46,0
11,17,1,1,0.6212,0.46,0
11,18,1,1,0.5303,0.56,0
11,19,1,1,0.6212,0.53,0
11,20,1,1,0.6212,0.53,0
11,21,1,1,0.6212,0.53,0
11,22,1,1,0.5455,0.56,0
11,23,1,1,0.5303,0.64,0
11,0,2,1,0.5303,0.64,0
11,1,2,1,0.5303,0.6,0
11,2,2,1,0.5303,0.64,0
11,3,2,1,0.5152,0.68,0
11,4,2,1,0.5303,0.64,0
11,5,2,1,0.5152,0.68,0
11,6,2,1,0.5303,0.64,0
11,7,2,1,0.5152,0.68,0
11,8,2,1,0.5152,0.68,0
11,9,2,1,0.5303,0.64,0
11,10,2,1,0.5303,0.64,0
11,11,2,1,0.5303,0.64,0
11,12,2,1,0.5152,0.68,0
11,13,2,1,0.5152,0.6,0
11,14,2,1,0.5152,0.6,0
11,15,2,1,0.5152,0.6,0
11,16,2,1,0.5,0.68,0
11,17,2,1,0.4848,0.72,0
11,18,2,1,0.4848,0.72,0
11,19,2,1,0.4848,0.72,0
11,20,2,1,0.4697,0.82,0
11,21,2,1,0.4848,0.77,0
11,22,2,1,0.4545,0.88,0
11,23,2,1,0.4545,0.94,0
11,0,3,1,0.4545,0.94,0
11,1,3,1,0.4545,0.94,0
11,2,3,1,0.4545,0.94,0
11,3,3,1,0.4545,0.94,0
11,4,3,1,0.4394,1.0,0
11,5,3,1,0.4545,0.94,0
11,6,3,1,0.4545,0.94,0
11,7,3,1,0.4545,0.94,0
11,8,3,1,0.4545,0.94,0
11,9,3,1,0.4545,0.94,0
11,10,3,1,0.4545,0.94,0
11,11,3,1,0.4545,0.94,0
11,12,3,1,0.4545,1.0,0
11,13,3,1,0.4545,0.94,0
11,14,3,1,0.4545,1.0,0
11,15,3,1,0.4697,0.94,0
11,16,3,1,0.4697,0.94,0
11,17,3,1,0.4697,0.88,0
11,18,3,1,0.4545,0.88,0
11,19,3,1,0.4545,0.88,0
11,20,3,1,0.4394,0.88,0
11,21,3,1,0.4394,0.88,0
11,22,3,1,0.4242,0.88,0
11,23,3,1,0.4242,0.88,0
11,0,4,1,0.4242,0.88,0
11,1,4,1,0.4242,0.82,0
11,2,4,1,0.4242,0.82,0
11,3,4,1,0.4242,0.77,0
11,4,4,1,0.4091,0.62,0
11,5,4,1,0.303,0.71,0
11,6,4,1,0.3485,0.57,0
11,7,4,1,0.3182,0.61,0
11,8,4,1,0.303,0.61,0
11,9,4,1,0.303,0.61,0
11,10,4,1,0.303,0.61,0
11,11,4,1,0.303,0.66,0
11,12,4,1,0.303,0.53,0
11,13,4,1,0.303,0.49,0
11,14,4,1,0.303,0.49,0
11,15,4,1,0.303,0.49,0
11,16,4,1,0.2879,0.39,0
11,17,4,1,0.2879,0.42,0
11,18,4,1,0.3182,0.39,0
11,19,4,1,0.2879,0.45,0
11,20,4,1,0.2879,0.42,0
11,21,4,1,0.2879,0.42,0
11,22,4,1,0.2424,0.52,0
11,23,4,1,0.2576,0.52,0
11,0,5,1,0.2576,0.48,0
11,1,5,1,0.2273,0.44,0
11,2,5,1,0.2273,0.44,0
11,3,5,1,0.2121,0.41,0
11,4,5,1,0.2273,0.44,0
11,5,5,1,0.2273,0.44,0
11,6,5,1,0.2576,0.44,0
11,7,5,1,0.2273,0.44,0
11,8,5,1,0.2273,0.44,0
11,9,5,1,0.2576,0.41,0
11,10,5,1,0.2424,0.41,0
11,11,5,1,0.303,0.36,0
11,12,5,1,0.3333,0.33,0
11,13,5,1,0.3182,0.31,0
11,14,5,1,0.3333,0.31,0
11,15,5,1,0.3333,0.29,0
11,16,5,1,0.3333,0.29,0
11,17,5,1,0.3333,0.31,0
11,18,5,1,0.303,0.36,0
11,19,5,1,0.2727,0.41,0
11,20,5,1,0.2727,0.48,0
11,21,5,1,0.2727,0.48,0
11,22,5,1,0.2727,0.52,0
11,23,5,1,0.2727,0.6,0
11,0,6,0,0.2576,0.56,0
11,1,6,0,0.2273,0.52,0
11,2,6,0,0.2424,0.56,0
11,3,6,0,0.2424,0.48,0
11,4,6,0,0.2273,0.48,0
11,5,6,0,0.2273,0.56,0
11,6,6,0,0.2121,0.6,0
11,7,6,0,0.2273,0.6,0
11,8,6,0,0.2424,0.56,0
11,9,6,0,0.2576,0.52,0
11,10,6,0,0.303,0.45,1
11,11,6,0,0.3788,0.4,1
11,12,6,0,0.4091,0.35,1
11,13,6,0,0.4242,0.3,1
11,14,6,0,0.4242,0.32,1
11,15,6,0,0.4242,0.41,1
11,16,6,0,0.4242,0.38,1
11,17,6,0,0.4091,0.4,0
11,18,6,0,0.3939,0.46,0
11,19,6,0,0.3333,0.71,0
11,20,6,0,0.3636,0.57,0
11,21,6,0,0.3485,0.62,0
11,22,6,0,0.3939,0.62,0
11,23,6,0,0.3939,0.62,0
11,0,0,0,0.3939,0.66,0
11,1,0,0,0.4091,0.62,0
11,2,0,0,0.4091,0.62,0
11,3,0,0,0.4091,0.66,0
11,4,0,0,0.4091,0.71,0
11,5,0,0,0.4242,0.67,0
11,6,0,0,0.4242,0.67,0
11,7,0,0,0.4242,0.67,0
11,8,0,0,0.4242,0.71,0
11,9,0,0,0.4394,0.72,0
11,10,0,0,0.4394,0.72,1
11,11,0,0,0.4848,0.63,1
11,12,0,0,0.4848,0.63,1
11,13,0,0,0.5152,0.6,1
11,14,0,0,0.5,0.63,1
11,15,0,0,0.5,0.68,1
11,16,0,0,0.5,0.63,1
11,17,0,0,0.5,0.63,0
11,18,0,0,0.5152,0.64,0
11,19,0,0,0.4848,0.72,0
11,20,0,0,0.5,0.68,0
11,21,0,0,0.4697,0.77,0
11,22,0,0,0.4545,0.88,0
11,23,0,0,0.4545,0.88,0
11,0,1,1,0.4545,0.94,0
11,1,1,1,0.4545,0.94,0
11,2,1,1,0.4394,1.0,0
11,3,1,1,0.4394,1.0,0
11,4,1,1,0.4394,1.0,0
11,5,1,1,0.4394,1.0,0
11,6,1,1,0.4242,1.0,0
11,7,1,1,0.4545,0.94,0
11,8,1,1,0.4545,0.94,0
11,9,1,1,0.4697,0.94,0
11,10,1,1,0.5,0.83,0
11,11,1,1,0.5,0.83,0
11,12,1,1,0.4848,0.77,0
11,13,1,1,0.4848,0.77,0
11,14,1,1,0.4697,0.82,0
11,15,1,1,0.4394,0.94,0
11,16,1,1,0.4394,0.94,0
11,17,1,1,0.4242,0.94,0
11,18,1,1,0.4242,0.88,0
11,19,1,1,0.4091,0.94,0
11,20,1,1,0.4091,0.87,0
11,21,1,1,0.4091,0.87,0
11,22,1,1,0.4091,0.87,0
11,23,1,1,0.4091,0.87,0
11,0,2,1,0.3939,0.94,0
11,1,2,1,0.4091,0.94,0
11,2,2,1,0.3939,1.0,0
11,3,2,1,0.3939,1.0,0
11,4,2,1,0.3939,0.94,0
11,5,2,1,0.3939,0.94,0
11,6,2,1,0.3939,0.94,0
11,7,2,1,0.3939,0.94,0
11,8,2,1,0.3939,0.94,0
11,9,2,1,0.4091,0.94,0
11,10,2,1,0.4091,0.94,0
11,11,2,1,0.4091,0.94,0
11,12,2,1,0.4091,1.0,0
11,13,2,1,0.4242,1.0,0
11,14,2,1,0.4242,1.0,0
11,15,2,1,0.4394,0.94,0
11,16,2,1,0.4394,0.94,0
11,17,2,1,0.4394,1.0,0
11,18,2,1,0.4394,1.0,0
11,19,2,1,0.4545,0.94,0
11,20,2,1,0.4545,1.0,0
11,21,2,1,0.4545,1.0,0
11,22,2,1,0.4848,0.94,0
11,23,2,1,0.4697,0.94,0
11,0,3,1,0.4697,0.94,0
11,1,3,1,0.4697,0.94,0
11,2,3,1,0.4848,0.94,0
11,3,3,1,0.4848,0.94,0
11,4,3,1,0.5,0.88,0
11,5,3,1,0.4545,0.94,0
11,6,3,1,0.4394,1.0,0
11,7,3,1,0.4545,1.0,0
11,8,3,1,0.4697,0.94,0
11,9,3,1,0.5,0.94,0
11,10,3,1,0.5,0.94,0
11,11,3,1,0.4848,0.72,0
11,12,3,1,0.4697,0.55,0
11,13,3,1,0.4394,0.54,0
11,14,3,1,0.4242,0.54,0
11,15,3,1,0.4242,0.54,0
11,16,3,1,0.4091,0.62,0
11,17,3,1,0.3939,0.71,0
11,18,3,1,0.4091,0.58,0
11,19,3,1,0.3939,0.58,0
11,20,3,1,0.3333,0.62,0
11,21,3,1,0.3182,0.57,0
11,22,3,1,0.303,0.61,0
11,23,3,1,0.303,0.61,0
11,0,4,0,0.303,0.57,0
11,1,4,0,0.2879,0.57,0
11,2,4,0,0.2879,0.61,0
11,3,4,0,0.2879,0.65,0
11,4,4,0,0.3182,0.61,0
11,5,4,0,0.3182,0.61,0
11,6,4,0,0.3182,0.61,0
11,7,4,0,0.2727,0.75,0
11,8,4,0,0.3182,0.65,0
11,9,4,0,0.3485,0.61,0
11,10,4,0,0.3788,0.57,1
11,11,4,0,0.4242,0.41,1
11,12,4,0,0.4545,0.36,1
11,13,4,0,0.4697,0.33,1
11,14,4,0,0.4848,0.31,1
11,15,4,0,0.4848,0.31,1
11,16,4,0,0.4848,0.34,1
11,17,4,0,0.4697,0.33,0
11,18,4,0,0.4242,0.5,0
11,19,4,0,0.4091,0.54,0
11,20,4,0,0.3485,0.76,0
11,21,4,0,0.3485,0.71,0
11,22,4,0,0.3485,0.71,0
11,23,4,0,0.3485,0.76,0
11,0,5,1,0.3333,0.76,0
11,1,5,1,0.3636,0.76,0
11,2,5,1,0.2879,0.81,0
11,3,5,1,0.2879,0.75,0
11,4,5,1,0.3182,0.75,0
11,5,5,1,0.3182,0.75,0
11,6,5,1,0.2727,0.81,0
11,7,5,1,0.303,0.81,0
11,8,5,1,0.2727,0.81,0
11,9,5,1,0.3485,0.76,0
11,10,5,1,0.3485,0.71,0
11,11,5,1,0.4091,0.66,0
11,12,5,1,0.4545,0.51,0
11,13,5,1,0.4848,0.45,0
11,14,5,1,0.5,0.39,0
11,15,5,1,0.5,0.36,0
11,16,5,1,0.4848,0.39,0
11,17,5,1,0.4848,0.34,0
11,18,5,1,0.4545,0.44,0
11,19,5,1,0.4242,0.67,0
11,20,5,1,0.4091,0.58,0
11,21,5,1,0.3788,0.71,0
11,22,5,1,0.3485,0.71,0
11,23,5,1,0.3485,0.76,0
11,0,6,0,0.3485,0.76,0
11,1,6,0,0.3333,0.76,0
11,2,6,0,0.3182,0.81,0
11,3,6,0,0.3333,0.81,0
11,4,6,0,0.3333,0.81,0
11,5,6,0,0.3182,0.75,0
11,6,6,0,0.3182,0.75,0
11,7,6,0,0.2727,0.87,0
11,8,6,0,0.3333,0.76,0
11,9,6,0,0.3485,0.76,0
11,10,6,0,0.3788,0.81,1
11,11,6,0,0.4091,0.62,1
11,12,6,0,0.4394,0.51,1
11,13,6,0,0.4697,0.44,1
11,14,6,0,0.4697,0.48,1
11,15,6,0,0.4848,0.42,1
11,16,6,0,0.4545,0.47,1
11,17,6,0,0.4545,0.47,0
11,18,6,0,0.4242,0.62,0
11,19,6,0,0.4091,0.71,0
11,20,6,0,0.4242,0.58,0
11,21,6,0,0.3939,0.82,0
11,22,6,0,0.3939,0.76,0
11,23,6,0,0.3788,0.81,0
11,0,0,0,0.3788,0.81,0
11,1,0,0,0.3788,0.81,0
11,2,0,0,0.3636,0.81,0
11,3,0,0,0.3636,0.87,0
11,4,0,0,0.3485,0.87,0
11,5,0,0,0.3485,0.87,0
11,6,0,0,0.3939,0.82,0
11,7,0,0,0.3939,0.87,0
11,8,0,0,0.4091,0.82,0
11,9,0,0,0.4545,0.72,0
11,10,0,0,0.4545,0.72,1
11,11,0,0,0.4848,0.63,1
11,12,0,0,0.5152,0.56,1
11,13,0,0,0.5152,0.6,1
11,14,0,0,0.6212,0.43,1
11,15,0,0,0.6212,0.43,1
11,16,0,0,0.5303,0.52,1
11,17,0,0,0.5152,0.56,0
11,18,0,0,0.4848,0.63,0
11,19,0,0,0.4697,0.67,0
11,20,0,0,0.4848,0.63,0
11,21,0,0,0.4697,0.67,0
11,22,0,0,0.4697,0.72,0
11,23,0,0,0.4697,0.72,0
11,0,1,1,0.4545,0.77,0
11,1,1,1,0.4545,0.77,0
11,3,1,1,0.4394,0.88,0
11,4,1,1,0.4394,0.82,0
11,5,1,1,0.4091,0.87,0
11,6,1,1,0.4242,0.82,0
11,7,1,1,0.4242,0.88,0
11,8,1,1,0.4242,0.94,0
11,9,1,1,0.4394,0.88,0
11,10,1,1,0.4697,0.77,0
11,11,1,1,0.5,0.68,0
11,12,1,1,0.5303,0.6,0
11,13,1,1,0.5455,0.56,0
11,14,1,1,0.6212,0.56,0
11,15,1,1,0.5455,0.6,0
11,16,1,1,0.5303,0.6,0
11,17,1,1,0.5455,0.56,0
11,18,1,1,0.5303,0.64,0
11,19,1,1,0.5152,0.73,0
11,20,1,1,0.5152,0.73,0
11,21,1,1,0.5152,0.77,0
11,22,1,1,0.5,0.83,0
11,23,1,1,0.5,0.83,0
11,0,2,1,0.5,0.83,0
11,1,2,1,0.5,0.83,0
11,2,2,1,0.4848,0.88,0
11,3,2,1,0.4848,0.88,0
11,4,2,1,0.5,0.83,0
11,5,2,1,0.4848,0.88,0
11,6,2,1,0.5,0.83,0
11,7,2,1,0.5,0.77,0
11,8,2,1,0.5152,0.77,0
11,9,2,1,0.5303,0.73,0
11,10,2,1,0.5303,0.73,0
11,11,2,1,0.4848,0.88,0
11,12,2,1,0.4242,0.82,0
11,13,2,1,0.4242,0.77,0
11,14,2,1,0.4091,0.94,0
11,15,2,1,0.4091,0.87,0
11,16,2,1,0.4091,0.87,0
11,17,2,1,0.4091,0.87,0
11,18,2,1,0.4091,0.82,0
11,19,2,1,0.4091,0.82,0
11,20,2,1,0.3939,0.87,0
11,21,2,1,0.3939,0.87,0
11,22,2,1,0.3939,0.82,0
11,23,2,1,0.3333,0.76,0
11,0,3,1,0.3333,0.62,0
11,1,3,1,0.303,0.66,0
11,2,3,1,0.3182,0.7,0
11,3,3,1,0.3182,0.7,0
11,4,3,1,0.2879,0.75,0
11,5,3,1,0.2727,0.81,0
11,6,3,1,0.2727,0.87,0
11,7,3,1,0.2727,0.81,0
11,8,3,1,0.2727,0.81,0
11,9,3,1,0.2879,0.75,0
11,10,3,1,0.3182,0.66,0
11,11,3,1,0.3939,0.54,0
11,12,3,1,0.3333,0.53,0
11,13,3,1,0.3939,0.43,0
11,14,3,1,0.3939,0.43,0
11,15,3,1,0.3333,0.46,0
11,16,3,1,0.3333,0.46,0
11,17,3,1,0.303,0.49,0
11,18,3,1,0.303,0.49,0
11,19,3,1,0.303,0.57,0
11,20,3,1,0.303,0.57,0
11,21,3,1,0.2879,0.53,0
11,22,3,1,0.2727,0.56,0
11,23,3,1,0.2576,0.52,0
12,0,4,1,0.2576,0.52,0
12,1,4,1,0.2424,0.6,0
12,2,4,1,0.2273,0.56,0
12,3,4,1,0.2424,0.56,0
12,4,4,1,0.2424,0.56,0
12,5,4,1,0.2424,0.56,0
12,6,4,1,0.2121,0.65,0
12,7,4,1,0.2121,0.65,0
12,8,4,1,0.2273,0.6,0
12,9,4,1,0.2727,0.52,0
12,10,4,1,0.303,0.53,0
12,11,4,1,0.3182,0.49,0
12,12,4,1,0.3485,0.46,0
12,13,4,1,0.4091,0.4,0
12,14,4,1,0.4091,0.4,0
12,15,4,1,0.4091,0.4,0
12,16,4,1,0.4091,0.4,0
12,17,4,1,0.3485,0.46,0
12,18,4,1,0.3636,0.43,0
12,19,4,1,0.3485,0.46,0
12,20,4,1,0.3485,0.46,0
12,21,4,1,0.3182,0.61,0
12,22,4,1,0.3333,0.61,0
12,23,4,1,0.2879,0.7,0
12,0,5,1,0.2879,0.7,0
12,1,5,1,0.2879,0.75,0
12,2,5,1,0.2879,0.75,0
12,3,5,1,0.2727,0.8,0
12,4,5,1,0.2727,0.8,0
12,5,5,1,0.2576,0.8,0
12,6,5,1,0.2727,0.8,0
12,7,5,1,0.2576,0.87,0
12,8,5,1,0.2879,0.87,0
12,9,5,1,0.3182,0.81,0
12,10,5,1,0.2879,0.75,0
12,11,5,1,0.3333,0.66,0
12,12,5,1,0.3485,0.57,0
12,13,5,1,0.4091,0.47,0
12,14,5,1,0.4242,0.44,0
12,15,5,1,0.4242,0.41,0
12,16,5,1,0.4242,0.41,0
12,17,5,1,0.4242,0.38,0
12,18,5,1,0.4091,0.5,0
12,19,5,1,0.3182,0.53,0
12,20,5,1,0.3939,0.4,0
12,21,5,1,0.3333,0.49,0
12,22,5,1,0.3182,0.53,0
12,23,5,1,0.303,0.53,0
12,0,6,0,0.2879,0.56,0
12,1,6,0,0.2576,0.65,0
12,2,6,0,0.2576,0.65,0
12,3,6,0,0.2424,0.7,0
12,4,6,0,0.2273,0.75,0
12,5,6,0,0.2576,0.7,0
12,6,6,0,0.2576,0.65,0
12,7,6,0,0.2576,0.75,0
12,8,6,0,0.2576,0.75,0
12,9,6,0,0.2727,0.7,0
12,10,6,0,0.3333,0.61,1
12,11,6,0,0.3333,0.57,1
12,12,6,0,0.3788,0.5,1
12,13,6,0,0.3636,0.5,1
12,14,6,0,0.3788,0.46,1
12,15,6,0,0.3939,0.46,1
12,16,6,0,0.3939,0.46,1
12,17,6,0,0.3788,0.62,0
12,18,6,0,0.3333,0.53,0
12,19,6,0,0.3182,0.61,0
12,20,6,0,0.3182,0.61,0
12,21,6,0,0.3182,0.61,0
12,22,6,0,0.3333,0.61,0
12,23,6,0,0.303,0.7,0
12,0,0,0,0.3182,0.7,0
12,1,0,0,0.3182,0.75,0
12,2,0,0,0.303,0.81,0
12,3,0,0,0.3182,0.75,0
12,4,0,0,0.303,0.87,0
12,5,0,0,0.303,0.81,0
12,6,0,0,0.2879,0.93,0
12,7,0,0,0.303,0.87,0
12,8,0,0,0.303,0.87,0
12,9,0,0,0.3333,0.81,0
12,10,0,0,0.3333,0.81,1
12,11,0,0,0.3333,0.81,1
12,12,0,0,0.3485,0.81,1
12,13,0,0,0.4091,0.66,1
12,14,0,0,0.4242,0.62,1
12,15,0,0,0.4242,0.62,1
12,16,0,0,0.4242,0.58,1
12,17,0,0,0.3939,0.76,0
12,18,0,0,0.3939,0.71,0
12,19,0,0,0.3939,0.76,0
12,20,0,0,0.3485,0.76,0
12,21,0,0,0.3636,0.81,0
12,22,0,0,0.3485,0.87,0
12,23,0,0,0.3485,0.87,0
12,0,1,1,0.3333,0.87,0
12,1,1,1,0.3485,0.87,0
12,2,1,1,0.3485,0.87,0
12,3,1,1,0.3485,0.87,0
12,4,1,1,0.3182,0.87,0
12,5,1,1,0.3182,0.87,0
12,6,1,1,0.3182,0.93,0
12,7,1,1,0.3485,0.9,0
12,8,1,1,0.3485,0.93,0
12,9,1,1,0.3636,0.87,0
12,10,1,1,0.3636,0.87,0
12,11,1,1,0.3636,0.87,0
12,12,1,1,0.4091,0.76,0
12,13,1,1,0.4242,0.71,0
12,14,1,1,0.4545,0.67,0
12,15,1,1,0.4545,0.72,0
12,16,1,1,0.4848,0.63,0
12,17,1,1,0.4242,0.77,0
12,18,1,1,0.4394,0.77,0
12,19,1,1,0.4545,0.77,0
12,20,1,1,0.4545,0.82,0
12,21,1,1,0.4394,0.88,0
12,22,1,1,0.4394,0.88,0
12,23,1,1,0.4545,0.88,0
12,0,2,1,0.4848,0.77,0
12,1,2,1,0.4545,0.88,0
12,2,2,1,0.4545,0.87,0
12,3,2,1,0.4545,0.87,0
12,4,2,1,0.4545,0.88,0
12,5,2,1,0.4545,0.88,0
12,6,2,1,0.4394,0.94,0
12,7,2,1,0.4545,0.94,0
12,8,2,1,0.4545,0.94,0
12,9,2,1,0.4545,0.94,0
12,10,2,1,0.4545,0.94,0
12,11,2,1,0.4545,0.94,0
12,12,2,1,0.4545,1.0,0
12,13,2,1,0.4545,1.0,0
12,14,2,1,0.4697,1.0,0
12,15,2,1,0.4848,1.0,0
12,16,2,1,0.4545,1.0,0
12,17,2,1,0.4545,1.0,0
12,18,2,1,0.4545,1.0,0
12,19,2,1,0.4545,1.0,0
12,20,2,1,0.4545,1.0,0
12,21,2,1,0.4394,1.0,0
12,22,2,1,0.4545,1.0,0
12,23,2,1,0.4545,1.0,0
12,0,3,1,0.4394,1.0,0
12,1,3,1,0.4545,1.0,0
12,2,3,1,0.4545,1.0,0
12,3,3,1,0.4545,1.0,0
12,4,3,1,0.4545,1.0,0
12,5,3,1,0.4545,1.0,0
12,6,3,1,0.4697,1.0,0
12,7,3,1,0.4394,1.0,0
12,8,3,1,0.4394,1.0,0
12,9,3,1,0.4394,1.0,0
12,10,3,1,0.4394,1.0,0
12,11,3,1,0.4394,1.0,0
12,12,3,1,0.4394,1.0,0
12,13,3,1,0.4394,1.0,0
12,14,3,1,0.4394,1.0,0
12,15,3,1,0.4242,0.94,0
12,16,3,1,0.4242,0.94,0
12,17,3,1,0.4091,1.0,0
12,18,3,1,0.4091,0.94,0
12,19,3,1,0.2879,0.87,0
12,20,3,1,0.2879,0.87,0
12,21,3,1,0.2576,0.87,0
12,22,3,1,0.197,0.93,0
12,23,3,1,0.2121,0.93,0
12,0,4,1,0.2273,0.87,0
12,1,4,1,0.2273,0.81,0
12,2,4,1,0.2727,0.65,0
12,3,4,1,0.2273,0.6,0
12,4,4,1,0.197,0.6,0
12,5,4,1,0.2121,0.64,0
12,6,4,1,0.2121,0.55,0
12,7,4,1,0.2121,0.6,0
12,8,4,1,0.2121,0.55,0
12,9,4,1,0.2121,0.52,0
12,10,4,1,0.2273,0.52,0
12,11,4,1,0.2727,0.52,0
12,12,4,1,0.2576,0.52,0
12,13,4,1,0.2727,0.49,0
12,14,4,1,0.303,0.45,0
12,15,4,1,0.3333,0.45,0
12,16,4,1,0.3182,0.45,0
12,17,4,1,0.3182,0.49,0
12,18,4,1,0.2727,0.52,0
12,19,4,1,0.2727,0.56,0
12,20,4,1,0.2727,0.6,0
12,21,4,1,0.303,0.61,0
12,22,4,1,0.2727,0.65,0
12,23,4,1,0.2576,0.7,0
12,0,5,1,0.2879,0.65,0
12,1,5,1,0.2879,0.65,0
12,2,5,1,0.2879,0.7,0
12,3,5,1,0.2727,0.8,0
12,4,5,1,0.2727,0.8,0
12,5,5,1,0.2727,0.8,0
12,6,5,1,0.2576,0.8,0
12,7,5,1,0.2576,0.75,0
12,8,5,1,0.2879,0.81,0
12,9,5,1,0.2879,0.81,0
12,10,5,1,0.303,0.7,0
12,11,5,1,0.303,0.7,0
12,12,5,1,0.3333,0.57,0
12,13,5,1,0.3939,0.5,0
12,14,5,1,0.3939,0.46,0
12,15,5,1,0.3939,0.46,0
12,16,5,1,0.3485,0.62,0
12,17,5,1,0.3485,0.66,0
12,18,5,1,0.3636,0.61,0
12,19,5,1,0.3636,0.61,0
12,20,5,1,0.3333,0.81,0
12,21,5,1,0.3333,0.75,0
12,22,5,1,0.3182,0.87,0
12,23,5,1,0.3182,0.81,0
12,0,6,0,0.2727,0.81,0
12,1,6,0,0.2576,0.7,0
12,2,6,0,0.303,0.61,0
12,3,6,0,0.303,0.61,0
12,4,6,0,0.2727,0.65,0
12,5,6,0,0.2576,0.6,0
12,6,6,0,0.2576,0.65,0
12,7,6,0,0.2273,0.65,0
12,8,6,0,0.2727,0.65,0
12,9,6,0,0.2576,0.61,0
12,10,6,0,0.303,0.57,1
12,11,6,0,0.2879,0.53,1
12,12,6,0,0.2879,0.45,1
12,13,6,0,0.303,0.34,1
12,14,6,0,0.303,0.31,1
12,15,6,0,0.303,0.34,1
12,16,6,0,0.2879,0.31,1
12,17,6,0,0.2576,0.36,0
12,18,6,0,0.2576,0.38,0
12,19,6,0,0.2424,0.38,0
12,20,6,0,0.2273,0.35,0
12,21,6,0,0.2121,0.44,0
12,22,6,0,0.2273,0.41,0
12,23,6,0,0.2121,0.47,0
12,0,0,0,0.197,0.51,0
12,1,0,0,0.1515,0.59,0
12,2,0,0,0.1667,0.55,0
12,3,0,0,0.1818,0.59,0
12,4,0,0,0.1667,0.59,0
12,5,0,0,0.2121,0.59,0
12,6,0,0,0.2273,0.59,0
12,7,0,0,0.2424,0.55,0
12,8,0,0,0.2273,0.69,0
12,9,0,0,0.2576,0.59,0
12,10,0,0,0.2879,0.44,1
12,11,0,0,0.303,0.35,1
12,12,0,0,0.303,0.35,1
12,13,0,0,0.3333,0.31,1
12,14,0,0,0.3333,0.28,1
12,15,0,0,0.3333,0.26,1
12,16,0,0,0.3333,0.26,1
12,17,0,0,0.3182,0.3,0
12,18,0,0,0.2273,0.48,0
12,19,0,0,0.2273,0.55,0
12,20,0,0,0.2424,0.55,0
12,21,0,0,0.2727,0.55,0
12,22,0,0,0.2727,0.55,0
12,23,0,0,0.2576,0.69,0
12,0,1,1,0.2273,0.69,0
12,1,1,1,0.2576,0.69,0
12,2,1,1,0.2576,0.69,0
12,3,1,1,0.2424,0.74,0
12,4,1,1,0.2424,0.74,0
12,5,1,1,0.2273,0.8,0
12,6,1,1,0.1818,0.8,0
12,7,1,1,0.1515,0.86,0
12,8,1,1,0.1818,0.8,0
12,9,1,1,0.2121,0.74,0
12,10,1,1,0.2424,0.69,0
12,11,1,1,0.2879,0.6,0
12,12,1,1,0.2879,0.52,0
12,13,1,1,0.3182,0.52,0
12,14,1,1,0.3333,0.53,0
12,15,1,1,0.3333,0.57,0
12,16,1,1,0.3333,0.57,0
12,17,1,1,0.3333,0.56,0
12,18,1,1,0.3182,0.56,0
12,19,1,1,0.303,0.61,0
12,20,1,1,0.3182,0.56,0
12,21,1,1,0.303,0.81,0
12,22,1,1,0.303,0.7,0
12,23,1,1,0.2879,0.75,0
12,0,2,1,0.2727,0.8,0
12,1,2,1,0.2576,0.8,0
12,2,2,1,0.2576,0.8,0
12,3,2,1,0.2424,0.8,0
12,4,2,1,0.2576,0.8,0
12,5,2,1,0.2424,0.86,0
12,6,2,1,0.2576,0.8,0
12,7,2,1,0.1667,0.8,0
12,8,2,1,0.2273,0.69,0
12,9,2,1,0.2576,0.6,0
12,10,2,1,0.303,0.52,0
12,11,2,1,0.3182,0.46,0
12,12,2,1,0.3333,0.43,0
12,13,2,1,0.4091,0.37,0
12,14,2,1,0.4091,0.37,0
12,15,2,1,0.4091,0.35,0
12,16,2,1,0.3939,0.37,0
12,17,2,1,0.3485,0.4,0
12,18,2,1,0.3182,0.42,0
12,19,2,1,0.3182,0.49,0
12,20,2,1,0.3182,0.49,0
12,21,2,1,0.303,0.52,0
12,22,2,1,0.303,0.52,0
12,23,2,1,0.303,0.7,0
12,0,3,1,0.303,0.75,0
12,1,3,1,0.303,0.75,0
12,2,3,1,0.303,0.75,0
12,3,3,1,0.3182,0.65,0
12,4,3,1,0.303,0.75,0
12,5,3,1,0.303,0.81,0
12,6,3,1,0.303,0.87,0
12,7,3,1,0.3182,0.75,0
12,8,3,1,0.303,0.87,0
12,9,3,1,0.3333,0.61,0
12,10,3,1,0.3485,0.57,0
12,11,3,1,0.3636,0.55,0
12,12,3,1,0.3636,0.57,0
12,13,3,1,0.3636,0.57,0
12,14,3,1,0.3939,0.54,0
12,15,3,1,0.3939,0.54,0
12,16,3,1,0.3939,0.54,0
12,17,3,1,0.3636,0.57,0
12,18,3,1,0.3485,0.62,0
12,19,3,1,0.3636,0.62,0
12,20,3,1,0.3485,0.66,0
12,21,3,1,0.3333,0.66,0
12,22,3,1,0.3333,0.66,0
12,23,3,1,0.3182,0.7,0
12,0,4,1,0.3182,0.7,0
12,1,4,1,0.3182,0.7,0
12,2,4,1,0.3333,0.7,0
12,3,4,1,0.3333,0.7,0
12,4,4,1,0.303,0.7,0
12,5,4,1,0.303,0.7,0
12,6,4,1,0.3182,0.66,0
12,7,4,1,0.3182,0.7,0
12,8,4,1,0.3182,0.66,0
12,9,4,1,0.3333,0.62,0
12,10,4,1,0.4091,0.58,0
12,11,4,1,0.4091,0.62,0
12,12,4,1,0.4545,0.59,0
12,13,4,1,0.4848,0.55,0
12,14,4,1,0.5,0.52,0
12,15,4,1,0.5,0.55,0
12,16,4,1,0.4545,0.72,0
12,17,4,1,0.5,0.59,0
12,18,4,1,0.5,0.59,0
12,19,4,1,0.5,0.59,0
12,20,4,1,0.5,0.59,0
12,21,4,1,0.4848,0.63,0
12,22,4,1,0.5,0.63,0
12,23,4,1,0.5,0.63,0
12,0,5,1,0.4848,0.72,0
12,1,5,1,0.4848,0.72,0
12,2,5,1,0.4697,0.77,0
12,3,5,1,0.4545,0.82,0
12,4,5,1,0.4848,0.59,0
12,5,5,1,0.4697,0.44,0
12,6,5,1,0.4394,0.33,0
12,7,5,1,0.3939,0.46,0
12,8,5,1,0.3333,0.46,0
12,9,5,1,0.3333,0.46,0
12,10,5,1,0.303,0.46,0
12,11,5,1,0.303,0.42,0
12,12,5,1,0.303,0.42,0
12,13,5,1,0.303,0.39,0
12,14,5,1,0.3182,0.42,0
12,15,5,1,0.303,0.45,0
12,16,5,1,0.303,0.45,0
12,17,5,1,0.303,0.45,0
12,18,5,1,0.303,0.45,0
12,19,5,1,0.303,0.45,0
12,20,5,1,0.3182,0.45,0
12,21,5,1,0.3182,0.45,0
12,22,5,1,0.303,0.49,0
12,23,5,1,0.303,0.49,0
12,0,6,0,0.2879,0.49,0
12,1,6,0,0.2879,0.52,0
12,2,6,0,0.2727,0.56,0
12,3,6,0,0.2576,0.6,0
12,4,6,0,0.2424,0.65,0
12,5,6,0,0.2576,0.6,0
12,6,6,0,0.2424,0.56,0
12,7,6,0,0.2576,0.56,0
12,8,6,0,0.2576,0.56,0
12,9,6,0,0.2424,0.56,0
12,10,6,0,0.2424,0.52,1
12,11,6,0,0.2576,0.45,1
12,12,6,0,0.2576,0.45,1
12,13,6,0,0.2727,0.48,1
12,14,6,0,0.2576,0.45,1
12,15,6,0,0.2576,0.45,1
12,16,6,0,0.2727,0.45,1
12,17,6,0,0.2576,0.48,0
12,18,6,0,0.2273,0.48,0
12,19,6,0,0.2121,0.65,0
12,20,6,0,0.2121,0.69,0
12,21,6,0,0.2121,0.75,0
12,22,6,0,0.2121,0.75,0
12,23,6,0,0.2273,0.75,0
12,0,0,0,0.2121,0.75,0
12,1,0,0,0.2273,0.69,0
12,2,0,0,0.2424,0.55,0
12,3,0,0,0.2121,0.55,0
12,4,0,0,0.2121,0.55,0
12,5,0,0,0.2273,0.59,0
12,6,0,0,0.2121,0.59,0
12,7,0,0,0.2121,0.59,0
12,8,0,0,0.2576,0.69,0
12,9,0,0,0.2273,0.64,0
12,10,0,0,0.2273,0.6,1
12,11,0,0,0.2273,0.6,1
12,12,0,0,0.2576,0.6,1
12,13,0,0,0.2727,0.49,1
12,14,0,0,0.2879,0.49,1
12,15,0,0,0.303,0.45,1
12,16,0,0,0.2727,0.48,1
12,17,0,0,0.2727,0.46,0
12,18,0,0,0.2727,0.45,0
12,19,0,0,0.2727,0.52,0
12,20,0,0,0.2576,0.6,0
12,21,0,0,0.2727,0.64,0
12,22,0,0,0.2273,0.75,0
12,23,0,0,0.2273,0.75,0
12,0,1,1,0.2273,0.75,0
12,1,1,1,0.2121,0.8,0
12,2,1,1,0.2121,0.8,0
12,3,1,1,0.197,0.86,0
12,4,1,1,0.1818,0.86,0
12,5,1,1,0.1667,0.93,0
12,6,1,1,0.1818,0.86,0
12,7,1,1,0.2121,0.74,0
12,8,1,1,0.197,0.75,0
12,9,1,1,0.2121,0.69,0
12,10,1,1,0.2273,0.67,0
12,11,1,1,0.2424,0.65,0
12,12,1,1,0.2727,0.61,0
12,13,1,1,0.303,0.49,0
12,14,1,1,0.3485,0.46,0
12,15,1,1,0.3939,0.46,0
12,16,1,1,0.4091,0.4,0
12,17,1,1,0.3939,0.46,0
12,18,1,1,0.3485,0.5,0
12,19,1,1,0.3485,0.53,0
12,20,1,1,0.4091,0.4,0
12,21,1,1,0.3485,0.53,0
12,22,1,1,0.3485,0.57,0
12,23,1,1,0.3485,0.53,0
12,0,2,1,0.3636,0.57,0
12,1,2,1,0.3788,0.53,0
12,2,2,1,0.3636,0.61,0
12,3,2,1,0.3636,0.61,0
12,4,2,1,0.3636,0.53,0
12,5,2,1,0.3788,0.57,0
12,6,2,1,0.3788,0.57,0
12,7,2,1,0.3788,0.62,0
12,8,2,1,0.4242,0.54,0
12,9,2,1,0.3788,0.66,0
12,10,2,1,0.4242,0.58,0
12,11,2,1,0.4091,0.62,0
12,12,2,1,0.4394,0.54,0
12,13,2,1,0.4394,0.54,0
12,14,2,1,0.4394,0.58,0
12,15,2,1,0.4394,0.54,0
12,16,2,1,0.4394,0.54,0
12,17,2,1,0.4091,0.62,0
12,18,2,1,0.3939,0.66,0
12,19,2,1,0.3939,0.66,0
12,20,2,1,0.3788,0.66,0
12,21,2,1,0.3636,0.66,0
12,22,2,1,0.3788,0.66,0
12,23,2,1,0.3939,0.62,0
12,0,3,1,0.3333,0.71,0
12,1,3,1,0.3636,0.66,0
12,2,3,1,0.3788,0.71,0
12,3,3,1,0.3788,0.71,0
12,4,3,1,0.3788,0.71,0
12,5,3,1,0.3939,0.82,0
12,6,3,1,0.3788,0.87,0
12,7,3,1,0.3636,0.87,0
12,8,3,1,0.3788,0.93,0
12,9,3,1,0.4091,0.87,0
12,10,3,1,0.4697,0.82,0
12,11,3,1,0.4697,0.82,0
12,12,3,1,0.4545,0.88,0
12,13,3,1,0.4394,0.94,0
12,14,3,1,0.4697,0.88,0
12,15,3,1,0.4697,0.88,0
12,16,3,1,0.4394,1.0,0
12,17,3,1,0.4394,1.0,0
12,18,3,1,0.4394,1.0,0
12,19,3,1,0.4848,0.94,0
12,20,3,1,0.4848,0.94,0
12,21,3,1,0.4848,0.88,0
12,22,3,1,0.4848,0.88,0
12,23,3,1,0.4848,0.88,0
12,0,4,1,0.4848,0.82,0
12,1,4,1,0.4394,0.94,0
12,2,4,1,0.4697,0.82,0
12,3,4,1,0.4394,0.67,0
12,4,4,1,0.3939,0.82,0
12,5,4,1,0.3939,0.82,0
12,6,4,1,0.3788,0.87,0
12,7,4,1,0.3636,0.93,0
12,8,4,1,0.3788,0.87,0
12,9,4,1,0.3939,0.87,0
12,10,4,1,0.4091,0.82,0
12,11,4,1,0.4394,0.77,0
12,12,4,1,0.4697,0.55,0
12,13,4,1,0.4545,0.63,0
12,14,4,1,0.4545,0.63,0
12,15,4,1,0.4697,0.59,0
12,16,4,1,0.4545,0.63,0
12,17,4,1,0.4394,0.67,0
12,18,4,1,0.4394,0.62,0
12,19,4,1,0.4394,0.62,0
12,20,4,1,0.4242,0.71,0
12,21,4,1,0.4242,0.71,0
12,22,4,1,0.3636,0.93,0
12,23,4,1,0.4091,0.87,0
12,0,5,1,0.4091,0.87,0
12,1,5,1,0.4091,0.87,0
12,2,5,1,0.3939,0.94,0
12,3,5,1,0.3939,0.94,0
12,4,5,1,0.3939,0.94,0
12,5,5,1,0.3485,0.93,0
12,6,5,1,0.3939,0.82,0
12,7,5,1,0.3939,0.82,0
12,8,5,1,0.4091,0.76,0
12,9,5,1,0.4091,0.66,0
12,10,5,1,0.4091,0.62,0
12,11,5,1,0.4091,0.58,0
12,12,5,1,0.4091,0.54,0
12,13,5,1,0.4091,0.5,0
12,14,5,1,0.4091,0.54,0
12,15,5,1,0.3939,0.54,0
12,16,5,1,0.3939,0.5,0
12,17,5,1,0.3485,0.53,0
12,18,5,1,0.3333,0.5,0
12,19,5,1,0.3333,0.53,0
12,20,5,1,0.303,0.61,0
12,21,5,1,0.303,0.61,0
12,22,5,1,0.3182,0.66,0
12,23,5,1,0.3333,0.66,0
12,0,6,0,0.3182,0.7,0
12,1,6,0,0.3485,0.66,0
12,2,6,0,0.3333,0.66,0
12,3,6,0,0.3333,0.7,0
12,4,6,0,0.3182,0.66,0
12,5,6,0,0.3182,0.66,0
12,6,6,0,0.303,0.75,0
12,7,6,0,0.2727,0.7,0
12,8,6,0,0.2727,0.7,0
12,9,6,0,0.2727,0.45,0
12,10,6,0,0.2576,0.42,1
12,11,6,0,0.2879,0.39,1
12,12,6,0,0.3182,0.39,1
12,13,6,0,0.303,0.39,1
12,14,6,0,0.303,0.39,1
12,15,6,0,0.303,0.39,1
12,16,6,0,0.3182,0.42,1
12,17,6,0,0.2879,0.45,0
12,18,6,0,0.3182,0.42,0
12,19,6,0,0.3182,0.52,0
12,20,6,0,0.2727,0.56,0
12,21,6,0,0.2576,0.56,0
12,22,6,0,0.2879,0.52,0
12,23,6,0,0.2576,0.56,0
12,0,0,0,0.2273,0.6,0
12,1,0,0,0.2273,0.69,0
12,2,0,0,0.2576,0.75,0
12,3,0,0,0.2727,0.72,0
12,5,0,0,0.2273,0.75,0
12,6,0,0,0.2273,0.75,0
12,7,0,0,0.2424,0.8,0
12,8,0,0,0.2121,0.8,0
12,9,0,0,0.2424,0.87,0
12,10,0,0,0.2424,0.81,1
12,11,0,0,0.303,0.7,1
12,12,0,0,0.2727,0.75,1
12,13,0,0,0.303,0.7,1
12,14,0,0,0.3182,0.61,1
12,15,0,0,0.3333,0.61,1
12,16,0,0,0.3636,0.57,1
12,17,0,0,0.3333,0.61,0
12,18,0,0,0.3182,0.7,0
12,19,0,0,0.3333,0.57,0
12,20,0,0,0.3333,0.49,0
12,21,0,0,0.303,0.56,0
12,22,0,0,0.2727,0.61,0
12,23,0,0,0.2727,0.65,0
12,0,1,0,0.2273,0.75,0
12,1,1,0,0.2727,0.56,0
12,2,1,0,0.3182,0.46,0
12,4,1,0,0.303,0.46,0
12,5,1,0,0.303,0.42,0
12,6,1,0,0.303,0.45,0
12,7,1,0,0.3182,0.45,0
12,8,1,0,0.3333,0.45,0
12,9,1,0,0.303,0.46,0
12,10,1,0,0.2879,0.42,1
12,11,1,0,0.2879,0.46,1
12,12,1,0,0.3182,0.43,1
12,13,1,0,0.3939,0.4,1
12,14,1,0,0.3939,0.4,1
12,15,1,0,0.3939,0.4,1
12,16,1,0,0.3333,0.43,1
12,17,1,0,0.3182,0.46,0
12,18,1,0,0.3333,0.49,0
12,19,1,0,0.3182,0.65,0
12,20,1,0,0.3182,0.56,0
12,21,1,0,0.303,0.7,0
12,22,1,0,0.303,0.7,0
12,23,1,0,0.2727,0.7,0
12,0,2,1,0.2576,0.7,0
12,1,2,1,0.2727,0.7,0
12,2,2,1,0.2727,0.7,0
12,3,2,1,0.2879,0.61,0
12,4,2,1,0.2879,0.65,0
12,5,2,1,0.2727,0.64,0
12,6,2,1,0.2727,0.61,0
12,7,2,1,0.2879,0.65,0
12,8,2,1,0.303,0.65,0
12,9,2,1,0.3333,0.66,0
12,10,2,1,0.3333,0.66,0
12,11,2,1,0.3333,0.66,0
12,12,2,1,0.3182,0.81,0
12,13,2,1,0.303,0.87,0
12,14,2,1,0.4242,0.82,0
12,15,2,1,0.4242,0.82,0
12,16,2,1,0.4394,0.88,0
12,17,2,1,0.4091,0.87,0
12,18,2,1,0.3939,0.87,0
12,19,2,1,0.3333,0.87,0
12,20,2,1,0.3333,0.93,0
12,21,2,1,0.3333,0.87,0
12,22,2,1,0.3333,0.87,0
12,23,2,1,0.303,0.93,0
12,0,3,1,0.3182,0.87,0
12,1,3,1,0.3182,0.76,0
12,2,3,1,0.303,0.61,0
12,3,3,1,0.303,0.61,0
12,5,3,1,0.2879,0.57,0
12,6,3,1,0.303,0.57,0
12,7,3,1,0.303,0.57,0
12,8,3,1,0.2879,0.57,0
12,9,3,1,0.303,0.57,0
12,10,3,1,0.3182,0.57,0
12,11,3,1,0.3333,0.46,0
12,12,3,1,0.2879,0.46,0
12,13,3,1,0.2879,0.39,0
12,14,3,1,0.2879,0.39,0
12,15,3,1,0.2879,0.36,0
12,16,3,1,0.2727,0.36,0
12,17,3,1,0.2727,0.38,0
12,18,3,1,0.2273,0.38,0
12,19,3,1,0.2273,0.41,0
12,20,3,1,0.2273,0.41,0
12,21,3,1,0.2273,0.44,0
12,22,3,1,0.2424,0.44,0
12,23,3,1,0.2121,0.44,0
12,0,4,1,0.2273,0.47,0
12,1,4,1,0.2121,0.47,0
12,2,4,1,0.2273,0.51,0
12,3,4,1,0.197,0.55,0
12,4,4,1,0.2121,0.55,0
12,5,4,1,0.2273,0.55,0
12,6,4,1,0.2576,0.59,0
12,7,4,1,0.2121,0.64,0
12,8,4,1,0.2576,0.64,0
12,9,4,1,0.2121,0.64,0
12,10,4,1,0.2273,0.64,0
12,11,4,1,0.2576,0.6,0
12,12,4,1,0.2727,0.56,0
12,13,4,1,0.2879,0.52,0
12,14,4,1,0.3333,0.52,0
12,15,4,1,0.3182,0.52,0
12,16,4,1,0.303,0.52,0
12,17,4,1,0.303,0.61,0
12,18,4,1,0.303,0.56,0
12,19,4,1,0.3182,0.56,0
12,20,4,1,0.2879,0.65,0
12,21,4,1,0.2879,0.61,0
12,22,4,1,0.2879,0.65,0
12,23,4,1,0.303,0.65,0
12,0,5,1,0.2879,0.7,0
12,1,5,1,0.2879,0.65,0
12,2,5,1,0.2576,0.7,0
12,3,5,1,0.2576,0.7,0
12,4,5,1,0.2576,0.7,0
12,5,5,1,0.2576,0.75,0
12,6,5,1,0.2576,0.7,0
12,7,5,1,0.2576,0.75,0
12,8,5,1,0.2576,0.75,0
12,9,5,1,0.303,0.75,0
12,10,5,1,0.2879,0.65,0
12,11,5,1,0.3182,0.66,0
12,12,5,1,0.3333,0.57,0
12,13,5,1,0.3485,0.53,0
12,14,5,1,0.4091,0.47,0
12,15,5,1,0.4242,0.44,0
12,16,5,1,0.4242,0.47,0
12,17,5,1,0.3939,0.54,0
12,18,5,1,0.3485,0.62,0
12,19,5,1,0.303,0.49,0
12,20,5,1,0.3485,0.66,0
12,21,5,1,0.3636,0.66,0
12,22,5,1,0.3333,0.71,0
12,23,5,1,0.3333,0.66,0
12,0,6,0,0.3939,0.62,0
12,1,6,0,0.4091,0.62,0
12,2,6,0,0.4091,0.62,0
12,3,6,0,0.4091,0.62,0
12,4,6,0,0.3939,0.71,0
12,5,6,0,0.3485,0.76,0
12,6,6,0,0.4091,0.71,0
12,7,6,0,0.3939,0.76,0
12,8,6,0,0.3333,0.81,0
12,9,6,0,0.3939,0.76,0
12,10,6,0,0.4091,0.76,1
12,11,6,0,0.4242,0.71,1
12,12,6,0,0.5,0.39,1
12,13,6,0,0.4848,0.42,1
12,14,6,0,0.4545,0.51,1
12,15,6,0,0.4545,0.47,1
12,16,6,0,0.4394,0.51,1
12,17,6,0,0.4242,0.54,0
12,18,6,0,0.4242,0.54,0
12,19,6,0,0.4242,0.54,0
12,20,6,0,0.4242,0.54,0
12,21,6,0,0.4091,0.58,0
12,22,6,0,0.3939,0.62,0
12,23,6,0,0.3788,0.66,0
1,0,0,0,0.3788,0.66,0
1,1,0,0,0.3485,0.66,0
1,2,0,0,0.3485,0.76,0
1,3,0,0,0.3333,0.81,0
1,4,0,0,0.303,0.81,0
1,5,0,0,0.2879,0.81,0
1,6,0,0,0.2727,0.93,0
1,7,0,0,0.2576,0.93,0
1,8,0,0,0.2727,0.87,0
1,9,0,0,0.2727,0.93,0
1,10,0,0,0.3182,0.81,1
1,11,0,0,0.3333,0.76,1
1,12,0,0,0.4091,0.62,1
1,13,0,0,0.4242,0.58,1
1,14,0,0,0.4394,0.54,1
1,15,0,0,0.4545,0.51,1
1,16,0,0,0.4394,0.54,1
1,17,0,0,0.4697,0.48,0
1,18,0,0,0.4545,0.59,0
1,19,0,0,0.4242,0.67,0
1,20,0,0,0.4394,0.62,0
1,21,0,0,0.4394,0.67,0
1,22,0,0,0.4545,0.55,0
1,23,0,0,0.4394,0.51,0
1,0,1,0,0.4091,0.4,0
1,1,1,0,0.3333,0.43,0
1,2,1,0,0.3182,0.34,0
1,4,1,0,0.2576,0.45,0
1,5,1,0,0.2576,0.45,0
1,6,1,0,0.2273,0.41,0
1,7,1,0,0.2121,0.32,0
1,8,1,0,0.2273,0.35,0
1,9,1,0,0.2576,0.35,0
1,10,1,0,0.2424,0.35,1
1,11,1,0,0.2121,0.35,1
1,12,1,0,0.2727,0.36,1
1,13,1,0,0.2727,0.36,1
1,14,1,0,0.2727,0.36,1
1,15,1,0,0.2424,0.38,1
1,16,1,0,0.2273,0.35,1
1,17,1,0,0.2273,0.35,0
1,18,1,0,0.2424,0.33,0
1,19,1,0,0.2273,0.38,0
1,20,1,0,0.2273,0.41,0
1,21,1,0,0.2121,0.41,0
1,22,1,0,0.2121,0.44,0
1,23,1,0,0.2121,0.44,0
1,0,2,1,0.197,0.51,0
1,1,2,1,0.1818,0.55,0
1,2,2,1,0.1667,0.51,0
1,3,2,1,0.1364,0.55,0
1,4,2,1,0.1515,0.55,0
1,5,2,1,0.1364,0.54,0
1,6,2,1,0.1212,0.59,0
1,7,2,1,0.1212,0.59,0
1,8,2,1,0.1364,0.55,0
1,9,2,1,0.1364,0.5,0
1,10,2,1,0.1212,0.47,0
1,11,2,1,0.1364,0.37,0
1,12,2,1,0.1364,0.37,0
1,13,2,1,0.1212,0.34,0
1,14,2,1,0.1212,0.43,0
1,15,2,1,0.1212,0.37,0
1,16,2,1,0.0909,0.39,0
1,17,2,1,0.1061,0.26,0
1,18,2,1,0.0909,0.26,0
1,19,2,1,0.0909,0.28,0
1,20,2,1,0.1212,0.33,0
1,21,2,1,0.1061,0.36,0
1,22,2,1,0.1061,0.46,0
1,23,2,1,0.0758,0.46,0
1,0,3,1,0.0606,0.42,0
1,1,3,1,0.0303,0.38,0
1,2,3,1,0.0152,0.34,0
1,3,3,1,0.0152,0.34,0
1,4,3,1,0.0455,0.41,0
1,5,3,1,0.0455,0.41,0
1,6,3,1,0.0455,0.41,0
1,7,3,1,0.0455,0.44,0
1,8,3,1,0.0606,0.44,0
1,9,3,1,0.0606,0.45,0
1,10,3,1,0.1061,0.45,0
1,11,3,1,0.1212,0.42,0
1,12,3,1,0.1061,0.46,0
1,13,3,1,0.1212,0.43,0
1,14,3,1,0.1212,0.46,0
1,15,3,1,0.1515,0.37,0
1,16,3,1,0.1667,0.4,0
1,17,3,1,0.197,0.4,0
1,18,3,1,0.2121,0.37,0
1,19,3,1,0.2273,0.4,0
1,20,3,1,0.197,0.4,0
1,21,3,1,0.2576,0.44,0
1,22,3,1,0.2273,0.47,0
1,23,3,1,0.2273,0.44,0
1,0,4,1,0.2273,0.47,0
1,1,4,1,0.2273,0.51,0
1,2,4,1,0.2273,0.51,0
1,3,4,1,0.2576,0.61,0
1,4,4,1,0.2273,0.59,0
1,5,4,1,0.2273,0.59,0
1,6,4,1,0.2121,0.75,0
1,7,4,1,0.2273,0.69,0
1,8,4,1,0.2576,0.75,0
1,9,4,1,0.2727,0.69,0
1,10,4,1,0.2576,0.52,0
1,11,4,1,0.3333,0.49,0
1,12,4,1,0.2879,0.49,0
1,13,4,1,0.303,0.42,0
1,14,4,1,0.3182,0.39,0
1,15,4,1,0.3333,0.34,0
1,16,4,1,0.3333,0.34,0
1,17,4,1,0.3485,0.34,0
1,18,4,1,0.3333,0.36,0
1,19,4,1,0.3485,0.34,0
1,20,4,1,0.3333,0.49,0
1,21,4,1,0.2727,0.6,0
1,22,4,1,0.2576,0.6,0
1,23,4,1,0.2576,0.7,0
1,0,5,1,0.2576,0.75,0
1,1,5,1,0.2727,0.75,0
1,2,5,1,0.2273,0.69,0
1,3,5,1,0.2424,0.69,0
1,4,5,1,0.2273,0.69,0
1,5,5,1,0.2121,0.8,0
1,6,5,1,0.2424,0.73,0
1,7,5,1,0.2879,0.65,0
1,8,5,1,0.2424,0.7,0
1,9,5,1,0.2424,0.7,0
1,10,5,1,0.2576,0.65,0
1,11,5,1,0.303,0.56,0
1,12,5,1,0.3333,0.5,0
1,13,5,1,0.4091,0.43,0
1,14,5,1,0.4545,0.36,0
1,15,5,1,0.5,0.27,0
1,16,5,1,0.5,0.27,0
1,17,5,1,0.4545,0.36,0
1,18,5,1,0.4848,0.29,0
1,19,5,1,0.4545,0.33,0
1,20,5,1,0.4242,0.41,0
1,21,5,1,0.4091,0.43,0
1,22,5,1,0.3485,0.5,0
1,23,5,1,0.3788,0.5,0
1,0,6,0,0.3485,0.5,0
1,1,6,0,0.3939,0.46,0
1,2,6,0,0.3636,0.5,0
1,3,6,0,0.3333,0.57,0
1,4,6,0,0.3333,0.57,0
1,5,6,0,0.2727,0.75,0
1,6,6,0,0.2727,0.75,0
1,7,6,0,0.2273,0.87,0
1,8,6,0,0.2576,0.75,0
1,9,6,0,0.2273,0.8,0
1,10,6,0,0.303,0.75,1
1,11,6,0,0.3182,0.57,1
1,12,6,0,0.4091,0.43,1
1,13,6,0,0.4394,0.44,1
1,14,6,0,0.4848,0.42,1
1,15,6,0,0.5455,0.37,1
1,16,6,0,0.5303,0.37,1
1,17,6,0,0.5152,0.43,0
1,18,6,0,0.5152,0.45,0
1,19,6,0,0.5,0.42,0
1,20,6,0,0.4848,0.39,0
1,21,6,0,0.4394,0.44,0
1,22,6,0,0.4394,0.38,0
1,23,6,0,0.4242,0.38,0
1,0,0,0,0.3939,0.4,0
1,1,0,0,0.3333,0.42,0
1,2,0,0,0.3333,0.37,0
1,3,0,0,0.3333,0.42,0
1,4,0,0,0.303,0.49,0
1,5,0,0,0.3333,0.49,0
1,6,0,0,0.3333,0.52,0
1,7,0,0,0.3333,0.52,0
1,8,0,0,0.303,0.52,0
1,9,0,0,0.3333,0.53,0
1,10,0,0,0.3333,0.49,1
1,11,0,0,0.3485,0.46,1
1,12,0,0,0.3939,0.43,1
1,13,0,0,0.4091,0.37,1
1,14,0,0,0.4091,0.4,1
1,15,0,0,0.4091,0.37,1
1,16,0,0,0.4091,0.37,1
1,17,0,0,0.3939,0.4,0
1,18,0,0,0.3182,0.46,0
1,19,0,0,0.3182,0.49,0
1,20,0,0,0.303,0.52,0
1,21,0,0,0.2727,0.56,0
1,22,0,0,0.2727,0.6,0
1,23,0,0,0.2424,0.56,0
1,0,1,1,0.2273,0.6,0
1,1,1,1,0.2424,0.6,0
1,2,1,1,0.2424,0.56,0
1,3,1,1,0.2424,0.52,0
1,4,1,1,0.2424,0.64,0
1,5,1,1,0.2273,0.64,0
1,6,1,1,0.2273,0.6,0
1,7,1,1,0.2424,0.6,0
1,8,1,1,0.2576,0.55,0
1,9,1,1,0.2727,0.64,0
1,10,1,1,0.2879,0.6,0
1,11,1,1,0.2879,0.56,0
1,12,1,1,0.2727,0.56,0
1,13,1,1,0.2727,0.56,0
1,14,1,1,0.2273,0.75,0
1,15,1,1,0.2273,0.75,0
1,16,1,1,0.2576,0.87,0
1,17,1,1,0.2727,0.87,0
1,18,1,1,0.2273,0.86,0
1,19,1,1,0.2273,0.93,0
1,20,1,1,0.2273,0.86,0
1,21,1,1,0.2576,0.93,0
1,22,1,1,0.2273,0.92,0
1,23,1,1,0.2424,0.87,0
1,0,2,1,0.2424,0.87,0
1,1,2,1,0.2424,0.93,0
1,2,2,1,0.2273,0.87,0
1,4,2,1,0.2121,0.86,0
1,5,2,1,0.4091,0.47,0
1,6,2,1,0.1818,0.93,0
1,7,2,1,0.197,0.93,0
1,8,2,1,0.197,0.93,0
1,9,2,1,0.197,0.93,0
1,10,2,1,0.197,0.93,0
1,11,2,1,0.4242,0.38,0
1,12,2,1,0.4242,0.38,0
1,13,2,1,0.4242,0.38,0
1,14,2,1,0.4242,0.38,0
1,15,2,1,0.4242,0.38,0
1,16,2,1,0.4242,0.38,0
1,17,2,1,0.4242,0.38,0
1,18,2,1,0.4091,0.4,0
1,19,2,1,0.3939,0.46,0
1,20,2,1,0.3485,0.53,0
1,21,2,1,0.3333,0.66,0
1,22,2,1,0.303,0.7,0
1,23,2,1,0.2727,0.81,0
1,0,3,1,0.303,0.81,0
1,1,3,1,0.2576,0.87,0
1,2,3,1,0.2121,0.85,0
1,3,3,1,0.2727,0.8,0
1,4,3,1,0.2121,0.8,0
1,5,3,1,0.2121,0.8,0
1,6,3,1,0.2121,0.86,0
1,7,3,1,0.2121,0.8,0
1,8,3,1,0.2273,0.82,0
1,9,3,1,0.2121,0.86,0
1,10,3,1,0.2424,0.87,0
1,11,3,1,0.2879,0.87,0
1,12,3,1,0.3333,0.81,0
1,13,3,1,0.3485,0.76,0
1,14,3,1,0.3333,0.81,0
1,15,3,1,0.3485,0.87,0
1,16,3,1,0.3182,0.87,0
1,17,3,1,0.3182,0.87,0
1,18,3,1,0.3333,0.87,0
1,19,3,1,0.303,0.93,0
1,20,3,1,0.3182,0.93,0
1,21,3,1,0.3182,0.87,0
1,22,3,1,0.3333,0.87,0
1,23,3,1,0.3182,0.87,0
1,0,4,1,0.3333,0.93,0
1,1,4,1,0.3485,0.93,0
1,2,4,1,0.3485,0.93,0
1,3,4,1,0.3485,0.93,0
1,4,4,1,0.3485,0.93,0
1,5,4,1,0.3485,0.93,0
1,6,4,1,0.3485,0.93,0
1,7,4,1,0.3182,0.87,0
1,8,4,1,0.3182,0.81,0
1,9,4,1,0.3333,0.81,0
1,10,4,1,0.3485,0.81,0
1,11,4,1,0.3485,0.81,0
1,12,4,1,0.3485,0.81,0
1,13,4,1,0.4242,0.77,0
1,14,4,1,0.4242,0.77,0
1,15,4,1,0.4394,0.72,0
1,16,4,1,0.4545,0.67,0
1,17,4,1,0.4545,0.63,0
1,18,4,1,0.4394,0.67,0
1,19,4,1,0.4242,0.71,0
1,20,4,1,0.4242,0.71,0
1,21,4,1,0.4394,0.67,0
1,22,4,1,0.3939,0.76,0
1,23,4,1,0.4091,0.76,0
1,0,5,1,0.4091,0.71,0
1,1,5,1,0.3939,0.76,0
1,2,5,1,0.4091,0.76,0
1,3,5,1,0.3333,0.87,0
1,4,5,1,0.2879,0.7,0
1,5,5,1,0.2424,0.7,0
1,6,5,1,0.2576,0.75,0
1,7,5,1,0.2576,0.6,0
1,8,5,1,0.2121,0.52,0
1,9,5,1,0.197,0.47,0
1,10,5,1,0.197,0.44,0
1,11,5,1,0.1818,0.38,0
1,12,5,1,0.197,0.38,0
1,13,5,1,0.2121,0.33,0
1,14,5,1,0.2121,0.33,0
1,15,5,1,0.2121,0.33,0
1,16,5,1,0.2424,0.3,0
1,17,5,1,0.2424,0.33,0
1,18,5,1,0.2273,0.38,0
1,19,5,1,0.2424,0.38,0
1,20,5,1,0.2424,0.41,0
1,21,5,1,0.2121,0.41,0
1,22,5,1,0.1818,0.47,0
1,23,5,1,0.1818,0.47,0
1,0,6,0,0.1818,0.47,0
1,1,6,0,0.1515,0.47,0
1,2,6,0,0.1667,0.47,0
1,3,6,0,0.1667,0.54,0
1,4,6,0,0.1515,0.5,0
1,5,6,0,0.1515,0.5,0
1,6,6,0,0.1515,0.5,0
1,7,6,0,0.1515,0.5,0
1,8,6,0,0.1515,0.54,0
1,9,6,0,0.1667,0.5,0
1,10,6,0,0.2273,0.47,1
1,11,6,0,0.197,0.4,1
1,12,6,0,0.2121,0.41,1
1,13,6,0,0.2121,0.44,1
1,14,6,0,0.2121,0.41,1
1,15,6,0,0.2121,0.38,1
1,16,6,0,0.2273,0.38,1
1,17,6,0,0.2273,0.41,0
1,18,6,0,0.2273,0.41,0
1,19,6,0,0.197,0.47,0
1,20,6,0,0.197,0.44,0
1,21,6,0,0.1667,0.43,0
1,22,6,0,0.1364,0.47,0
1,23,6,0,0.1515,0.47,0
1,0,0,0,0.1364,0.47,0
1,1,0,0,0.1364,0.47,0
1,2,0,0,0.1364,0.47,0
1,3,0,0,0.1364,0.48,0
1,4,0,0,0.1364,0.47,0
1,5,0,0,0.1364,0.47,0
1,6,0,0,0.1212,0.5,0
1,7,0,0,0.1212,0.54,0
1,8,0,0,0.1212,0.54,0
1,9,0,0,0.1364,0.54,0
1,10,0,0,0.1212,0.54,1
1,11,0,0,0.1515,0.47,1
1,12,0,0,0.1667,0.4,1
1,13,0,0,0.1818,0.34,1
1,14,0,0,0.1818,0.32,1
1,15,0,0,0.2273,0.27,1
1,16,0,0,0.2121,0.29,1
1,17,0,0,0.2121,0.25,0
1,18,0,0,0.1818,0.29,0
1,19,0,0,0.1667,0.37,0
1,20,0,0,0.1818,0.37,0
1,21,0,0,0.1667,0.4,0
1,22,0,0,0.2121,0.37,0
1,23,0,0,0.197,0.43,0
1,0,1,0,0.1515,0.46,0
1,1,1,0,0.1667,0.43,0
1,2,1,0,0.2121,0.46,0
1,3,1,0,0.197,0.5,0
1,4,1,0,0.1515,0.58,0
1,5,1,0,0.1667,0.54,0
1,6,1,0,0.1364,0.54,0
1,7,1,0,0.1364,0.54,0
1,8,1,0,0.1212,0.58,0
1,9,1,0,0.1212,0.58,0
1,10,1,0,0.1364,0.59,1
1,11,1,0,0.1515,0.59,1
1,12,1,0,0.1818,0.55,1
1,13,1,0,0.197,0.41,1
1,14,1,0,0.2121,0.44,1
1,15,1,0,0.2121,0.44,1
1,16,1,0,0.2273,0.44,1
1,17,1,0,0.2273,0.48,0
1,18,1,0,0.2273,0.52,0
1,19,1,0,0.2424,0.56,0
1,20,1,0,0.2424,0.6,0
1,21,1,0,0.2576,0.52,0
1,22,1,0,0.2727,0.49,0
1,23,1,0,0.2273,0.7,0
1,0,2,1,0.2273,0.7,0
1,1,2,1,0.2576,0.65,0
1,2,2,1,0.2727,0.75,0
1,4,2,1,0.303,0.66,0
1,5,2,1,0.303,0.66,0
1,6,2,1,0.2879,0.75,0
1,7,2,1,0.2879,0.81,0
1,8,2,1,0.2879,0.81,0
1,9,2,1,0.303,0.81,0
1,10,2,1,0.2879,0.87,0
1,11,2,1,0.3485,0.87,0
1,12,2,1,0.303,0.87,0
1,13,2,1,0.3939,0.76,0
1,14,2,1,0.4394,0.62,0
1,15,2,1,0.4394,0.62,0
1,16,2,1,0.4545,0.63,0
1,17,2,1,0.4545,0.63,0
1,18,2,1,0.4545,0.63,0
1,19,2,1,0.4545,0.63,0
1,20,2,1,0.4545,0.63,0
1,21,2,1,0.4545,0.67,0
1,22,2,1,0.4545,0.72,0
1,23,2,1,0.4545,0.72,0
1,0,3,1,0.4545,0.77,0
1,1,3,1,0.4545,0.77,0
1,2,3,1,0.4394,0.51,0
1,3,3,1,0.4394,0.51,0
1,4,3,1,0.2879,0.46,0
1,5,3,1,0.2879,0.46,0
1,6,3,1,0.2879,0.36,0
1,7,3,1,0.2879,0.42,0
1,8,3,1,0.2727,0.52,0
1,9,3,1,0.2576,0.52,0
1,10,3,1,0.2727,0.42,0
1,11,3,1,0.2727,0.42,0
1,12,3,1,0.2576,0.39,0
1,13,3,1,0.2727,0.42,0
1,14,3,1,0.2727,0.33,0
1,15,3,1,0.2576,0.33,0
1,16,3,1,0.2273,0.3,0
1,17,3,1,0.2121,0.33,0
1,18,3,1,0.2121,0.32,0
1,19,3,1,0.197,0.37,0
1,20,3,1,0.2121,0.37,0
1,21,3,1,0.1667,0.4,0
1,22,3,1,0.1667,0.47,0
1,23,3,1,0.1364,0.47,0
1,0,4,1,0.1364,0.5,0
1,1,4,1,0.1515,0.5,0
1,2,4,1,0.1515,0.5,0
1,3,4,1,0.1515,0.54,0
1,4,4,1,0.1515,0.54,0
1,5,4,1,0.1212,0.55,0
1,6,4,1,0.1364,0.54,0
1,7,4,1,0.1667,0.54,0
1,8,4,1,0.1515,0.54,0
1,9,4,1,0.197,0.54,0
1,10,4,1,0.2121,0.59,0
1,11,4,1,0.1667,0.55,0
1,12,4,1,0.197,0.51,0
1,13,4,1,0.2121,0.47,0
1,14,4,1,0.2273,0.44,0
1,15,4,1,0.2273,0.44,0
1,16,4,1,0.2273,0.41,0
1,17,4,1,0.2273,0.44,0
1,18,4,1,0.2273,0.44,0
1,19,4,1,0.2273,0.48,0
1,20,4,1,0.2121,0.52,0
1,21,4,1,0.2273,0.44,0
1,22,4,1,0.2273,0.44,0
1,23,4,1,0.2273,0.48,0
1,0,5,1,0.2273,0.48,0
1,1,5,1,0.2727,0.48,0
1,2,5,1,0.2727,0.48,0
1,3,5,1,0.2576,0.52,0
1,4,5,1,0.2424,0.6,0
1,5,5,1,0.2424,0.6,0
1,6,5,1,0.2121,0.6,0
1,7,5,1,0.2121,0.69,0
1,8,5,1,0.2121,0.64,0
1,9,5,1,0.197,0.47,0
1,10,5,1,0.2121,0.44,0
1,11,5,1,0.1818,0.32,0
1,12,5,1,0.1818,0.34,0
1,13,5,1,0.2121,0.32,0
1,14,5,1,0.2121,0.35,0
1,15,5,1,0.2273,0.35,0
1,16,5,1,0.2121,0.37,0
1,17,5,1,0.2576,0.32,0
1,18,5,1,0.2273,0.34,0
1,19,5,1,0.2273,0.37,0
1,20,5,1,0.2273,0.34,0
1,21,5,1,0.2273,0.37,0
1,22,5,1,0.197,0.37,0
1,23,5,1,0.1515,0.64,0
1,0,6,0,0.1515,0.64,0
1,1,6,0,0.1364,0.86,0
1,2,6,0,0.2121,0.86,0
1,3,6,0,0.1818,0.93,0
1,4,6,0,0.197,0.86,0
1,5,6,0,0.1818,0.86,0
1,6,6,0,0.1667,0.93,0
1,7,6,0,0.1667,0.93,0
1,8,6,0,0.1515,0.93,0
1,9,6,0,0.1515,0.93,0
1,10,6,0,0.1515,0.93,1
1,11,6,0,0.2121,0.86,1
1,12,6,0,0.2121,0.8,1
1,13,6,0,0.197,0.8,1
1,14,6,0,0.197,0.8,1
1,15,6,0,0.197,0.8,1
1,16,6,0,0.1818,0.8,1
1,17,6,0,0.1818,0.8,0
1,18,6,0,0.1818,0.75,0
1,19,6,0,0.1515,0.8,0
1,20,6,0,0.1667,0.8,0
1,21,6,0,0.1515,0.74,0
1,22,6,0,0.1667,0.74,0
1,23,6,0,0.1515,0.8,0
1,0,0,0,0.1364,0.8,0
1,1,0,0,0.1667,0.74,0
1,2,0,0,0.1667,0.74,0
1,3,0,0,0.1667,0.69,0
1,4,0,0,0.1364,0.8,0
1,5,0,0,0.1515,0.74,0
1,6,0,0,0.1515,0.74,0
1,7,0,0,0.1515,0.74,0
1,8,0,0,0.1515,0.74,0
1,9,0,0,0.1515,0.74,0
1,10,0,0,0.1364,0.74,1
1,11,0,0,0.1515,0.8,1
1,12,0,0,0.1515,0.8,1
1,13,0,0,0.1818,0.8,1
1,14,0,0,0.1667,0.8,1
1,15,0,0,0.1515,0.8,1
1,16,0,0,0.1515,0.8,1
1,17,0,0,0.1818,0.8,0
1,18,0,0,0.1818,0.86,0
1,19,0,0,0.1818,0.86,0
1,20,0,0,0.1667,0.86,0
1,21,0,0,0.1818,0.86,0
1,22,0,0,0.197,0.93,0
1,23,0,0,0.1818,0.93,0
1,0,1,1,0.2424,0.86,0
1,1,1,1,0.2121,0.86,0
1,2,1,1,0.2121,0.86,0
1,3,1,1,0.2424,0.86,0
1,4,1,1,0.2576,0.8,0
1,5,1,1,0.2576,0.86,0
1,6,1,1,0.2576,0.86,0
1,7,1,1,0.2576,0.86,0
1,8,1,1,0.2121,0.86,0
1,9,1,1,0.2273,0.86,0
1,10,1,1,0.2576,0.93,0
1,11,1,1,0.2273,0.93,0
1,12,1,1,0.2727,0.93,0
1,13,1,1,0.2576,0.93,0
1,14,1,1,0.2273,0.93,0
1,15,1,1,0.2121,1.0,0
1,16,1,1,0.2424,0.93,0
1,17,1,1,0.2576,0.96,0
1,18,1,1,0.2424,0.93,0
1,19,1,1,0.2576,0.93,0
1,20,1,1,0.2576,1.0,0
1,21,1,1,0.2424,1.0,0
1,22,1,1,0.2424,1.0,0
1,23,1,1,0.2576,0.93,0
1,0,2,1,0.2879,1.0,0
1,1,2,1,0.303,0.93,0
1,2,2,1,0.303,0.93,0
1,3,2,1,0.3333,0.93,0
1,4,2,1,0.3182,1.0,0
1,5,2,1,0.3182,1.0,0
1,6,2,1,0.3182,0.93,0
1,7,2,1,0.3333,0.93,0
1,8,2,1,0.3333,0.93,0
1,9,2,1,0.3333,0.87,0
1,10,2,1,0.3333,0.93,0
1,11,2,1,0.3333,0.87,0
1,12,2,1,0.3333,0.87,0
1,13,2,1,0.3333,0.87,0
1,14,2,1,0.3485,0.81,0
1,15,2,1,0.4091,0.71,0
1,16,2,1,0.4091,0.71,0
1,17,2,1,0.4242,0.67,0
1,18,2,1,0.4091,0.62,0
1,19,2,1,0.4394,0.51,0
1,20,2,1,0.3485,0.76,0
1,21,2,1,0.3788,0.71,0
1,22,2,1,0.3485,0.81,0
1,23,2,1,0.3485,0.76,0
1,0,3,1,0.303,0.93,0
1,1,3,1,0.2879,0.7,0
1,2,3,1,0.2727,0.7,0
1,3,3,1,0.2576,0.75,0
1,4,3,1,0.2424,0.7,0
1,5,3,1,0.2424,0.7,0
1,6,3,1,0.2273,0.73,0
1,7,3,1,0.2273,0.75,0
1,8,3,1,0.2273,0.7,0
1,9,3,1,0.2273,0.7,0
1,10,3,1,0.2273,0.7,0
1,11,3,1,0.2727,0.61,0
1,12,3,1,0.3333,0.53,0
1,13,3,1,0.3333,0.49,0
1,14,3,1,0.3485,0.49,0
1,15,3,1,0.3788,0.46,0
1,16,3,1,0.3333,0.53,0
1,17,3,1,0.3485,0.53,0
1,18,3,1,0.3333,0.66,0
1,19,3,1,0.3636,0.53,0
1,20,3,1,0.3182,0.61,0
1,21,3,1,0.3333,0.65,0
1,22,3,1,0.3182,0.65,0
1,23,3,1,0.3182,0.65,0
1,0,4,1,0.2879,0.75,0
1,1,4,1,0.3182,0.75,0
1,2,4,1,0.2727,0.75,0
1,3,4,1,0.303,0.75,0
1,4,4,1,0.3182,0.75,0
1,5,4,1,0.3182,0.75,0
1,6,4,1,0.3182,0.81,0
1,7,4,1,0.303,0.81,0
1,8,4,1,0.303,0.81,0
1,9,4,1,0.3333,0.81,0
1,10,4,1,0.303,0.81,0
1,11,4,1,0.3182,0.87,0
1,12,4,1,0.3333,0.81,0
1,13,4,1,0.3939,0.71,0
1,14,4,1,0.4091,0.71,0
1,15,4,1,0.4242,0.71,0
1,16,4,1,0.4091,0.71,0
1,17,4,1,0.4242,0.71,0
1,18,4,1,0.4242,0.71,0
1,19,4,1,0.4091,0.76,0
1,20,4,1,0.4091,0.82,0
1,21,4,1,0.4091,0.76,0
1,22,4,1,0.3939,0.82,0
1,23,4,1,0.4091,0.82,0
1,0,5,1,0.4091,0.82,0
1,1,5,1,0.4091,0.87,0
1,2,5,1,0.4242,0.94,0
1,3,5,1,0.4242,0.94,0
1,4,5,1,0.4091,1.0,0
1,5,5,1,0.4242,0.94,0
1,6,5,1,0.4242,1.0,0
1,7,5,1,0.4242,1.0,0
1,8,5,1,0.4848,0.88,0
1,9,5,1,0.4848,0.88,0
1,10,5,1,0.4697,1.0,0
1,11,5,1,0.4697,0.94,0
1,12,5,1,0.4848,0.88,0
1,13,5,1,0.4848,0.59,0
1,14,5,1,0.4848,0.55,0
1,15,5,1,0.4697,0.51,0
1,16,5,1,0.4394,0.51,0
1,17,5,1,0.4242,0.5,0
1,18,5,1,0.4091,0.5,0
1,19,5,1,0.3333,0.5,0
1,20,5,1,0.303,0.53,0
1,21,5,1,0.2879,0.53,0
1,22,5,1,0.303,0.49,0
1,23,5,1,0.2879,0.49,0
1,0,6,0,0.2879,0.52,0
1,1,6,0,0.303,0.52,0
1,2,6,0,0.303,0.6,0
1,3,6,0,0.2879,0.6,0
1,4,6,0,0.2576,0.6,0
1,5,6,0,0.2576,0.75,0
1,6,6,0,0.2879,0.7,0
1,7,6,0,0.2727,0.75,0
1,8,6,0,0.2273,0.8,0
1,9,6,0,0.2727,0.8,0
1,10,6,0,0.2727,0.7,1
1,11,6,0,0.303,0.56,1
1,12,6,0,0.2879,0.61,1
1,13,6,0,0.3182,0.57,1
1,14,6,0,0.3939,0.5,1
1,15,6,0,0.4091,0.47,1
1,16,6,0,0.4242,0.44,1
1,17,6,0,0.4242,0.44,0
1,18,6,0,0.4242,0.41,0
1,19,6,0,0.4242,0.41,0
1,20,6,0,0.4091,0.35,0
1,21,6,0,0.3333,0.29,0
1,22,6,0,0.3333,0.34,0
1,23,6,0,0.3182,0.31,0
1,0,0,0,0.2879,0.33,0
1,1,0,0,0.2727,0.28,0
1,2,0,0,0.2576,0.26,0
1,3,0,0,0.2576,0.28,0
1,4,0,0,0.2576,0.3,0
1,5,0,0,0.2121,0.51,0
1,6,0,0,0.2273,0.4,0
1,7,0,0,0.2121,0.37,0
1,8,0,0,0.197,0.4,0
1,9,0,0,0.197,0.43,0
1,10,0,0,0.2424,0.35,1
1,11,0,0,0.2727,0.28,1
1,12,0,0,0.303,0.26,1
1,13,0,0,0.303,0.26,1
1,14,0,0,0.303,0.26,1
1,15,0,0,0.3333,0.25,1
1,16,0,0,0.3333,0.21,1
1,17,0,0,0.3333,0.21,0
1,18,0,0,0.303,0.23,0
1,19,0,0,0.303,0.29,0
1,20,0,0,0.2879,0.39,0
1,21,0,0,0.2879,0.33,0
1,22,0,0,0.2879,0.26,0
1,23,0,0,0.2727,0.33,0
1,0,1,1,0.2879,0.26,0
1,1,1,1,0.2273,0.6,0
1,2,1,1,0.2121,0.48,0
1,3,1,1,0.2273,0.48,0
1,4,1,1,0.2121,0.51,0
1,5,1,1,0.2121,0.51,0
1,6,1,1,0.2121,0.44,0
1,7,1,1,0.2121,0.44,0
1,8,1,1,0.197,0.47,0
1,9,1,1,0.197,0.47,0
1,10,1,1,0.2121,0.41,0
1,11,1,1,0.2576,0.38,0
1,12,1,1,0.2273,0.35,0
1,13,1,1,0.2879,0.31,0
1,14,1,1,0.3333,0.24,0
1,15,1,1,0.3182,0.24,0
1,16,1,1,0.3333,0.25,0
1,17,1,1,0.3485,0.21,0
1,18,1,1,0.3333,0.23,0
1,19,1,1,0.3182,0.45,0
1,20,1,1,0.303,0.39,0
1,21,1,1,0.303,0.42,0
1,22,1,1,0.2727,0.48,0
1,23,1,1,0.2576,0.6,0
1,0,2,1,0.2727,0.52,0
1,1,2,1,0.2727,0.42,0
1,2,2,1,0.2879,0.42,0
1,3,2,1,0.2879,0.45,0
1,4,2,1,0.2879,0.49,0
1,5,2,1,0.2879,0.49,0
1,6,2,1,0.2727,0.52,0
1,7,2,1,0.2576,0.6,0
1,8,2,1,0.2727,0.6,0
1,9,2,1,0.2879,0.52,0
1,10,2,1,0.3182,0.57,0
1,11,2,1,0.4091,0.37,0
1,12,2,1,0.4091,0.43,0
1,13,2,1,0.4545,0.36,0
1,14,2,1,0.4848,0.29,0
1,15,2,1,0.5152,0.26,0
1,16,2,1,0.5152,0.26,0
1,17,2,1,0.5152,0.26,0
1,18,2,1,0.5152,0.24,0
1,19,2,1,0.4848,0.29,0
1,20,2,1,0.4091,0.58,0
1,21,2,1,0.4545,0.33,0
1,22,2,1,0.4394,0.35,0
1,23,2,1,0.4394,0.38,0
2,0,3,1,0.4394,0.38,0
2,1,3,1,0.4394,0.41,0
2,2,3,1,0.4394,0.44,0
2,3,3,1,0.4394,0.44,0
2,4,3,1,0.4091,0.5,0
2,5,3,1,0.4091,0.5,0
2,6,3,1,0.4091,0.54,0
2,7,3,1,0.3939,0.62,0
2,8,3,1,0.3636,0.73,0
2,9,3,1,0.3485,0.71,0
2,10,3,1,0.4091,0.62,0
2,11,3,1,0.4091,0.58,0
2,12,3,1,0.4394,0.54,0
2,13,3,1,0.4545,0.47,0
2,14,3,1,0.6212,0.33,0
2,15,3,1,0.6212,0.35,0
2,16,3,1,0.6212,0.4,0
2,17,3,1,0.5455,0.43,0
2,18,3,1,0.5303,0.46,0
2,19,3,1,0.5152,0.52,0
2,20,3,1,0.5,0.52,0
2,21,3,1,0.5,0.52,0
2,22,3,1,0.4848,0.55,0
2,23,3,1,0.4545,0.63,0
2,0,4,1,0.4545,0.59,0
2,1,4,1,0.4545,0.55,0
2,2,4,1,0.4242,0.67,0
2,3,4,1,0.4242,0.67,0
2,4,4,1,0.4091,0.82,0
2,5,4,1,0.4091,0.82,0
2,6,4,1,0.3788,0.9,0
2,7,4,1,0.3788,0.93,0
2,8,4,1,0.4091,0.87,0
2,9,4,1,0.3939,0.87,0
2,10,4,1,0.4242,0.77,0
2,11,4,1,0.4091,0.82,0
2,12,4,1,0.4242,0.82,0
2,13,4,1,0.4242,0.77,0
2,14,4,1,0.4091,0.76,0
2,15,4,1,0.4545,0.67,0
2,16,4,1,0.4545,0.55,0
2,17,4,1,0.4242,0.54,0
2,18,4,1,0.4091,0.43,0
2,19,4,1,0.3939,0.43,0
2,20,4,1,0.3182,0.46,0
2,21,4,1,0.303,0.46,0
2,22,4,1,0.2879,0.49,0
2,23,4,1,0.303,0.49,0
2,0,5,1,0.2879,0.53,0
2,1,5,1,0.2727,0.56,0
2,2,5,1,0.2879,0.52,0
2,3,5,1,0.2576,0.56,0
2,4,5,1,0.2576,0.6,0
2,5,5,1,0.2576,0.6,0
2,6,5,1,0.2424,0.65,0
2,7,5,1,0.2273,0.65,0
2,8,5,1,0.2273,0.65,0
2,9,5,1,0.2273,0.65,0
2,10,5,1,0.2576,0.56,0
2,11,5,1,0.303,0.53,0
2,12,5,1,0.3333,0.46,0
2,13,5,1,0.3636,0.46,0
2,14,5,1,0.3485,0.46,0
2,15,5,1,0.3939,0.4,0
2,16,5,1,0.4091,0.37,0
2,17,5,1,0.4091,0.37,0
2,18,5,1,0.3939,0.4,0
2,19,5,1,0.3485,0.49,0
2,20,5,1,0.3485,0.49,0
2,21,5,1,0.3485,0.49,0
2,22,5,1,0.3485,0.49,0
2,23,5,1,0.2727,0.7,0
2,0,6,0,0.2727,0.7,0
2,1,6,0,0.2727,0.7,0
2,2,6,0,0.2576,0.7,0
2,3,6,0,0.2879,0.75,0
2,4,6,0,0.2576,0.81,0
2,5,6,0,0.2576,0.81,0
2,6,6,0,0.2273,0.87,0
2,7,6,0,0.2424,0.87,0
2,8,6,0,0.2879,0.87,0
2,9,6,0,0.2424,0.81,0
2,10,6,0,0.2576,0.87,1
2,11,6,0,0.3333,0.7,1
2,12,6,0,0.3182,0.7,1
2,13,6,0,0.2879,0.7,1
2,14,6,0,0.303,0.66,1
2,15,6,0,0.303,0.66,1
2,16,6,0,0.3333,0.61,1
2,17,6,0,0.2879,0.7,0
2,18,6,0,0.2727,0.75,0
2,19,6,0,0.2727,0.87,0
2,20,6,0,0.2273,0.93,0
2,21,6,0,0.2424,0.93,0
2,22,6,0,0.2576,0.87,0
2,23,6,0,0.2424,0.87,0
2,0,0,0,0.2424,0.87,0
2,1,0,0,0.2576,0.93,0
2,2,0,0,0.2576,0.93,0
2,3,0,0,0.2576,0.87,0
2,4,0,0,0.2424,0.87,0
2,5,0,0,0.2576,0.81,0
2,6,0,0,0.2424,0.7,0
2,7,0,0,0.2424,0.75,0
2,8,0,0,0.2424,0.75,0
2,9,0,0,0.2273,0.7,0
2,10,0,0,0.2424,0.65,1
2,11,0,0,0.2576,0.7,1
2,12,0,0,0.2576,0.65,1
2,13,0,0,0.2727,0.61,1
2,14,0,0,0.303,0.61,1
2,15,0,0,0.2879,0.56,1
2,16,0,0,0.2879,0.56,1
2,17,0,0,0.3182,0.53,0
2,18,0,0,0.2879,0.52,0
2,19,0,0,0.2879,0.52,0
2,20,0,0,0.2727,0.56,0
2,21,0,0,0.2879,0.56,0
2,22,0,0,0.2727,0.6,0
2,23,0,0,0.2424,0.7,0
2,0,1,1,0.2424,0.65,0
2,1,1,1,0.2576,0.75,0
2,2,1,1,0.2727,0.75,0
2,4,1,1,0.2121,0.8,0
2,5,1,1,0.2121,0.8,0
2,6,1,1,0.1818,0.86,0
2,7,1,1,0.1818,0.86,0
2,8,1,1,0.1818,0.86,0
2,9,1,1,0.2121,0.8,0
2,10,1,1,0.2424,0.75,0
2,11,1,1,0.2727,0.7,0
2,12,1,1,0.3182,0.61,0
2,13,1,1,0.3939,0.4,0
2,14,1,1,0.4091,0.35,0
2,15,1,1,0.4242,0.32,0
2,16,1,1,0.4091,0.43,0
2,17,1,1,0.4091,0.43,0
2,18,1,1,0.3939,0.43,0
2,19,1,1,0.3333,0.43,0
2,20,1,1,0.3333,0.46,0
2,21,1,1,0.3182,0.57,0
2,22,1,1,0.303,0.65,0
2,23,1,1,0.303,0.65,0
2,0,2,1,0.2879,0.7,0
2,1,2,1,0.2879,0.61,0
2,2,2,1,0.3333,0.61,0
2,3,2,1,0.3333,0.7,0
2,4,2,1,0.3333,0.7,0
2,5,2,1,0.3333,0.49,0
2,6,2,1,0.303,0.45,0
2,7,2,1,0.3485,0.45,0
2,8,2,1,0.3182,0.49,0
2,9,2,1,0.3333,0.49,0
2,10,2,1,0.3333,0.46,0
2,11,2,1,0.3485,0.46,0
2,12,2,1,0.4091,0.4,0
2,13,2,1,0.4394,0.38,0
2,14,2,1,0.4394,0.38,0
2,15,2,1,0.4394,0.38,0
2,16,2,1,0.4394,0.35,0
2,17,2,1,0.4394,0.35,0
2,18,2,1,0.4242,0.38,0
2,19,2,1,0.3939,0.43,0
2,20,2,1,0.3485,0.5,0
2,21,2,1,0.3485,0.61,0
2,22,2,1,0.3182,0.57,0
2,23,2,1,0.3333,0.57,0
2,0,3,1,0.2879,0.56,0
2,1,3,1,0.2727,0.61,0
2,2,3,1,0.303,0.65,0
2,3,3,1,0.303,0.65,0
2,4,3,1,0.2576,0.7,0
2,5,3,1,0.2576,0.7,0
2,6,3,1,0.2879,0.7,0
2,7,3,1,0.2576,0.7,0
2,8,3,1,0.2273,0.7,0
2,9,3,1,0.2576,0.7,0
2,10,3,1,0.2576,0.7,0
2,11,3,1,0.2576,0.65,0
2,12,3,1,0.2576,0.65,0
2,13,3,1,0.2879,0.61,0
2,14,3,1,0.303,0.56,0
2,15,3,1,0.3182,0.61,0
2,16,3,1,0.2727,0.81,0
2,17,3,1,0.2576,0.87,0
2,18,3,1,0.2576,0.87,0
2,19,3,1,0.2576,0.87,0
2,20,3,1,0.2424,0.87,0
2,21,3,1,0.2273,0.87,0
2,22,3,1,0.2424,0.87,0
2,23,3,1,0.2424,0.87,0
2,0,4,1,0.2424,0.87,0
2,1,4,1,0.2424,0.87,0
2,2,4,1,0.2273,0.8,0
2,3,4,1,0.2121,0.8,0
2,4,4,1,0.197,0.75,0
2,5,4,1,0.1818,0.75,0
2,6,4,1,0.1818,0.75,0
2,7,4,1,0.197,0.69,0
2,8,4,1,0.197,0.64,0
2,9,4,1,0.197,0.59,0
2,10,4,1,0.2121,0.51,0
2,11,4,1,0.2273,0.52,0
2,12,4,1,0.2273,0.48,0
2,13,4,1,0.2727,0.42,0
2,14,4,1,0.303,0.39,0
2,15,4,1,0.303,0.36,0
2,16,4,1,0.3333,0.36,0
2,17,4,1,0.3333,0.34,0
2,18,4,1,0.3333,0.31,0
2,19,4,1,0.3333,0.33,0
2,20,4,1,0.3485,0.36,0
2,21,4,1,0.3182,0.52,0
2,22,4,1,0.3333,0.56,0
2,23,4,1,0.3333,0.52,0
2,0,5,1,0.303,0.65,0
2,1,5,1,0.303,0.61,0
2,2,5,1,0.2879,0.52,0
2,3,5,1,0.2879,0.56,0
2,4,5,1,0.2879,0.56,0
2,5,5,1,0.2273,0.52,0
2,6,5,1,0.197,0.59,0
2,7,5,1,0.2121,0.59,0
2,8,5,1,0.2121,0.59,0
2,9,5,1,0.2273,0.55,0
2,10,5,1,0.2727,0.48,0
2,11,5,1,0.2879,0.45,0
2,12,5,1,0.303,0.42,0
2,13,5,1,0.3182,0.42,0
2,14,5,1,0.3333,0.39,0
2,15,5,1,0.3333,0.45,0
2,16,5,1,0.3182,0.42,0
2,17,5,1,0.3333,0.42,0
2,18,5,1,0.303,0.61,0
2,19,5,1,0.3485,0.57,0
2,20,5,1,0.3485,0.57,0
2,21,5,1,0.3333,0.66,0
2,22,5,1,0.3485,0.66,0
2,23,5,1,0.3182,0.7,0
2,0,6,0,0.303,0.7,0
2,1,6,0,0.2879,0.81,0
2,2,6,0,0.2576,0.81,0
2,3,6,0,0.2273,0.87,0
2,4,6,0,0.2273,0.87,0
2,5,6,0,0.2273,0.93,0
2,6,6,0,0.2273,0.93,0
2,7,6,0,0.2273,0.93,0
2,8,6,0,0.2273,0.93,0
2,9,6,0,0.2424,0.93,0
2,10,6,0,0.2424,0.93,1
2,11,6,0,0.2576,0.81,1
2,12,6,0,0.2576,0.81,1
2,13,6,0,0.2424,0.81,1
2,14,6,0,0.2424,0.81,1
2,15,6,0,0.2727,0.61,1
2,16,6,0,0.197,0.75,1
2,17,6,0,0.1818,0.69,0
2,18,6,0,0.1818,0.47,0
2,19,6,0,0.1515,0.4,0
2,20,6,0,0.1212,0.43,0
2,21,6,0,0.0758,0.43,0
2,22,6,0,0.1061,0.39,0
2,23,6,0,0.0758,0.5,0
2,0,0,0,0.0758,0.68,0
2,1,0,0,0.0455,0.79,0
2,2,0,0,0.0606,0.58,0
2,3,0,0,0.0455,0.46,0
2,4,0,0,0.0455,0.46,0
2,5,0,0,0.0758,0.49,0
2,6,0,0,0.0758,0.49,0
2,7,0,0,0.0909,0.53,0
2,8,0,0,0.0758,0.53,0
2,9,0,0,0.0909,0.49,0
2,10,0,0,0.1061,0.42,1
2,11,0,0,0.1061,0.42,1
2,12,0,0,0.0758,0.39,1
2,13,0,0,0.1212,0.4,1
2,14,0,0,0.1212,0.4,1
2,15,0,0,0.1212,0.4,1
2,16,0,0,0.1667,0.34,1
2,17,0,0,0.1515,0.37,0
2,18,0,0,0.1212,0.4,0
2,19,0,0,0.1364,0.4,0
2,20,0,0,0.1212,0.42,0
2,21,0,0,0.1212,0.43,0
2,22,0,0,0.1515,0.43,0
2,23,0,0,0.1364,0.43,0
2,0,1,1,0.1364,0.46,0
2,1,1,1,0.1212,0.5,0
2,2,1,1,0.1364,0.46,0
2,3,1,1,0.1515,0.54,0
2,4,1,1,0.1667,0.54,0
2,5,1,1,0.1212,0.58,0
2,6,1,1,0.1061,0.54,0
2,7,1,1,0.1061,0.54,0
2,8,1,1,0.1212,0.54,0
2,9,1,1,0.1364,0.5,0
2,10,1,1,0.1515,0.5,0
2,11,1,1,0.2273,0.37,0
2,12,1,1,0.2576,0.28,0
2,13,1,1,0.303,0.22,0
2,14,1,1,0.3485,0.23,0
2,15,1,1,0.3485,0.27,0
2,16,1,1,0.3485,0.23,0
2,17,1,1,0.3485,0.23,0
2,18,1,1,0.3182,0.25,0
2,19,1,1,0.3333,0.25,0
2,20,1,1,0.303,0.42,0
2,21,1,1,0.2879,0.45,0
2,22,1,1,0.2727,0.56,0
2,23,1,1,0.3182,0.41,0
2,0,2,1,0.303,0.6,0
2,1,2,1,0.303,0.56,0
2,2,2,1,0.3182,0.41,0
2,3,2,1,0.303,0.52,0
2,4,2,1,0.2727,0.65,0
2,5,2,1,0.2727,0.65,0
2,6,2,1,0.303,0.56,0
2,7,2,1,0.2576,0.6,0
2,8,2,1,0.2879,0.7,0
2,9,2,1,0.2879,0.56,0
2,10,2,1,0.2727,0.6,0
2,11,2,1,0.303,0.45,0
2,12,2,1,0.2879,0.52,0
2,13,2,1,0.3333,0.4,0
2,14,2,1,0.4091,0.4,0
2,15,2,1,0.4242,0.38,0
2,16,2,1,0.4242,0.35,0
2,17,2,1,0.4242,0.38,0
2,18,2,1,0.3939,0.46,0
2,19,2,1,0.3485,0.5,0
2,20,2,1,0.3939,0.46,0
2,21,2,1,0.3636,0.5,0
2,22,2,1,0.3636,0.5,0
2,23,2,1,0.3636,0.5,0
2,0,3,1,0.3485,0.57,0
2,1,3,1,0.3636,0.53,0
2,2,3,1,0.3333,0.61,0
2,3,3,1,0.3182,0.75,0
2,4,3,1,0.2879,0.7,0
2,5,3,1,0.2879,0.7,0
2,6,3,1,0.303,0.61,0
2,7,3,1,0.2879,0.65,0
2,8,3,1,0.2879,0.61,0
2,9,3,1,0.303,0.61,0
2,10,3,1,0.303,0.57,0
2,11,3,1,0.3333,0.53,0
2,12,3,1,0.3939,0.46,0
2,13,3,1,0.4091,0.43,0
2,14,3,1,0.4242,0.41,0
2,15,3,1,0.4242,0.41,0
2,16,3,1,0.4242,0.38,0
2,17,3,1,0.4242,0.38,0
2,18,3,1,0.4091,0.4,0
2,19,3,1,0.3939,0.43,0
2,20,3,1,0.3485,0.46,0
2,21,3,1,0.3333,0.53,0
2,22,3,1,0.3485,0.49,0
2,23,3,1,0.3485,0.53,0
2,0,4,1,0.303,0.7,0
2,1,4,1,0.3333,0.7,0
2,2,4,1,0.3182,0.7,0
2,3,4,1,0.3333,0.61,0
2,4,4,1,0.3182,0.7,0
2,5,4,1,0.3333,0.7,0
2,6,4,1,0.3182,0.7,0
2,7,4,1,0.303,0.7,0
2,8,4,1,0.3182,0.7,0
2,9,4,1,0.303,0.7,0
2,10,4,1,0.3333,0.7,0
2,11,4,1,0.3333,0.7,0
2,12,4,1,0.3333,0.76,0
2,13,4,1,0.3182,0.71,0
2,14,4,1,0.3182,0.81,0
2,15,4,1,0.3636,0.76,0
2,16,4,1,0.3636,0.81,0
2,17,4,1,0.3636,0.87,0
2,18,4,1,0.3333,0.87,0
2,19,4,1,0.3182,0.87,0
2,20,4,1,0.3333,0.87,0
2,21,4,1,0.3485,0.81,0
2,22,4,1,0.3485,0.81,0
2,23,4,1,0.3333,0.81,0
2,0,5,1,0.3333,0.87,0
2,1,5,1,0.3333,0.93,0
2,2,5,1,0.3182,0.93,0
2,3,5,1,0.2879,0.93,0
2,4,5,1,0.2727,0.93,0
2,5,5,1,0.2727,0.93,0
2,6,5,1,0.2879,0.96,0
2,7,5,1,0.2879,0.93,0
2,8,5,1,0.303,1.0,0
2,9,5,1,0.303,1.0,0
2,10,5,1,0.3182,0.71,0
2,11,5,1,0.3333,0.62,0
2,12,5,1,0.3939,0.46,0
2,13,5,1,0.4091,0.43,0
2,14,5,1,0.4091,0.37,0
2,15,5,1,0.4242,0.35,0
2,16,5,1,0.4242,0.32,0
2,17,5,1,0.4242,0.32,0
2,18,5,1,0.4091,0.35,0
2,19,5,1,0.3939,0.37,0
2,20,5,1,0.4091,0.35,0
2,21,5,1,0.3939,0.37,0
2,22,5,1,0.3485,0.4,0
2,23,5,1,0.3485,0.4,0
2,0,6,0,0.3333,0.42,0
2,1,6,0,0.3182,0.49,0
2,2,6,0,0.2879,0.61,0
2,3,6,0,0.2879,0.65,0
2,4,6,0,0.303,0.7,0
2,5,6,0,0.2576,0.7,0
2,6,6,0,0.2879,0.7,0
2,7,6,0,0.2879,0.7,0
2,8,6,0,0.2727,0.87,0
2,9,6,0,0.2424,0.8,0
2,10,6,0,0.2727,0.81,1
2,11,6,0,0.3333,0.57,1
2,12,6,0,0.3485,0.43,1
2,13,6,0,0.4091,0.43,1
2,14,6,0,0.4394,0.35,1
2,15,6,0,0.4242,0.41,1
2,16,6,0,0.4394,0.44,1
2,17,6,0,0.4697,0.36,0
2,18,6,0,0.4545,0.38,0
2,19,6,0,0.4394,0.44,0
2,20,6,0,0.4394,0.44,0
2,21,6,0,0.4394,0.33,0
2,22,6,0,0.4091,0.4,0
2,23,6,0,0.3333,0.4,0
2,0,0,0,0.303,0.39,0
2,1,0,0,0.303,0.39,0
2,2,0,0,0.2879,0.36,0
2,3,0,0,0.2879,0.36,0
2,4,0,0,0.2576,0.41,0
2,5,0,0,0.2273,0.48,0
2,6,0,0,0.2121,0.52,0
2,7,0,0,0.2121,0.52,0
2,8,0,0,0.2273,0.56,0
2,9,0,0,0.2273,0.56,0
2,10,0,0,0.2424,0.52,1
2,11,0,0,0.2273,0.56,1
2,12,0,0,0.2727,0.52,1
2,13,0,0,0.303,0.49,1
2,14,0,0,0.3182,0.45,1
2,15,0,0,0.2879,0.49,1
2,16,0,0,0.303,0.45,1
2,17,0,0,0.2879,0.49,0
2,18,0,0,0.2727,0.49,0
2,19,0,0,0.2879,0.52,0
2,20,0,0,0.2879,0.52,0
2,21,0,0,0.2576,0.65,0
2,22,0,0,0.2576,0.75,0
2,23,0,0,0.2273,0.93,0
2,0,1,0,0.2576,0.87,0
2,1,1,0,0.2576,0.87,0
2,2,1,0,0.2576,0.87,0
2,3,1,0,0.2273,0.81,0
2,5,1,0,0.2121,0.6,0
2,6,1,0,0.197,0.52,0
2,7,1,0,0.197,0.55,0
2,8,1,0,0.1818,0.59,0
2,9,1,0,0.1818,0.59,0
2,10,1,0,0.197,0.55,1
2,11,1,0,0.2273,0.48,1
2,12,1,0,0.2727,0.45,1
2,13,1,0,0.2879,0.42,1
2,14,1,0,0.3182,0.36,1
2,15,1,0,0.3182,0.34,1
2,16,1,0,0.3788,0.29,1
2,17,1,0,0.3939,0.27,0
2,18,1,0,0.3182,0.34,0
2,19,1,0,0.3182,0.34,0
2,20,1,0,0.3333,0.34,0
2,21,1,0,0.303,0.39,0
2,22,1,0,0.3182,0.45,0
2,23,1,0,0.3333,0.39,0
2,0,2,1,0.303,0.65,0
2,1,2,1,0.303,0.56,0
2,2,2,1,0.2879,0.6,0
2,4,2,1,0.2727,0.64,0
2,5,2,1,0.2576,0.69,0
2,6,2,1,0.2576,0.75,0
2,7,2,1,0.2727,0.64,0
2,8,2,1,0.2273,0.69,0
2,9,2,1,0.2273,0.75,0
2,10,2,1,0.2273,0.7,0
2,11,2,1,0.2424,0.7,0
2,12,2,1,0.2727,0.56,0
2,13,2,1,0.303,0.49,0
2,14,2,1,0.2879,0.53,0
2,15,2,1,0.303,0.49,0
2,16,2,1,0.3333,0.46,0
2,17,2,1,0.3939,0.4,0
2,18,2,1,0.3939,0.4,0
2,19,2,1,0.3333,0.46,0
2,20,2,1,0.3182,0.53,0
2,21,2,1,0.3333,0.61,0
2,22,2,1,0.3333,0.71,0
2,23,2,1,0.303,0.66,0
2,0,3,1,0.303,0.66,0
2,1,3,1,0.3333,0.7,0
2,2,3,1,0.3182,0.66,0
2,3,3,1,0.3182,0.71,0
2,4,3,1,0.3333,0.71,0
2,5,3,1,0.3333,0.7,0
2,6,3,1,0.3182,0.76,0
2,7,3,1,0.3333,0.76,0
2,8,3,1,0.3182,0.75,0
2,9,3,1,0.3333,0.7,0
2,10,3,1,0.3485,0.71,0
2,11,3,1,0.3485,0.66,0
2,12,3,1,0.4091,0.62,0
2,13,3,1,0.4242,0.54,0
2,14,3,1,0.4394,0.54,0
2,15,3,1,0.4848,0.31,0
2,16,3,1,0.5,0.29,0
2,17,3,1,0.5,0.32,0
2,18,3,1,0.4697,0.41,0
2,19,3,1,0.4545,0.44,0
2,20,3,1,0.4394,0.47,0
2,21,3,1,0.4697,0.33,0
2,22,3,1,0.4394,0.47,0
2,23,3,1,0.4545,0.41,0
2,0,4,1,0.4394,0.47,0
2,1,4,1,0.4394,0.58,0
2,2,4,1,0.4394,0.62,0
2,3,4,1,0.4394,0.67,0
2,4,4,1,0.4091,0.76,0
2,5,4,1,0.4091,0.76,0
2,6,4,1,0.3485,0.87,0
2,7,4,1,0.3485,0.81,0
2,8,4,1,0.3333,0.87,0
2,9,4,1,0.3333,0.81,0
2,10,4,1,0.4242,0.67,0
2,11,4,1,0.4697,0.48,0
2,12,4,1,0.4848,0.42,0
2,13,4,1,0.5,0.39,0
2,14,4,1,0.5152,0.37,0
2,15,4,1,0.5152,0.33,0
2,16,4,1,0.5303,0.32,0
2,17,4,1,0.5152,0.32,0
2,18,4,1,0.5152,0.37,0
2,19,4,1,0.4848,0.39,0
2,20,4,1,0.4545,0.44,0
2,21,4,1,0.4394,0.51,0
2,22,4,1,0.4394,0.54,0
2,23,4,1,0.4394,0.54,0
2,0,5,1,0.4394,0.58,0
2,1,5,1,0.4394,0.62,0
2,2,5,1,0.4242,0.77,0
2,3,5,1,0.4242,0.82,0
2,4,5,1,0.4091,0.87,0
2,5,5,1,0.4091,0.87,0
2,6,5,1,0.4091,0.87,0
2,7,5,1,0.4091,0.76,0
2,8,5,1,0.3939,0.76,0
2,9,5,1,0.3333,0.81,0
2,10,5,1,0.3485,0.81,0
2,11,5,1,0.3636,0.81,0
2,12,5,1,0.4091,0.76,0
2,13,5,1,0.4242,0.71,0
2,14,5,1,0.4545,0.67,0
2,15,5,1,0.4091,0.87,0
2,16,5,1,0.4091,0.87,0
2,17,5,1,0.4242,0.94,0
2,18,5,1,0.4242,0.94,0
2,19,5,1,0.4394,0.88,0
2,20,5,1,0.4394,0.62,0
2,21,5,1,0.4242,0.35,0
2,22,5,1,0.4091,0.37,0
2,23,5,1,0.3939,0.37,0
2,0,6,0,0.3333,0.43,0
2,1,6,0,0.303,0.42,0
2,2,6,0,0.303,0.45,0
2,3,6,0,0.2727,0.45,0
2,4,6,0,0.2727,0.42,0
2,5,6,0,0.2727,0.42,0
2,6,6,0,0.2727,0.42,0
2,7,6,0,0.2424,0.45,0
2,8,6,0,0.2273,0.48,0
2,9,6,0,0.197,0.75,0
2,10,6,0,0.2273,0.6,1
2,11,6,0,0.2576,0.39,1
2,12,6,0,0.2727,0.29,1
2,13,6,0,0.2879,0.31,1
2,14,6,0,0.2727,0.29,1
2,15,6,0,0.2879,0.29,1
2,16,6,0,0.2727,0.26,1
2,17,6,0,0.2727,0.33,0
2,18,6,0,0.2576,0.28,0
2,19,6,0,0.2121,0.33,0
2,20,6,0,0.2121,0.3,0
2,21,6,0,0.2121,0.35,0
2,22,6,0,0.197,0.38,0
2,23,6,0,0.197,0.41,0
2,0,0,0,0.2121,0.41,0
2,1,0,0,0.2121,0.44,0
2,2,0,0,0.2121,0.44,0
2,3,0,0,0.2273,0.41,0
2,4,0,0,0.2273,0.41,0
2,5,0,0,0.2121,0.44,0
2,6,0,0,0.197,0.44,0
2,7,0,0,0.1818,0.51,0
2,8,0,0,0.197,0.51,0
2,9,0,0,0.2121,0.47,0
2,10,0,0,0.2576,0.41,1
2,11,0,0,0.2576,0.41,1
2,12,0,0,0.303,0.39,1
2,13,0,0,0.3333,0.36,1
2,14,0,0,0.3485,0.31,1
2,15,0,0,0.3485,0.29,1
2,16,0,0,0.3333,0.32,1
2,17,0,0,0.3485,0.32,0
2,18,0,0,0.3182,0.36,0
2,19,0,0,0.3333,0.34,0
2,20,0,0,0.3182,0.42,0
2,21,0,0,0.303,0.45,0
2,22,0,0,0.2879,0.42,0
2,23,0,0,0.2576,0.56,0
2,0,1,1,0.2424,0.6,0
2,1,1,1,0.2576,0.65,0
2,2,1,1,0.2273,0.7,0
2,3,1,1,0.2424,0.75,0
2,4,1,1,0.2273,0.8,0
2,5,1,1,0.2273,0.8,0
2,6,1,1,0.2273,0.7,0
2,7,1,1,0.2273,0.6,0
2,8,1,1,0.2424,0.6,0
2,9,1,1,0.2576,0.6,0
2,10,1,1,0.303,0.45,0
2,11,1,1,0.3333,0.43,0
2,12,1,1,0.4091,0.37,0
2,13,1,1,0.4091,0.43,0
2,14,1,1,0.4545,0.36,0
2,15,1,1,0.5,0.25,0
2,16,1,1,0.5152,0.26,0
2,17,1,1,0.5152,0.24,0
2,18,1,1,0.5,0.27,0
2,19,1,1,0.4848,0.29,0
2,20,1,1,0.4697,0.33,0
2,21,1,1,0.4545,0.36,0
2,22,1,1,0.4394,0.44,0
2,23,1,1,0.4242,0.5,0
2,0,2,1,0.4242,0.54,0
2,1,2,1,0.3939,0.62,0
2,2,2,1,0.4091,0.54,0
2,3,2,1,0.4091,0.32,0
2,4,2,1,0.2879,0.42,0
2,5,2,1,0.2879,0.42,0
2,6,2,1,0.2727,0.45,0
2,7,2,1,0.2576,0.45,0
2,8,2,1,0.2424,0.48,0
2,9,2,1,0.2576,0.45,0
2,10,2,1,0.2727,0.42,0
2,11,2,1,0.3182,0.36,0
2,12,2,1,0.3485,0.34,0
2,13,2,1,0.3636,0.32,0
2,14,2,1,0.4091,0.28,0
2,15,2,1,0.4242,0.26,0
2,16,2,1,0.4242,0.28,0
2,17,2,1,0.4242,0.26,0
2,18,2,1,0.4242,0.28,0
2,19,2,1,0.4242,0.26,0
2,20,2,1,0.4091,0.3,0
2,21,2,1,0.3485,0.46,0
2,22,2,1,0.3485,0.46,0
2,23,2,1,0.303,0.53,0
2,0,3,1,0.3333,0.53,0
2,1,3,1,0.3333,0.49,0
2,2,3,1,0.2879,0.56,0
2,3,3,1,0.303,0.7,0
2,5,3,1,0.2879,0.75,0
2,6,3,1,0.303,0.75,0
2,7,3,1,0.2727,0.81,0
2,8,3,1,0.2879,0.75,0
2,9,3,1,0.303,0.81,0
2,10,3,1,0.303,0.81,0
2,11,3,1,0.2879,0.87,0
2,12,3,1,0.303,0.93,0
2,13,3,1,0.3333,0.93,0
2,14,3,1,0.3333,0.93,0
2,15,3,1,0.4091,0.82,0
2,16,3,1,0.4091,0.82,0
2,17,3,1,0.4091,0.87,0
2,18,3,1,0.4091,0.87,0
2,19,3,1,0.4091,0.87,0
2,20,3,1,0.4242,0.88,0
2,21,3,1,0.4242,0.88,0
2,22,3,1,0.4242,0.94,0
2,23,3,1,0.4242,0.94,0
3,0,4,1,0.4242,0.94,0
3,1,4,1,0.4545,0.94,0
3,2,4,1,0.4545,0.94,0
3,3,4,1,0.4545,0.94,0
3,4,4,1,0.4697,0.88,0
3,5,4,1,0.4697,0.88,0
3,6,4,1,0.4242,0.94,0
3,7,4,1,0.4394,0.94,0
3,8,4,1,0.4242,0.94,0
3,9,4,1,0.4545,0.77,0
3,10,4,1,0.5,0.55,0
3,11,4,1,0.5303,0.43,0
3,12,4,1,0.5303,0.37,0
3,13,4,1,0.5455,0.32,0
3,14,4,1,0.5455,0.35,0
3,15,4,1,0.6212,0.31,0
3,16,4,1,0.5455,0.32,0
3,17,4,1,0.5303,0.35,0
3,18,4,1,0.5152,0.34,0
3,19,4,1,0.4697,0.41,0
3,20,4,1,0.4394,0.44,0
3,21,4,1,0.4242,0.47,0
3,22,4,1,0.3939,0.5,0
3,23,4,1,0.3485,0.5,0
3,0,5,1,0.3333,0.53,0
3,1,5,1,0.3182,0.49,0
3,2,5,1,0.3182,0.53,0
3,3,5,1,0.3182,0.57,0
3,4,5,1,0.3485,0.61,0
3,5,5,1,0.3333,0.7,0
3,6,5,1,0.3333,0.7,0
3,7,5,1,0.3333,0.7,0
3,8,5,1,0.303,0.75,0
3,9,5,1,0.3333,0.81,0
3,10,5,1,0.3485,0.5,0
3,11,5,1,0.3939,0.46,0
3,12,5,1,0.4091,0.43,0
3,13,5,1,0.4242,0.44,0
3,14,5,1,0.4394,0.44,0
3,15,5,1,0.4242,0.5,0
3,16,5,1,0.4091,0.58,0
3,17,5,1,0.3485,0.81,0
3,18,5,1,0.3485,0.87,0
3,19,5,1,0.3485,0.87,0
3,20,5,1,0.3485,0.87,0
3,21,5,1,0.3636,0.87,0
3,22,5,1,0.3788,0.87,0
3,23,5,1,0.3788,0.87,0
3,0,6,0,0.3636,0.93,0
3,1,6,0,0.3788,0.93,0
3,2,6,0,0.3636,0.93,0
3,3,6,0,0.3485,0.93,0
3,4,6,0,0.3485,0.93,0
3,5,6,0,0.3636,0.93,0
3,6,6,0,0.3636,0.93,0
3,7,6,0,0.3485,0.93,0
3,8,6,0,0.3788,0.93,0
3,9,6,0,0.3939,0.87,0
3,10,6,0,0.4091,0.87,1
3,11,6,0,0.4091,0.87,1
3,12,6,0,0.4242,0.67,1
3,13,6,0,0.4394,0.51,1
3,14,6,0,0.4545,0.44,1
3,15,6,0,0.4697,0.29,1
3,16,6,0,0.4848,0.27,1
3,17,6,0,0.4848,0.23,0
3,18,6,0,0.4848,0.25,0
3,19,6,0,0.4545,0.33,0
3,20,6,0,0.4394,0.3,0
3,21,6,0,0.4545,0.19,0
3,22,6,0,0.4394,0.21,0
3,23,6,0,0.4242,0.24,0
3,0,0,0,0.4091,0.3,0
3,1,0,0,0.3939,0.34,0
3,2,0,0,0.3485,0.4,0
3,3,0,0,0.3485,0.43,0
3,4,0,0,0.3333,0.46,0
3,5,0,0,0.3182,0.46,0
3,6,0,0,0.2727,0.52,0
3,7,0,0,0.2727,0.52,0
3,8,0,0,0.2727,0.52,0
3,9,0,0,0.2727,0.49,0
3,10,0,0,0.2727,0.49,1
3,11,0,0,0.2879,0.45,1
3,12,0,0,0.303,0.42,1
3,13,0,0,0.3333,0.37,1
3,14,0,0,0.3333,0.34,1
3,15,0,0,0.3182,0.32,1
3,16,0,0,0.3182,0.29,1
3,17,0,0,0.2879,0.31,0
3,18,0,0,0.2727,0.33,0
3,19,0,0,0.2576,0.36,0
3,20,0,0,0.2727,0.38,0
3,21,0,0,0.2727,0.36,0
3,22,0,0,0.2424,0.41,0
3,23,0,0,0.2576,0.41,0
3,0,1,1,0.2273,0.44,0
3,1,1,1,0.2424,0.48,0
3,2,1,1,0.2424,0.48,0
3,3,1,1,0.2273,0.51,0
3,4,1,1,0.2273,0.55,0
3,5,1,1,0.2273,0.55,0
3,6,1,1,0.197,0.59,0
3,7,1,1,0.197,0.59,0
3,8,1,1,0.2273,0.59,0
3,9,1,1,0.2576,0.6,0
3,10,1,1,0.2576,0.6,0
3,11,1,1,0.2727,0.56,0
3,12,1,1,0.303,0.52,0
3,13,1,1,0.2576,0.55,0
3,14,1,1,0.2576,0.57,0
3,15,1,1,0.2879,0.53,0
3,16,1,1,0.2727,0.45,0
3,17,1,1,0.2727,0.45,0
3,18,1,1,0.2273,0.55,0
3,19,1,1,0.2576,0.53,0
3,20,1,1,0.2273,0.37,0
3,21,1,1,0.2273,0.37,0
3,22,1,1,0.2121,0.35,0
3,23,1,1,0.1818,0.37,0
3,0,2,1,0.2121,0.37,0
3,1,2,1,0.197,0.44,0
3,2,2,1,0.197,0.44,0
3,3,2,1,0.1667,0.51,0
3,4,2,1,0.1667,0.51,0
3,5,2,1,0.1818,0.51,0
3,6,2,1,0.2121,0.51,0
3,7,2,1,0.1818,0.55,0
3,8,2,1,0.1818,0.59,0
3,9,2,1,0.2727,0.47,0
3,10,2,1,0.2576,0.44,0
3,11,2,1,0.2576,0.41,0
3,12,2,1,0.2727,0.41,0
3,13,2,1,0.303,0.39,0
3,14,2,1,0.303,0.36,0
3,15,2,1,0.303,0.36,0
3,16,2,1,0.3333,0.32,0
3,17,2,1,0.3333,0.34,0
3,18,2,1,0.303,0.42,0
3,19,2,1,0.303,0.46,0
3,20,2,1,0.3182,0.49,0
3,21,2,1,0.3182,0.49,0
3,22,2,1,0.2727,0.56,0
3,23,2,1,0.2727,0.61,0
3,0,3,1,0.2576,0.65,0
3,1,3,1,0.2727,0.61,0
3,2,3,1,0.2879,0.56,0
3,3,3,1,0.2727,0.56,0
3,4,3,1,0.2576,0.61,0
3,5,3,1,0.2576,0.56,0
3,6,3,1,0.2576,0.61,0
3,7,3,1,0.2273,0.65,0
3,8,3,1,0.2576,0.61,0
3,9,3,1,0.2727,0.61,0
3,10,3,1,0.3333,0.5,0
3,11,3,1,0.4242,0.38,0
3,12,3,1,0.4394,0.38,0
3,13,3,1,0.4848,0.34,0
3,14,3,1,0.5,0.36,0
3,15,3,1,0.5152,0.37,0
3,16,3,1,0.5303,0.37,0
3,17,3,1,0.5303,0.43,0
3,18,3,1,0.5303,0.4,0
3,19,3,1,0.5152,0.42,0
3,20,3,1,0.4848,0.51,0
3,21,3,1,0.4394,0.62,0
3,22,3,1,0.4545,0.59,0
3,23,3,1,0.4394,0.62,0
3,0,4,1,0.4394,0.62,0
3,1,4,1,0.4545,0.63,0
3,2,4,1,0.4545,0.63,0
3,3,4,1,0.4545,0.63,0
3,4,4,1,0.4394,0.72,0
3,5,4,1,0.4242,0.77,0
3,6,4,1,0.4242,0.77,0
3,7,4,1,0.4242,0.77,0
3,8,4,1,0.4394,0.77,0
3,9,4,1,0.4545,0.72,0
3,10,4,1,0.4848,0.68,0
3,11,4,1,0.5152,0.6,0
3,12,4,1,0.5303,0.6,0
3,13,4,1,0.6212,0.49,0
3,14,4,1,0.6212,0.43,0
3,15,4,1,0.6212,0.38,0
3,16,4,1,0.6212,0.41,0
3,17,4,1,0.6212,0.38,0
3,18,4,1,0.6212,0.38,0
3,19,4,1,0.6212,0.4,0
3,20,4,1,0.6212,0.43,0
3,21,4,1,0.6212,0.43,0
3,22,4,1,0.5303,0.49,0
3,23,4,1,0.5303,0.49,0
3,0,5,1,0.5455,0.49,0
3,1,5,1,0.5303,0.52,0
3,2,5,1,0.4697,0.77,0
3,3,5,1,0.4545,0.77,0
3,4,5,1,0.4091,0.66,0
3,5,5,1,0.4091,0.66,0
3,6,5,1,0.4091,0.5,0
3,7,5,1,0.3939,0.4,0
3,8,5,1,0.2879,0.42,0
3,9,5,1,0.2879,0.42,0
3,10,5,1,0.2879,0.36,0
3,11,5,1,0.3333,0.34,0
3,12,5,1,0.3333,0.34,0
3,13,5,1,0.3939,0.29,0
3,14,5,1,0.4242,0.28,0
3,15,5,1,0.4545,0.24,0
3,16,5,1,0.4697,0.23,0
3,17,5,1,0.4545,0.24,0
3,18,5,1,0.4394,0.26,0
3,19,5,1,0.4242,0.28,0
3,20,5,1,0.3939,0.32,0
3,21,5,1,0.3333,0.34,0
3,22,5,1,0.2879,0.31,0
3,23,5,1,0.303,0.33,0
3,0,6,0,0.2727,0.36,0
3,1,6,0,0.2879,0.36,0
3,2,6,0,0.2424,0.41,0
3,3,6,0,0.2273,0.41,0
3,4,6,0,0.2121,0.41,0
3,5,6,0,0.2121,0.42,0
3,6,6,0,0.2121,0.44,0
3,7,6,0,0.2121,0.44,0
3,8,6,0,0.2121,0.44,0
3,9,6,0,0.2121,0.41,0
3,10,6,0,0.2273,0.35,1
3,11,6,0,0.2727,0.33,1
3,12,6,0,0.2727,0.33,1
3,13,6,0,0.303,0.29,1
3,14,6,0,0.3182,0.27,1
3,15,6,0,0.3636,0.25,1
3,16,6,0,0.3636,0.23,1
3,17,6,0,0.3788,0.23,0
3,18,6,0,0.3636,0.21,0
3,19,6,0,0.3636,0.25,0
3,20,6,0,0.3333,0.33,0
3,21,6,0,0.2879,0.39,0
3,22,6,0,0.2576,0.44,0
3,23,6,0,0.2576,0.41,0
3,0,0,0,0.2879,0.44,0
3,1,0,0,0.2424,0.52,0
3,3,0,0,0.2424,0.6,0
3,4,0,0,0.2424,0.6,0
3,5,0,0,0.2424,0.6,0
3,6,0,0,0.2424,0.7,0
3,7,0,0,0.2273,0.69,0
3,8,0,0,0.2273,0.69,0
3,9,0,0,0.2576,0.6,0
3,10,0,0,0.303,0.49,1
3,11,0,0,0.3333,0.43,1
3,12,0,0,0.4091,0.37,1
3,13,0,0,0.4242,0.41,1
3,14,0,0,0.4545,0.31,1
3,15,0,0,0.4848,0.29,1
3,16,0,0,0.4848,0.31,1
3,17,0,0,0.5,0.27,0
3,18,0,0,0.5,0.29,0
3,19,0,0,0.4848,0.31,0
3,20,0,0,0.4394,0.47,0
3,21,0,0,0.4242,0.54,0
3,22,0,0,0.4091,0.54,0
3,23,0,0,0.4091,0.5,0
3,0,1,1,0.3939,0.54,0
3,1,1,1,0.3939,0.5,0
3,2,1,1,0.3939,0.54,0
3,3,1,1,0.3485,0.5,0
3,4,1,1,0.3333,0.61,0
3,5,1,1,0.3333,0.61,0
3,6,1,1,0.3485,0.57,0
3,7,1,1,0.3485,0.53,0
3,8,1,1,0.3333,0.61,0
3,9,1,1,0.3939,0.54,0
3,10,1,1,0.4091,0.5,0
3,11,1,1,0.4394,0.44,0
3,12,1,1,0.4697,0.39,0
3,13,1,1,0.5152,0.32,0
3,14,1,1,0.5455,0.32,0
3,15,1,1,0.5303,0.4,0
3,16,1,1,0.6212,0.35,0
3,17,1,1,0.6212,0.38,0
3,18,1,1,0.6212,0.43,0
3,19,1,1,0.5303,0.49,0
3,20,1,1,0.5303,0.49,0
3,21,1,1,0.5152,0.56,0
3,22,1,1,0.5303,0.56,0
3,23,1,1,0.5303,0.56,0
3,0,2,1,0.5303,0.52,0
3,1,2,1,0.5,0.59,0
3,2,2,1,0.5,0.72,0
3,3,2,1,0.5,0.72,0
3,4,2,1,0.4545,0.82,0
3,5,2,1,0.4545,0.82,0
3,6,2,1,0.4545,0.82,0
3,7,2,1,0.4545,0.82,0
3,8,2,1,0.4545,0.82,0
3,9,2,1,0.4697,0.82,0
3,10,2,1,0.5,0.77,0
3,11,2,1,0.5152,0.73,0
3,12,2,1,0.6061,0.6,0
3,13,2,1,0.6061,0.6,0
3,14,2,1,0.6212,0.53,0
3,15,2,1,0.6364,0.39,0
3,16,2,1,0.6515,0.34,0
3,17,2,1,0.6364,0.37,0
3,18,2,1,0.6364,0.34,0
3,19,2,1,0.6212,0.47,0
3,20,2,1,0.6212,0.49,0
3,21,2,1,0.5455,0.56,0
3,22,2,1,0.5303,0.6,0
3,23,2,1,0.5303,0.56,0
3,0,3,1,0.5152,0.6,0
3,1,3,1,0.5,0.63,0
3,2,3,1,0.4848,0.68,0
3,3,3,1,0.4697,0.72,0
3,4,3,1,0.4697,0.67,0
3,5,3,1,0.4394,0.82,0
3,6,3,1,0.4394,0.82,0
3,7,3,1,0.4394,0.82,0
3,8,3,1,0.4394,0.82,0
3,9,3,1,0.5,0.68,0
3,10,3,1,0.5303,0.56,0
3,11,3,1,0.6212,0.41,0
3,12,3,1,0.6212,0.29,0
3,13,3,1,0.6212,0.27,0
3,14,3,1,0.6364,0.23,0
3,15,3,1,0.6364,0.24,0
3,16,3,1,0.6364,0.25,0
3,17,3,1,0.6364,0.28,0
3,18,3,1,0.6364,0.32,0
3,19,3,1,0.6212,0.33,0
3,20,3,1,0.6212,0.35,0
3,21,3,1,0.6212,0.4,0
3,22,3,1,0.5,0.55,0
3,23,3,1,0.5303,0.43,0
3,0,4,1,0.5152,0.49,0
3,1,4,1,0.4848,0.59,0
3,2,4,1,0.4848,0.59,0
3,3,4,1,0.4848,0.63,0
3,4,4,1,0.4394,0.77,0
3,5,4,1,0.4545,0.67,0
3,6,4,1,0.4394,0.72,0
3,7,4,1,0.4394,0.72,0
3,8,4,1,0.4394,0.77,0
3,9,4,1,0.4697,0.77,0
3,10,4,1,0.5,0.68,0
3,11,4,1,0.5303,0.6,0
3,12,4,1,0.6212,0.5,0
3,13,4,1,0.6212,0.41,0
3,14,4,1,0.6515,0.3,0
3,15,4,1,0.6515,0.32,0
3,16,4,1,0.6515,0.37,0
3,17,4,1,0.6364,0.39,0
3,18,4,1,0.6212,0.44,0
3,19,4,1,0.6212,0.5,0
3,20,4,1,0.5455,0.6,0
3,21,4,1,0.5152,0.68,0
3,22,4,1,0.5,0.68,0
3,23,4,1,0.4697,0.72,0
3,0,5,1,0.4394,0.77,0
3,1,5,1,0.4242,0.82,0
3,2,5,1,0.4242,0.82,0
3,3,5,1,0.4091,0.87,0
3,4,5,1,0.4091,0.87,0
3,5,5,1,0.4091,0.87,0
3,6,5,1,0.4091,0.87,0
3,7,5,1,0.4091,0.87,0
3,8,5,1,0.4091,0.87,0
3,9,5,1,0.4242,0.82,0
3,10,5,1,0.4091,0.87,0
3,11,5,1,0.4394,0.77,0
3,12,5,1,0.4394,0.82,0
3,13,5,1,0.4545,0.77,0
3,14,5,1,0.4697,0.72,0
3,15,5,1,0.4545,0.82,0
3,16,5,1,0.4697,0.77,0
3,17,5,1,0.4697,0.82,0
3,18,5,1,0.4697,0.82,0
3,19,5,1,0.4545,0.88,0
3,20,5,1,0.4545,0.88,0
3,21,5,1,0.4394,0.94,0
3,22,5,1,0.4394,0.94,0
3,23,5,1,0.4394,0.94,0
3,0,6,0,0.4394,0.94,0
3,1,6,0,0.4394,0.94,0
3,2,6,0,0.4394,0.88,0
3,3,6,0,0.4394,0.88,0
3,4,6,0,0.4242,0.94,0
3,5,6,0,0.4242,0.94,0
3,6,6,0,0.4242,0.94,0
3,7,6,0,0.4091,1.0,0
3,8,6,0,0.4242,0.94,0
3,9,6,0,0.4394,0.88,0
3,10,6,0,0.4848,0.77,1
3,11,6,0,0.5,0.77,1
3,12,6,0,0.5303,0.68,1
3,13,6,0,0.6061,0.6,1
3,14,6,0,0.6212,0.53,1
3,15,6,0,0.6212,0.53,1
3,16,6,0,0.6212,0.5,1
3,17,6,0,0.6212,0.5,0
3,18,6,0,0.6212,0.57,0
3,19,6,0,0.5455,0.64,0
3,20,6,0,0.5303,0.64,0
3,21,6,0,0.5152,0.68,0
3,22,6,0,0.5152,0.68,0
3,23,6,0,0.4848,0.77,0
3,0,0,0,0.4545,0.88,0
3,1,0,0,0.4545,0.82,0
3,2,0,0,0.4545,0.82,0
3,3,0,0,0.4394,0.88,0
3,4,0,0,0.4242,0.94,0
3,5,0,0,0.4091,0.94,0
3,6,0,0,0.4091,0.94,0
3,7,0,0,0.4242,0.88,0
3,8,0,0,0.4242,0.88,0
3,9,0,0,0.4242,0.88,0
3,10,0,0,0.4242,0.88,1
3,11,0,0,0.4394,0.82,1
3,12,0,0,0.4394,0.88,1
3,13,0,0,0.4545,0.82,1
3,14,0,0,0.4848,0.77,1
3,15,0,0,0.5152,0.68,1
3,16,0,0,0.5152,0.73,1
3,17,0,0,0.5303,0.64,0
3,18,0,0,0.5303,0.64,0
3,19,0,0,0.5303,0.64,0
3,20,0,0,0.5,0.77,0
3,21,0,0,0.5,0.72,0
3,22,0,0,0.4848,0.77,0
3,23,0,0,0.4697,0.82,0
3,0,1,1,0.4697,0.82,0
3,1,1,1,0.4545,0.88,0
3,2,1,1,0.4545,0.88,0
3,3,1,1,0.4545,0.88,0
3,4,1,1,0.4394,0.94,0
3,5,1,1,0.4394,0.94,0
3,6,1,1,0.4545,0.88,0
3,7,1,1,0.4545,0.88,0
3,8,1,1,0.4545,0.88,0
3,9,1,1,0.4848,0.72,0
3,10,1,1,0.5,0.72,0
3,11,1,1,0.5303,0.68,0
3,12,1,1,0.6061,0.64,0
3,13,1,1,0.6061,0.61,0
3,14,1,1,0.6212,0.57,0
3,15,1,1,0.6212,0.57,0
3,16,1,1,0.6212,0.5,0
3,17,1,1,0.6212,0.53,0
3,18,1,1,0.6212,0.57,0
3,19,1,1,0.6061,0.61,0
3,20,1,1,0.6061,0.64,0
3,21,1,1,0.6061,0.64,0
3,22,1,1,0.5303,0.73,0
3,23,1,1,0.5303,0.78,0
3,0,2,1,0.5303,0.78,0
3,1,2,1,0.5152,0.88,0
3,2,2,1,0.5152,0.88,0
3,3,2,1,0.5152,0.88,0
3,4,2,1,0.5,0.88,0
3,5,2,1,0.5,0.94,0
3,6,2,1,0.5,0.94,0
3,7,2,1,0.5,0.94,0
3,8,2,1,0.5,0.88,0
3,9,2,1,0.5152,0.88,0
3,10,2,1,0.5152,0.88,0
3,11,2,1,0.5455,0.83,0
3,12,2,1,0.5758,0.78,0
3,13,2,1,0.5758,0.78,0
3,14,2,1,0.5909,0.73,0
3,15,2,1,0.6061,0.69,0
3,16,2,1,0.6061,0.66,0
3,17,2,1,0.5909,0.73,0
3,18,2,1,0.5909,0.69,0
3,19,2,1,0.5455,0.73,0
3,20,2,1,0.5455,0.68,0
3,21,2,1,0.5303,0.73,0
3,22,2,1,0.5152,0.77,0
3,23,2,1,0.5,0.83,0
3,0,3,1,0.5,0.88,0
3,1,3,1,0.5,0.83,0
3,2,3,1,0.4848,0.88,0
3,3,3,1,0.4848,0.88,0
3,4,3,1,0.4848,0.88,0
3,5,3,1,0.4848,0.88,0
3,6,3,1,0.4697,0.94,0
3,7,3,1,0.4697,0.94,0
3,8,3,1,0.4697,0.94,0
3,9,3,1,0.4848,0.88,0
3,10,3,1,0.5,0.83,0
3,11,3,1,0.5,0.83,0
3,12,3,1,0.5152,0.77,0
3,13,3,1,0.5152,0.83,0
3,14,3,1,0.5303,0.78,0
3,15,3,1,0.5303,0.78,0
3,16,3,1,0.5455,0.73,0
3,17,3,1,0.5909,0.69,0
3,18,3,1,0.5909,0.69,0
3,19,3,1,0.6061,0.64,0
3,20,3,1,0.5303,0.78,0
3,21,3,1,0.5152,0.83,0
3,22,3,1,0.5,0.83,0
3,23,3,1,0.5152,0.77,0
3,0,4,1,0.5,0.83,0
3,1,4,1,0.5,0.83,0
3,2,4,1,0.5,0.83,0
3,3,4,1,0.5,0.83,0
3,4,4,1,0.4697,1.0,0
3,5,4,1,0.4697,1.0,0
3,6,4,1,0.4697,1.0,0
3,7,4,1,0.4697,1.0,0
3,8,4,1,0.4848,0.94,0
3,9,4,1,0.4848,0.94,0
3,10,4,1,0.4848,1.0,0
3,11,4,1,0.5,0.94,0
3,12,4,1,0.5152,0.88,0
3,13,4,1,0.5455,0.78,0
3,14,4,1,0.5909,0.73,0
3,15,4,1,0.6061,0.69,0
3,16,4,1,0.6061,0.65,0
3,17,4,1,0.6212,0.65,0
3,18,4,1,0.6212,0.65,0
3,19,4,1,0.6212,0.61,0
3,20,4,1,0.5909,0.73,0
3,21,4,1,0.5455,0.78,0
3,22,4,1,0.5303,0.83,0
3,23,4,1,0.5303,0.83,0
3,0,5,1,0.5303,0.83,0
3,1,5,1,0.5152,0.88,0
3,2,5,1,0.5152,0.88,0
3,3,5,1,0.5,0.88,0
3,4,5,1,0.4848,0.94,0
3,5,5,1,0.4848,0.94,0
3,6,5,1,0.4848,0.88,0
3,7,5,1,0.4848,0.93,0
3,8,5,1,0.4848,0.94,0
3,9,5,1,0.5,0.9,0
3,10,5,1,0.5303,0.88,0
3,11,5,1,0.5909,0.73,0
3,12,5,1,0.6212,0.61,0
3,13,5,1,0.6515,0.48,0
3,14,5,1,0.6515,0.42,0
3,15,5,1,0.6515,0.42,0
3,16,5,1,0.6515,0.42,0
3,17,5,1,0.6515,0.42,0
3,18,5,1,0.6364,0.45,0
3,19,5,1,0.6212,0.5,0
3,20,5,1,0.6212,0.47,0
3,21,5,1,0.6212,0.53,0
3,22,5,1,0.6061,0.64,0
3,23,5,1,0.5909,0.69,0
3,0,6,0,0.5455,0.68,0
3,1,6,0,0.5303,0.73,0
3,2,6,0,0.5152,0.77,0
3,3,6,0,0.5152,0.77,0
3,4,6,0,0.5,0.83,0
3,5,6,0,0.5,0.83,0
3,6,6,0,0.5,0.83,0
3,7,6,0,0.4848,0.88,0
3,8,6,0,0.4848,0.94,0
3,9,6,0,0.5,0.83,0
3,10,6,0,0.5,0.88,1
3,11,6,0,0.4848,0.94,1
3,12,6,0,0.5,0.94,1
3,13,6,0,0.5,0.94,1
3,14,6,0,0.5,0.88,1
3,15,6,0,0.4848,0.94,1
3,16,6,0,0.4848,0.94,1
3,17,6,0,0.4848,0.88,0
3,18,6,0,0.4545,0.94,0
3,19,6,0,0.4545,0.94,0
3,20,6,0,0.4394,1.0,0
3,21,6,0,0.4394,1.0,0
3,22,6,0,0.4394,1.0,0
3,23,6,0,0.4394,0.94,0
3,0,0,0,0.4394,0.94,0
3,1,0,0,0.4242,1.0,0
3,2,0,0,0.4242,1.0,0
3,3,0,0,0.4242,0.94,0
3,4,0,0,0.4242,0.94,0
3,5,0,0,0.4091,1.0,0
3,6,0,0,0.4091,1.0,0
3,7,0,0,0.4091,0.94,0
3,8,0,0,0.4091,0.94,0
3,9,0,0,0.4091,0.94,0
3,10,0,0,0.4091,0.87,1
3,11,0,0,0.4091,0.94,1
3,12,0,0,0.4091,0.94,1
3,13,0,0,0.4242,0.88,1
3,14,0,0,0.4394,0.88,1
3,15,0,0,0.4394,0.88,1
3,16,0,0,0.4697,0.77,1
3,17,0,0,0.4848,0.72,0
3,18,0,0,0.4848,0.72,0
3,19,0,0,0.4848,0.72,0
3,20,0,0,0.4697,0.77,0
3,21,0,0,0.4697,0.77,0
3,22,0,0,0.4545,0.82,0
3,23,0,0,0.4697,0.82,0
3,0,1,1,0.4697,0.82,0
3,1,1,1,0.4697,0.82,0
3,2,1,1,0.4545,0.88,0
3,3,1,1,0.4545,0.82,0
3,4,1,1,0.4394,0.82,0
3,5,1,1,0.4394,0.77,0
3,6,1,1,0.4242,0.82,0
3,7,1,1,0.4394,0.72,0
3,8,1,1,0.4394,0.62,0
3,9,1,1,0.4545,0.47,0
3,10,1,1,0.4848,0.36,0
3,11,1,1,0.4697,0.31,0
3,12,1,1,0.4697,0.33,0
3,13,1,1,0.4697,0.29,0
3,14,1,1,0.4697,0.33,0
3,15,1,1,0.4697,0.29,0
3,16,1,1,0.4697,0.25,0
3,17,1,1,0.4545,0.24,0
3,18,1,1,0.4394,0.26,0
3,19,1,1,0.4242,0.24,0
3,20,1,1,0.4091,0.26,0
3,21,1,1,0.3939,0.25,0
3,22,1,1,0.3333,0.25,0
3,23,1,1,0.2879,0.25,0
3,0,2,1,0.2879,0.26,0
3,1,2,1,0.2727,0.26,0
3,2,2,1,0.2273,0.3,0
3,3,2,1,0.2273,0.3,0
3,4,2,1,0.2121,0.32,0
3,5,2,1,0.2121,0.37,0
3,6,2,1,0.2273,0.37,0
3,7,2,1,0.2273,0.37,0
3,8,2,1,0.2121,0.37,0
3,9,2,1,0.2273,0.38,0
3,10,2,1,0.2576,0.35,0
3,11,2,1,0.303,0.31,0
3,12,2,1,0.3182,0.31,0
3,13,2,1,0.3485,0.27,0
3,14,2,1,0.4091,0.24,0
3,15,2,1,0.4242,0.2,0
3,16,2,1,0.4242,0.2,0
3,17,2,1,0.4394,0.16,0
3,18,2,1,0.4242,0.17,0
3,19,2,1,0.4242,0.17,0
3,20,2,1,0.4242,0.17,0
3,21,2,1,0.3485,0.37,0
3,22,2,1,0.3485,0.37,0
3,23,2,1,0.3485,0.37,0
3,0,3,1,0.3333,0.4,0
3,1,3,1,0.3333,0.46,0
3,2,3,1,0.303,0.49,0
3,3,3,1,0.303,0.42,0
3,4,3,1,0.3333,0.43,0
3,5,3,1,0.3333,0.43,0
3,6,3,1,0.3333,0.46,0
3,7,3,1,0.3333,0.46,0
3,8,3,1,0.3939,0.46,0
3,9,3,1,0.4091,0.43,0
3,10,3,1,0.4545,0.41,0
3,11,3,1,0.4848,0.42,0
3,12,3,1,0.5152,0.39,0
3,13,3,1,0.5303,0.43,0
3,14,3,1,0.6212,0.38,0
3,15,3,1,0.6212,0.41,0
3,16,3,1,0.6212,0.43,0
3,17,3,1,0.6061,0.6,0
3,18,3,1,0.6061,0.6,0
3,19,3,1,0.6212,0.56,0
3,20,3,1,0.6212,0.56,0
3,21,3,1,0.5455,0.6,0
3,22,3,1,0.5303,0.64,0
3,23,3,1,0.5152,0.68,0
3,0,4,1,0.5152,0.68,0
3,1,4,1,0.5303,0.6,0
3,2,4,1,0.6061,0.28,0
3,3,4,1,0.5455,0.28,0
3,4,4,1,0.5,0.36,0
3,5,4,1,0.4848,0.45,0
3,6,4,1,0.4545,0.59,0
3,7,4,1,0.4545,0.51,0
3,8,4,1,0.4545,0.47,0
3,9,4,1,0.4697,0.48,0
3,10,4,1,0.4545,0.47,0
3,11,4,1,0.4848,0.45,0
3,12,4,1,0.4848,0.42,0
3,13,4,1,0.4545,0.44,0
3,14,4,1,0.4848,0.42,0
3,15,4,1,0.5,0.39,0
3,16,4,1,0.5,0.36,0
3,17,4,1,0.5,0.38,0
3,18,4,1,0.4848,0.39,0
3,19,4,1,0.4697,0.39,0
3,20,4,1,0.4545,0.38,0
3,21,4,1,0.4394,0.44,0
3,22,4,1,0.4242,0.44,0
3,23,4,1,0.4242,0.47,0
3,0,5,1,0.4091,0.47,0
3,1,5,1,0.3939,0.5,0
3,2,5,1,0.3333,0.53,0
3,3,5,1,0.3333,0.61,0
3,4,5,1,0.3485,0.53,0
3,5,5,1,0.3333,0.61,0
3,6,5,1,0.3333,0.57,0
3,7,5,1,0.3182,0.57,0
3,8,5,1,0.3182,0.66,0
3,9,5,1,0.3333,0.57,0
3,10,5,1,0.3636,0.57,0
3,11,5,1,0.3788,0.53,0
3,12,5,1,0.3939,0.54,0
3,13,5,1,0.4091,0.5,0
3,14,5,1,0.4091,0.54,0
3,15,5,1,0.4242,0.54,0
3,16,5,1,0.4091,0.62,0
3,17,5,1,0.4091,0.62,0
3,18,5,1,0.4242,0.54,0
3,19,5,1,0.4091,0.62,0
3,20,5,1,0.4091,0.62,0
3,21,5,1,0.3939,0.66,0
3,22,5,1,0.3485,0.71,0
3,23,5,1,0.3788,0.71,0
3,0,6,0,0.3939,0.82,0
3,1,6,0,0.4091,0.76,0
3,2,6,0,0.4242,0.77,0
3,3,6,0,0.4091,0.82,0
3,4,6,0,0.4242,0.77,0
3,5,6,0,0.4091,0.82,0
3,6,6,0,0.3485,0.87,0
3,7,6,0,0.3485,0.87,0
3,8,6,0,0.3485,0.87,0
3,9,6,0,0.4091,0.76,0
3,10,6,0,0.4091,0.76,1
3,11,6,0,0.4545,0.72,1
3,12,6,0,0.4697,0.67,1
3,13,6,0,0.5152,0.6,1
3,14,6,0,0.4848,0.63,1
3,15,6,0,0.5,0.59,1
3,16,6,0,0.4848,0.63,1
3,17,6,0,0.4697,0.67,0
3,18,6,0,0.4394,0.72,0
3,19,6,0,0.4242,0.71,0
3,20,6,0,0.4091,0.71,0
3,21,6,0,0.4091,0.71,0
3,22,6,0,0.3939,0.71,0
3,23,6,0,0.3333,0.76,0
4,0,0,0,0.3333,0.76,0
4,1,0,0,0.3485,0.76,0
4,2,0,0,0.3485,0.76,0
4,3,0,0,0.3333,0.81,0
4,4,0,0,0.3485,0.81,0
4,5,0,0,0.3485,0.81,0
4,6,0,0,0.3485,0.76,0
4,7,0,0,0.3485,0.71,0
4,8,0,0,0.3636,0.76,0
4,9,0,0,0.3485,0.81,0
4,10,0,0,0.4091,0.71,1
4,11,0,0,0.4091,0.71,1
4,12,0,0,0.4242,0.67,1
4,13,0,0,0.4394,0.62,1
4,14,0,0,0.4697,0.55,1
4,15,0,0,0.4848,0.55,1
4,16,0,0,0.5,0.52,1
4,17,0,0,0.5,0.55,0
4,18,0,0,0.5,0.52,0
4,19,0,0,0.5,0.55,0
4,20,0,0,0.4848,0.59,0
4,21,0,0,0.4848,0.59,0
4,22,0,0,0.4848,0.63,0
4,23,0,0,0.4545,0.72,0
4,0,1,1,0.4394,0.82,0
4,1,1,1,0.4242,0.88,0
4,2,1,1,0.4394,0.94,0
4,4,1,1,0.4091,0.76,0
4,5,1,1,0.4091,0.76,0
4,6,1,1,0.3182,0.71,0
4,7,1,1,0.303,0.66,0
4,8,1,1,0.3333,0.57,0
4,9,1,1,0.3939,0.54,0
4,10,1,1,0.4091,0.5,0
4,11,1,1,0.4242,0.47,0
4,12,1,1,0.4394,0.44,0
4,13,1,1,0.4545,0.36,0
4,14,1,1,0.4545,0.31,0
4,15,1,1,0.4697,0.33,0
4,16,1,1,0.4848,0.34,0
4,17,1,1,0.4848,0.29,0
4,18,1,1,0.4848,0.27,0
4,19,1,1,0.4848,0.27,0
4,20,1,1,0.4545,0.31,0
4,21,1,1,0.4545,0.28,0
4,22,1,1,0.4242,0.44,0
4,23,1,1,0.4394,0.35,0
4,0,2,1,0.4091,0.43,0
4,1,2,1,0.3939,0.46,0
4,2,2,1,0.3485,0.53,0
4,3,2,1,0.3939,0.46,0
4,4,2,1,0.3333,0.66,0
4,5,2,1,0.3333,0.66,0
4,6,2,1,0.3182,0.61,0
4,7,2,1,0.3333,0.66,0
4,8,2,1,0.3636,0.57,0
4,9,2,1,0.4242,0.38,0
4,10,2,1,0.4394,0.33,0
4,11,2,1,0.4697,0.23,0
4,12,2,1,0.5,0.25,0
4,13,2,1,0.5303,0.19,0
4,14,2,1,0.5303,0.21,0
4,15,2,1,0.5909,0.2,0
4,16,2,1,0.6061,0.21,0
4,17,2,1,0.6061,0.17,0
4,18,2,1,0.6061,0.26,0
4,19,2,1,0.5303,0.26,0
4,20,2,1,0.5303,0.24,0
4,21,2,1,0.5152,0.45,0
4,22,2,1,0.4848,0.51,0
4,23,2,1,0.4848,0.59,0
4,0,3,1,0.4697,0.48,0
4,1,3,1,0.4545,0.59,0
4,2,3,1,0.4545,0.51,0
4,3,3,1,0.4394,0.58,0
4,4,3,1,0.4242,0.67,0
4,5,3,1,0.4242,0.67,0
4,6,3,1,0.4242,0.58,0
4,7,3,1,0.4394,0.62,0
4,8,3,1,0.4394,0.72,0
4,9,3,1,0.4697,0.55,0
4,10,3,1,0.5152,0.45,0
4,11,3,1,0.6212,0.43,0
4,12,3,1,0.6212,0.46,0
4,13,3,1,0.6212,0.46,0
4,14,3,1,0.6212,0.46,0
4,15,3,1,0.6212,0.44,0
4,16,3,1,0.6212,0.44,0
4,17,3,1,0.6212,0.41,0
4,18,3,1,0.6212,0.41,0
4,19,3,1,0.6212,0.39,0
4,20,3,1,0.6212,0.27,0
4,21,3,1,0.6061,0.23,0
4,22,3,1,0.5303,0.22,0
4,23,3,1,0.5,0.23,0
4,0,4,1,0.5,0.23,0
4,1,4,1,0.4697,0.27,0
4,2,4,1,0.4545,0.33,0
4,3,4,1,0.4242,0.41,0
4,4,4,1,0.3939,0.43,0
4,5,4,1,0.3939,0.43,0
4,6,4,1,0.3333,0.46,0
4,7,4,1,0.3333,0.49,0
4,8,4,1,0.3485,0.46,0
4,9,4,1,0.4091,0.37,0
4,10,4,1,0.4242,0.35,0
4,11,4,1,0.4242,0.38,0
4,12,4,1,0.4394,0.33,0
4,13,4,1,0.4545,0.31,0
4,14,4,1,0.4545,0.33,0
4,15,4,1,0.4848,0.31,0
4,16,4,1,0.4848,0.31,0
4,17,4,1,0.4848,0.31,0
4,18,4,1,0.4848,0.31,0
4,19,4,1,0.4697,0.31,0
4,20,4,1,0.4394,0.41,0
4,21,4,1,0.4242,0.47,0
4,22,4,1,0.4091,0.47,0
4,23,4,1,0.4091,0.5,0
4,0,5,1,0.4091,0.43,0
4,1,5,1,0.3485,0.62,0
4,2,5,1,0.3333,0.5,0
4,3,5,1,0.303,0.53,0
4,4,5,1,0.3182,0.49,0
4,5,5,1,0.303,0.53,0
4,6,5,1,0.2727,0.49,0
4,7,5,1,0.2879,0.49,0
4,8,5,1,0.2727,0.49,0
4,9,5,1,0.303,0.42,0
4,10,5,1,0.3333,0.4,0
4,11,5,1,0.4091,0.37,0
4,12,5,1,0.4242,0.35,0
4,13,5,1,0.4394,0.33,0
4,14,5,1,0.4697,0.29,0
4,15,5,1,0.4848,0.27,0
4,16,5,1,0.4848,0.22,0
4,17,5,1,0.5,0.23,0
4,18,5,1,0.4848,0.22,0
4,19,5,1,0.4697,0.23,0
4,20,5,1,0.4545,0.24,0
4,21,5,1,0.4394,0.26,0
4,22,5,1,0.4091,0.35,0
4,23,5,1,0.4242,0.3,0
4,0,6,0,0.4242,0.26,0
4,1,6,0,0.4091,0.28,0
4,2,6,0,0.3333,0.29,0
4,3,6,0,0.3333,0.32,0
4,4,6,0,0.3182,0.36,0
4,5,6,0,0.3182,0.33,0
4,6,6,0,0.3182,0.36,0
4,7,6,0,0.303,0.33,0
4,8,6,0,0.3182,0.34,0
4,9,6,0,0.4091,0.3,0
4,10,6,0,0.4242,0.28,1
4,11,6,0,0.4394,0.24,1
4,12,6,0,0.4545,0.23,1
4,13,6,0,0.4848,0.22,1
4,14,6,0,0.4848,0.22,1
4,15,6,0,0.5,0.19,1
4,16,6,0,0.5152,0.19,1
4,17,6,0,0.5152,0.19,0
4,18,6,0,0.5152,0.18,0
4,19,6,0,0.5152,0.16,0
4,20,6,0,0.4848,0.2,0
4,21,6,0,0.4848,0.2,0
4,22,6,0,0.4697,0.2,0
4,23,6,0,0.4545,0.23,0
4,0,0,0,0.4394,0.24,0
4,1,0,0,0.4394,0.24,0
4,2,0,0,0.4394,0.24,0
4,3,0,0,0.4242,0.26,0
4,4,0,0,0.4091,0.4,0
4,5,0,0,0.3939,0.46,0
4,6,0,0,0.3788,0.37,0
4,7,0,0,0.3939,0.27,0
4,8,0,0,0.4091,0.3,0
4,9,0,0,0.4394,0.26,0
4,10,0,0,0.4848,0.25,1
4,11,0,0,0.4848,0.25,1
4,12,0,0,0.5152,0.24,1
4,13,0,0,0.5455,0.23,1
4,14,0,0,0.5909,0.18,1
4,15,0,0,0.6061,0.17,1
4,16,0,0,0.6061,0.19,1
4,17,0,0,0.6061,0.22,0
4,18,0,0,0.6061,0.25,0
4,19,0,0,0.6061,0.23,0
4,20,0,0,0.5303,0.28,0
4,21,0,0,0.5,0.34,0
4,22,0,0,0.4848,0.36,0
4,23,0,0,0.4848,0.39,0
4,0,1,1,0.4697,0.39,0
4,1,1,1,0.4545,0.41,0
4,2,1,1,0.4545,0.31,0
4,3,1,1,0.4394,0.3,0
4,4,1,1,0.4394,0.24,0
4,5,1,1,0.4394,0.24,0
4,6,1,1,0.4242,0.26,0
4,7,1,1,0.4242,0.28,0
4,8,1,1,0.4394,0.3,0
4,9,1,1,0.4545,0.31,0
4,10,1,1,0.4848,0.27,0
4,11,1,1,0.5,0.27,0
4,12,1,1,0.5152,0.28,0
4,13,1,1,0.5152,0.28,0
4,14,1,1,0.5303,0.28,0
4,15,1,1,0.5455,0.28,0
4,16,1,1,0.5303,0.3,0
4,17,1,1,0.5152,0.32,0
4,18,1,1,0.5152,0.34,0
4,19,1,1,0.5,0.34,0
4,20,1,1,0.4848,0.36,0
4,21,1,1,0.4697,0.41,0
4,22,1,1,0.4545,0.41,0
4,23,1,1,0.4394,0.44,0
4,0,2,1,0.4394,0.47,0
4,1,2,1,0.4242,0.5,0
4,2,2,1,0.3485,0.71,0
4,3,2,1,0.3485,0.71,0
4,4,2,1,0.3333,0.71,0
4,5,2,1,0.3333,0.71,0
4,6,2,1,0.3485,0.71,0
4,7,2,1,0.3485,0.71,0
4,8,2,1,0.3939,0.62,0
4,9,2,1,0.4242,0.67,0
4,10,2,1,0.4545,0.47,0
4,11,2,1,0.4848,0.36,0
4,12,2,1,0.5152,0.22,0
4,13,2,1,0.5,0.23,0
4,14,2,1,0.5152,0.24,0
4,15,2,1,0.5303,0.21,0
4,16,2,1,0.5455,0.21,0
4,17,2,1,0.5303,0.21,0
4,18,2,1,0.5152,0.22,0
4,19,2,1,0.5,0.2,0
4,20,2,1,0.4545,0.28,0
4,21,2,1,0.4394,0.3,0
4,22,2,1,0.4091,0.37,0
4,23,2,1,0.3333,0.4,0
4,0,3,1,0.303,0.36,0
4,1,3,1,0.3182,0.39,0
4,2,3,1,0.303,0.45,0
4,3,3,1,0.2879,0.49,0
4,5,3,1,0.2727,0.56,0
4,6,3,1,0.2879,0.56,0
4,7,3,1,0.2879,0.52,0
4,8,3,1,0.2879,0.49,0
4,9,3,1,0.303,0.49,0
4,10,3,1,0.303,0.49,0
4,11,3,1,0.3939,0.43,0
4,12,3,1,0.3333,0.46,0
4,13,3,1,0.4091,0.4,0
4,14,3,1,0.3485,0.57,0
4,15,3,1,0.3939,0.46,0
4,16,3,1,0.4394,0.33,0
4,17,3,1,0.4242,0.35,0
4,18,3,1,0.4091,0.43,0
4,19,3,1,0.4091,0.4,0
4,20,3,1,0.3333,0.46,0
4,21,3,1,0.303,0.57,0
4,22,3,1,0.303,0.57,0
4,23,3,1,0.303,0.57,0
4,0,4,1,0.303,0.66,0
4,1,4,1,0.303,0.66,0
4,2,4,1,0.303,0.61,0
4,3,4,1,0.303,0.61,0
4,4,4,1,0.2879,0.61,0
4,5,4,1,0.2879,0.61,0
4,6,4,1,0.2879,0.65,0
4,7,4,1,0.2727,0.65,0
4,8,4,1,0.303,0.66,0
4,9,4,1,0.3333,0.57,0
4,10,4,1,0.4091,0.5,0
4,11,4,1,0.4242,0.47,0
4,12,4,1,0.4545,0.41,0
4,13,4,1,0.4697,0.36,0
4,14,4,1,0.4848,0.31,0
4,15,4,1,0.4697,0.31,0
4,16,4,1,0.4697,0.31,0
4,17,4,1,0.4848,0.27,0
4,18,4,1,0.4848,0.27,0
4,19,4,1,0.4545,0.31,0
4,20,4,1,0.4394,0.33,0
4,21,4,1,0.4242,0.35,0
4,22,4,1,0.4242,0.35,0
4,23,4,1,0.4242,0.35,0
4,0,5,1,0.4091,0.37,0
4,1,5,1,0.3485,0.46,0
4,2,5,1,0.3333,0.49,0
4,3,5,1,0.3333,0.61,0
4,4,5,1,0.3333,0.53,0
4,5,5,1,0.3333,0.53,0
4,6,5,1,0.3182,0.57,0
4,7,5,1,0.3182,0.61,0
4,8,5,1,0.3939,0.46,0
4,9,5,1,0.4242,0.41,0
4,10,5,1,0.4394,0.38,0
4,11,5,1,0.4545,0.36,0
4,12,5,1,0.4848,0.31,0
4,13,5,1,0.5,0.27,0
4,14,5,1,0.5,0.27,0
4,15,5,1,0.5152,0.28,0
4,16,5,1,0.5303,0.26,0
4,17,5,1,0.5303,0.24,0
4,18,5,1,0.5152,0.26,0
4,19,5,1,0.5152,0.24,0
4,20,5,1,0.4848,0.29,0
4,21,5,1,0.4848,0.36,0
4,22,5,1,0.4394,0.62,0
4,23,5,1,0.4242,0.62,0
4,0,6,0,0.4091,0.58,0
4,1,6,0,0.4091,0.58,0
4,2,6,0,0.3939,0.66,0
4,3,6,0,0.3636,0.66,0
4,4,6,0,0.3636,0.71,0
4,5,6,0,0.3636,0.66,0
4,6,6,0,0.3333,0.76,0
4,7,6,0,0.3636,0.71,0
4,8,6,0,0.3485,0.71,0
4,9,6,0,0.4242,0.54,0
4,10,6,0,0.4545,0.51,1
4,11,6,0,0.5,0.45,1
4,12,6,0,0.5455,0.35,1
4,13,6,0,0.6212,0.33,1
4,14,6,0,0.6212,0.27,1
4,15,6,0,0.6212,0.27,1
4,16,6,0,0.6212,0.27,1
4,17,6,0,0.6212,0.33,0
4,18,6,0,0.6212,0.35,0
4,19,6,0,0.6212,0.4,0
4,20,6,0,0.5303,0.46,0
4,21,6,0,0.5303,0.43,0
4,22,6,0,0.5152,0.52,0
4,23,6,0,0.5152,0.56,0
4,0,0,0,0.5152,0.56,0
4,1,0,0,0.5152,0.56,0
4,2,0,0,0.5152,0.56,0
4,3,0,0,0.5,0.59,0
4,4,0,0,0.5152,0.52,0
4,5,0,0,0.4848,0.68,0
4,6,0,0,0.4848,0.63,0
4,7,0,0,0.4848,0.63,0
4,8,0,0,0.5,0.59,0
4,9,0,0,0.5152,0.56,0
4,10,0,0,0.5455,0.53,1
4,11,0,0,0.6212,0.46,1
4,12,0,0,0.6212,0.44,1
4,13,0,0,0.6212,0.44,1
4,14,0,0,0.6364,0.39,1
4,15,0,0,0.6364,0.39,1
4,16,0,0,0.6515,0.39,1
4,17,0,0,0.6364,0.42,0
4,18,0,0,0.6364,0.42,0
4,19,0,0,0.6364,0.42,0
4,20,0,0,0.6212,0.5,0
4,21,0,0,0.6212,0.57,0
4,22,0,0,0.6364,0.44,0
4,23,0,0,0.6212,0.5,0
4,0,1,0,0.6212,0.53,0
4,1,1,0,0.6061,0.61,0
4,2,1,0,0.6061,0.64,0
4,3,1,0,0.5455,0.68,0
4,4,1,0,0.5152,0.77,0
4,5,1,0,0.5152,0.77,0
4,6,1,0,0.5,0.83,0
4,7,1,0,0.5,0.83,0
4,8,1,0,0.5303,0.83,0
4,9,1,0,0.6061,0.69,0
4,10,1,0,0.6061,0.69,1
4,11,1,0,0.6061,0.65,1
4,12,1,0,0.6364,0.57,1
4,13,1,0,0.6667,0.45,1
4,14,1,0,0.6818,0.45,1
4,15,1,0,0.697,0.33,1
4,16,1,0,0.697,0.33,1
4,17,1,0,0.697,0.33,0
4,18,1,0,0.697,0.31,0
4,19,1,0,0.6667,0.35,0
4,20,1,0,0.6515,0.37,0
4,21,1,0,0.6364,0.51,0
4,22,1,0,0.6364,0.51,0
4,23,1,0,0.6364,0.45,0
4,0,2,1,0.6212,0.54,0
4,1,2,1,0.6212,0.57,0
4,2,2,1,0.5303,0.83,0
4,3,2,1,0.5303,0.83,0
4,4,2,1,0.6212,0.44,0
4,5,2,1,0.6212,0.53,0
4,6,2,1,0.6212,0.46,0
4,7,2,1,0.6212,0.43,0
4,8,2,1,0.6212,0.43,0
4,9,2,1,0.6212,0.38,0
4,10,2,1,0.6212,0.38,0
4,11,2,1,0.6212,0.33,0
4,12,2,1,0.6212,0.33,0
4,13,2,1,0.6212,0.29,0
4,14,2,1,0.6212,0.27,0
4,15,2,1,0.6212,0.24,0
4,16,2,1,0.6212,0.22,0
4,17,2,1,0.6061,0.25,0
4,18,2,1,0.6061,0.25,0
4,19,2,1,0.6061,0.26,0
4,20,2,1,0.6061,0.23,0
4,21,2,1,0.5303,0.26,0
4,22,2,1,0.5152,0.3,0
4,23,2,1,0.5152,0.32,0
4,0,3,1,0.5152,0.32,0
4,1,3,1,0.5,0.34,0
4,2,3,1,0.4848,0.42,0
4,3,3,1,0.4848,0.42,0
4,4,3,1,0.4848,0.42,0
4,5,3,1,0.4848,0.39,0
4,6,3,1,0.4848,0.39,0
4,7,3,1,0.4848,0.39,0
4,8,3,1,0.4848,0.39,0
4,9,3,1,0.4697,0.44,0
4,10,3,1,0.4697,0.47,0
4,11,3,1,0.4545,0.47,0
4,12,3,1,0.4545,0.51,0
4,13,3,1,0.4545,0.59,0
4,14,3,1,0.4394,0.72,0
4,15,3,1,0.4242,0.77,0
4,16,3,1,0.4242,0.77,0
4,17,3,1,0.4242,0.77,0
4,18,3,1,0.4242,0.77,0
4,19,3,1,0.4242,0.77,0
4,20,3,1,0.4242,0.77,0
4,21,3,1,0.4242,0.82,0
4,22,3,1,0.4242,0.77,0
4,23,3,1,0.4242,0.77,0
4,0,4,1,0.4242,0.77,0
4,1,4,1,0.4242,0.77,0
4,2,4,1,0.4242,0.77,0
4,3,4,1,0.4242,0.77,0
4,4,4,1,0.4242,0.71,0
4,5,4,1,0.4091,0.82,0
4,6,4,1,0.4091,0.82,0
4,7,4,1,0.4091,0.82,0
4,8,4,1,0.4242,0.82,0
4,9,4,1,0.4545,0.72,0
4,10,4,1,0.4697,0.63,0
4,11,4,1,0.5,0.48,0
4,12,4,1,0.5152,0.49,0
4,13,4,1,0.5303,0.46,0
4,14,4,1,0.5455,0.43,0
4,15,4,1,0.6212,0.43,0
4,16,4,1,0.6212,0.41,0
4,17,4,1,0.6212,0.43,0
4,18,4,1,0.6212,0.43,0
4,19,4,1,0.5455,0.46,0
4,20,4,1,0.5303,0.49,0
4,21,4,1,0.5,0.55,0
4,22,4,1,0.5,0.59,0
4,23,4,1,0.4848,0.63,0
4,0,5,1,0.4697,0.67,0
4,1,5,1,0.4545,0.82,0
4,2,5,1,0.4394,0.88,0
4,3,5,1,0.4394,0.88,0
4,4,5,1,0.4242,0.94,0
4,5,5,1,0.4242,0.94,0
4,6,5,1,0.4242,0.88,0
4,7,5,1,0.4242,0.94,0
4,8,5,1,0.4394,0.94,0
4,9,5,1,0.4545,0.88,0
4,10,5,1,0.4848,0.77,0
4,11,5,1,0.5152,0.68,0
4,12,5,1,0.5455,0.53,0
4,13,5,1,0.6212,0.43,0
4,14,5,1,0.6212,0.44,0
4,15,5,1,0.6212,0.47,0
4,16,5,1,0.6212,0.44,0
4,17,5,1,0.6212,0.47,0
4,18,5,1,0.6212,0.5,0
4,19,5,1,0.6212,0.53,0
4,20,5,1,0.5455,0.56,0
4,21,5,1,0.5303,0.68,0
4,22,5,1,0.5152,0.68,0
4,23,5,1,0.5,0.72,0
4,0,6,0,0.5,0.77,0
4,1,6,0,0.5,0.77,0
4,2,6,0,0.5,0.77,0
4,3,6,0,0.4848,0.82,0
4,4,6,0,0.4848,0.82,0
4,5,6,0,0.4848,0.82,0
4,6,6,0,0.4848,0.82,0
4,7,6,0,0.4848,0.82,0
4,8,6,0,0.5,0.81,0
4,9,6,0,0.5152,0.77,0
4,10,6,0,0.6061,0.64,1
4,11,6,0,0.6061,0.61,1
4,12,6,0,0.6212,0.57,1
4,13,6,0,0.6212,0.54,1
4,14,6,0,0.6364,0.45,1
4,15,6,0,0.6515,0.39,1
4,16,6,0,0.6364,0.42,1
4,17,6,0,0.6515,0.3,0
4,18,6,0,0.6364,0.47,0
4,19,6,0,0.5303,0.73,0
4,20,6,0,0.4848,0.82,0
4,21,6,0,0.4848,0.82,0
4,22,6,0,0.4697,0.82,0
4,23,6,0,0.4545,0.82,0
4,0,0,0,0.4545,0.82,0
4,1,0,0,0.4545,0.82,0
4,2,0,0,0.4545,0.72,0
4,3,0,0,0.4394,0.82,0
4,4,0,0,0.4394,0.77,0
4,5,0,0,0.4394,0.77,0
4,6,0,0,0.4394,0.72,0
4,7,0,0,0.4242,0.77,0
4,8,0,0,0.4091,0.82,0
4,9,0,0,0.4091,0.82,0
4,10,0,0,0.3939,0.82,1
4,11,0,0,0.3939,0.87,1
4,12,0,0,0.3939,0.87,1
4,13,0,0,0.3939,0.82,1
4,14,0,0,0.3939,0.87,1
4,15,0,0,0.3939,0.87,1
4,16,0,0,0.3939,0.87,1
4,17,0,0,0.3182,0.93,0
4,18,0,0,0.3182,0.93,0
4,19,0,0,0.3182,0.87,0
4,20,0,0,0.3333,0.93,0
4,21,0,0,0.3333,0.87,0
4,22,0,0,0.2879,0.87,0
4,23,0,0,0.3182,0.81,0
4,0,1,1,0.3333,0.81,0
4,1,1,1,0.303,0.87,0
4,2,1,1,0.303,0.87,0
4,3,1,1,0.303,0.81,0
4,4,1,1,0.2879,0.81,0
4,5,1,1,0.2879,0.81,0
4,6,1,1,0.2727,0.81,0
4,7,1,1,0.2879,0.81,0
4,8,1,1,0.2727,0.75,0
4,9,1,1,0.2727,0.75,0
4,10,1,1,0.303,0.7,0
4,11,1,1,0.2879,0.7,0
4,12,1,1,0.303,0.71,0
4,13,1,1,0.303,0.66,0
4,14,1,1,0.3182,0.62,0
4,15,1,1,0.3333,0.62,0
4,16,1,1,0.2727,0.81,0
4,17,1,1,0.2727,0.82,0
4,18,1,1,0.3333,0.81,0
4,19,1,1,0.3182,0.76,0
4,20,1,1,0.3182,0.76,0
4,21,1,1,0.303,0.81,0
4,22,1,1,0.3182,0.76,0
4,23,1,1,0.3182,0.76,0
4,0,2,1,0.3333,0.76,0
4,1,2,1,0.3333,0.81,0
4,2,2,1,0.3182,0.81,0
4,3,2,1,0.303,0.81,0
4,4,2,1,0.2879,0.7,0
4,5,2,1,0.2879,0.7,0
4,6,2,1,0.2879,0.7,0
4,7,2,1,0.303,0.66,0
4,8,2,1,0.3182,0.61,0
4,9,2,1,0.4091,0.47,0
4,10,2,1,0.4242,0.47,0
4,11,2,1,0.4545,0.31,0
4,12,2,1,0.4697,0.29,0
4,13,2,1,0.4848,0.29,0
4,14,2,1,0.4848,0.25,0
4,15,2,1,0.4848,0.23,0
4,16,2,1,0.4848,0.23,0
4,17,2,1,0.5,0.22,0
4,18,2,1,0.4848,0.18,0
4,19,2,1,0.4848,0.18,0
4,20,2,1,0.4697,0.21,0
4,21,2,1,0.4545,0.28,0
4,22,2,1,0.4394,0.35,0
4,23,2,1,0.4242,0.38,0
4,0,3,1,0.4394,0.38,0
4,1,3,1,0.4242,0.41,0
4,2,3,1,0.3788,0.62,0
4,3,3,1,0.3333,0.7,0
4,4,3,1,0.3485,0.66,0
4,5,3,1,0.3636,0.66,0
4,6,3,1,0.3636,0.66,0
4,7,3,1,0.3636,0.71,0
4,8,3,1,0.3636,0.76,0
4,9,3,1,0.4242,0.54,0
4,10,3,1,0.5,0.34,0
4,11,3,1,0.5,0.32,0
4,12,3,1,0.5152,0.28,0
4,13,3,1,0.5303,0.26,0
4,14,3,1,0.5303,0.22,0
4,15,3,1,0.5455,0.19,0
4,16,3,1,0.5909,0.2,0
4,17,3,1,0.5909,0.2,0
4,18,3,1,0.5909,0.2,0
4,19,3,1,0.5909,0.2,0
4,20,3,1,0.5303,0.22,0
4,21,3,1,0.5,0.52,0
4,22,3,1,0.4848,0.51,0
4,23,3,1,0.4848,0.51,0
4,0,4,1,0.4697,0.63,0
4,1,4,1,0.4697,0.48,0
4,2,4,1,0.4697,0.55,0
4,3,4,1,0.4697,0.55,0
4,4,4,1,0.4697,0.59,0
4,5,4,1,0.4697,0.63,0
4,6,4,1,0.4697,0.63,0
4,7,4,1,0.4545,0.82,0
4,8,4,1,0.4545,0.82,0
4,9,4,1,0.4545,0.88,0
4,10,4,1,0.4545,0.94,0
4,11,4,1,0.4545,0.94,0
4,12,4,1,0.5,0.83,0
4,13,4,1,0.4848,0.82,0
4,14,4,1,0.5152,0.77,0
4,15,4,1,0.5,0.83,0
4,16,4,1,0.5,0.83,0
4,17,4,1,0.5152,0.77,0
4,18,4,1,0.5152,0.77,0
4,19,4,1,0.5152,0.77,0
4,20,4,1,0.5152,0.77,0
4,21,4,1,0.5,0.83,0
4,22,4,1,0.5,0.83,0
4,23,4,1,0.4848,0.88,0
4,0,5,1,0.5152,0.68,0
4,1,5,1,0.4848,0.59,0
4,2,5,1,0.4697,0.59,0
4,3,5,1,0.4394,0.47,0
4,4,5,1,0.4242,0.44,0
4,5,5,1,0.4242,0.44,0
4,6,5,1,0.4091,0.43,0
4,7,5,1,0.3939,0.5,0
4,8,5,1,0.4091,0.5,0
4,9,5,1,0.4242,0.44,0
4,10,5,1,0.4394,0.38,0
4,11,5,1,0.4394,0.38,0
4,12,5,1,0.4545,0.36,0
4,13,5,1,0.4545,0.33,0
4,14,5,1,0.4545,0.33,0
4,15,5,1,0.5,0.29,0
4,16,5,1,0.5,0.29,0
4,17,5,1,0.5152,0.24,0
4,18,5,1,0.5,0.25,0
4,19,5,1,0.4848,0.27,0
4,20,5,1,0.4545,0.31,0
4,21,5,1,0.4394,0.33,0
4,22,5,1,0.4242,0.38,0
4,23,5,1,0.4091,0.4,0
4,0,6,0,0.3939,0.43,0
4,1,6,0,0.3333,0.5,0
4,2,6,0,0.3485,0.43,0
4,3,6,0,0.3182,0.49,0
4,4,6,0,0.3333,0.49,0
4,5,6,0,0.3333,0.46,0
4,6,6,0,0.3333,0.49,0
4,7,6,0,0.3333,0.49,0
4,8,6,0,0.3939,0.4,0
4,9,6,0,0.3939,0.37,0
4,10,6,0,0.3939,0.4,1
4,11,6,0,0.3939,0.4,1
4,12,6,0,0.3939,0.43,1
4,13,6,0,0.4091,0.37,1
4,14,6,0,0.4242,0.38,1
4,15,6,0,0.4242,0.41,1
4,16,6,0,0.4394,0.38,1
4,17,6,0,0.4242,0.41,0
4,18,6,0,0.4091,0.47,0
4,19,6,0,0.3485,0.71,0
4,20,6,0,0.3939,0.66,0
4,21,6,0,0.3485,0.71,0
4,22,6,0,0.3485,0.71,0
4,23,6,0,0.3939,0.76,0
4,0,0,0,0.3485,0.81,0
4,1,0,0,0.3485,0.81,0
4,2,0,0,0.3636,0.87,0
4,3,0,0,0.3485,0.87,0
4,4,0,0,0.3485,0.87,0
4,5,0,0,0.3636,0.87,0
4,6,0,0,0.3333,0.87,0
4,7,0,0,0.3333,0.87,0
4,8,0,0,0.3939,0.76,0
4,9,0,0,0.4091,0.71,0
4,10,0,0,0.4242,0.67,1
4,11,0,0,0.4545,0.51,1
4,12,0,0,0.4697,0.44,1
4,13,0,0,0.4848,0.45,1
4,14,0,0,0.5152,0.34,1
4,15,0,0,0.5303,0.37,1
4,16,0,0,0.6061,0.28,1
4,17,0,0,0.6061,0.27,0
4,18,0,0,0.6061,0.26,0
4,19,0,0,0.5303,0.35,0
4,20,0,0,0.5303,0.32,0
4,21,0,0,0.5,0.48,0
4,22,0,0,0.4848,0.45,0
4,23,0,0,0.4697,0.59,0
4,0,1,1,0.4394,0.72,0
4,1,1,1,0.4242,0.77,0
4,2,1,1,0.4242,0.71,0
4,3,1,1,0.4091,0.76,0
4,4,1,1,0.3939,0.62,0
4,5,1,1,0.3939,0.62,0
4,6,1,1,0.4091,0.47,0
4,7,1,1,0.4091,0.5,0
4,8,1,1,0.4091,0.43,0
4,9,1,1,0.4091,0.43,0
4,10,1,1,0.4242,0.41,0
4,11,1,1,0.4394,0.44,0
4,12,1,1,0.4394,0.47,0
4,13,1,1,0.4697,0.51,0
4,14,1,1,0.4848,0.55,0
4,15,1,1,0.5,0.55,0
4,16,1,1,0.5303,0.6,0
4,17,1,1,0.5303,0.6,0
4,18,1,1,0.5303,0.6,0
4,19,1,1,0.5152,0.64,0
4,20,1,1,0.5,0.59,0
4,21,1,1,0.5,0.59,0
4,22,1,1,0.5,0.55,0
4,23,1,1,0.5,0.55,0
5,0,2,1,0.4848,0.59,0
5,1,2,1,0.4848,0.63,0
5,2,2,1,0.4848,0.72,0
5,3,2,1,0.4848,0.77,0
5,4,2,1,0.5,0.72,0
5,5,2,1,0.5,0.72,0
5,6,2,1,0.5,0.77,0
5,7,2,1,0.4848,0.94,0
5,8,2,1,0.5,0.94,0
5,9,2,1,0.5152,0.88,0
5,10,2,1,0.5909,0.78,0
5,11,2,1,0.6212,0.65,0
5,12,2,1,0.6515,0.58,0
5,13,2,1,0.6667,0.51,0
5,14,2,1,0.6667,0.48,0
5,15,2,1,0.6667,0.45,0
5,16,2,1,0.6667,0.45,0
5,17,2,1,0.6667,0.48,0
5,18,2,1,0.6515,0.54,0
5,19,2,1,0.6515,0.54,0
5,20,2,1,0.6212,0.61,0
5,21,2,1,0.6061,0.65,0
5,22,2,1,0.6061,0.65,0
5,23,2,1,0.5758,0.78,0
5,0,3,1,0.5758,0.78,0
5,1,3,1,0.5303,0.83,0
5,2,3,1,0.5303,0.83,0
5,3,3,1,0.5303,0.83,0
5,4,3,1,0.5152,0.88,0
5,5,3,1,0.5152,0.9,0
5,6,3,1,0.5303,0.84,0
5,7,3,1,0.5152,0.88,0
5,8,3,1,0.5303,0.88,0
5,9,3,1,0.5303,0.88,0
5,10,3,1,0.5455,0.83,0
5,11,3,1,0.5455,0.81,0
5,12,3,1,0.5455,0.83,0
5,13,3,1,0.5455,0.78,0
5,14,3,1,0.6061,0.69,0
5,15,3,1,0.6061,0.65,0
5,16,3,1,0.6061,0.65,0
5,17,3,1,0.5909,0.73,0
5,18,3,1,0.5303,0.73,0
5,19,3,1,0.5152,0.77,0
5,20,3,1,0.5,0.77,0
5,21,3,1,0.5,0.77,0
5,22,3,1,0.4848,0.82,0
5,23,3,1,0.4848,0.77,0
5,0,4,1,0.4697,0.82,0
5,1,4,1,0.4545,0.88,0
5,2,4,1,0.4545,0.88,0
5,3,4,1,0.4545,0.88,0
5,4,4,1,0.4545,0.88,0
5,5,4,1,0.4545,0.88,0
5,6,4,1,0.4545,0.88,0
5,7,4,1,0.4394,0.94,0
5,8,4,1,0.4545,0.88,0
5,9,4,1,0.4697,0.88,0
5,10,4,1,0.5,0.77,0
5,11,4,1,0.5152,0.77,0
5,12,4,1,0.5303,0.73,0
5,13,4,1,0.5909,0.69,0
5,14,4,1,0.6061,0.65,0
5,15,4,1,0.6212,0.61,0
5,16,4,1,0.6364,0.57,0
5,17,4,1,0.6667,0.54,0
5,18,4,1,0.6667,0.58,0
5,19,4,1,0.6515,0.61,0
5,20,4,1,0.6061,0.73,0
5,21,4,1,0.5909,0.78,0
5,22,4,1,0.5909,0.78,0
5,23,4,1,0.5606,0.83,0
5,0,5,1,0.5758,0.78,0
5,1,5,1,0.5758,0.78,0
5,2,5,1,0.5455,0.83,0
5,3,5,1,0.5303,0.88,0
5,4,5,1,0.5303,0.88,0
5,5,5,1,0.5303,0.88,0
5,6,5,1,0.5152,0.94,0
5,7,5,1,0.5303,0.88,0
5,8,5,1,0.5303,0.88,0
5,9,5,1,0.5758,0.78,0
5,10,5,1,0.5909,0.73,0
5,11,5,1,0.6515,0.61,0
5,12,5,1,0.5909,0.78,0
5,13,5,1,0.6061,0.73,0
5,14,5,1,0.6212,0.74,0
5,15,5,1,0.6818,0.62,0
5,16,5,1,0.6818,0.48,0
5,17,5,1,0.6515,0.54,0
5,18,5,1,0.6515,0.54,0
5,19,5,1,0.6515,0.51,0
5,20,5,1,0.6364,0.51,0
5,21,5,1,0.6061,0.69,0
5,22,5,1,0.5606,0.83,0
5,23,5,1,0.5606,0.83,0
5,0,6,0,0.5606,0.83,0
5,1,6,0,0.5606,0.83,0
5,2,6,0,0.5455,0.88,0
5,3,6,0,0.5455,0.83,0
5,4,6,0,0.5303,0.88,0
5,5,6,0,0.5303,0.88,0
5,6,6,0,0.5152,0.94,0
5,7,6,0,0.5303,0.88,0
5,8,6,0,0.5455,0.83,0
5,9,6,0,0.5909,0.78,0
5,10,6,0,0.6212,0.65,1
5,11,6,0,0.6515,0.58,1
5,12,6,0,0.6667,0.58,1
5,13,6,0,0.6818,0.55,1
5,14,6,0,0.6515,0.61,1
5,15,6,0,0.6212,0.74,1
5,16,6,0,0.6364,0.65,1
5,17,6,0,0.6364,0.65,0
5,18,6,0,0.6212,0.69,0
5,19,6,0,0.5909,0.73,0
5,20,6,0,0.5758,0.78,0
5,21,6,0,0.5455,0.78,0
5,22,6,0,0.5455,0.78,0
5,23,6,0,0.5303,0.83,0
5,0,0,0,0.5303,0.83,0
5,1,0,0,0.5152,0.83,0
5,2,0,0,0.5152,0.83,0
5,3,0,0,0.5152,0.83,0
5,4,0,0,0.5,0.83,0
5,5,0,0,0.5,0.83,0
5,6,0,0,0.5,0.83,0
5,7,0,0,0.5,0.83,0
5,8,0,0,0.4848,0.88,0
5,9,0,0,0.5,0.83,0
5,10,0,0,0.5152,0.77,1
5,11,0,0,0.5303,0.73,1
5,12,0,0,0.6061,0.64,1
5,13,0,0,0.6061,0.64,1
5,14,0,0,0.6061,0.64,1
5,15,0,0,0.6061,0.61,1
5,16,0,0,0.6061,0.61,1
5,17,0,0,0.6061,0.65,0
5,18,0,0,0.6061,0.61,0
5,19,0,0,0.6061,0.64,0
5,20,0,0,0.6061,0.64,0
5,21,0,0,0.5303,0.73,0
5,22,0,0,0.5303,0.73,0
5,23,0,0,0.5,0.77,0
5,0,1,1,0.5,0.77,0
5,1,1,1,0.5,0.77,0
5,2,1,1,0.4848,0.77,0
5,3,1,1,0.4848,0.77,0
5,4,1,1,0.4545,0.88,0
5,5,1,1,0.4545,0.88,0
5,6,1,1,0.4545,0.88,0
5,7,1,1,0.4697,0.82,0
5,8,1,1,0.4848,0.82,0
5,9,1,1,0.4848,0.82,0
5,10,1,1,0.5,0.77,0
5,11,1,1,0.5152,0.73,0
5,12,1,1,0.5303,0.68,0
5,13,1,1,0.6212,0.53,0
5,14,1,1,0.6212,0.5,0
5,15,1,1,0.6212,0.53,0
5,16,1,1,0.6212,0.53,0
5,17,1,1,0.6212,0.53,0
5,18,1,1,0.6212,0.53,0
5,19,1,1,0.5455,0.56,0
5,20,1,1,0.5152,0.52,0
5,21,1,1,0.5152,0.45,0
5,22,1,1,0.5152,0.45,0
5,23,1,1,0.5152,0.45,0
5,0,2,1,0.5,0.52,0
5,1,2,1,0.5,0.59,0
5,2,2,1,0.5,0.63,0
5,3,2,1,0.5,0.68,0
5,4,2,1,0.5,0.68,0
5,5,2,1,0.5,0.72,0
5,6,2,1,0.4848,0.77,0
5,7,2,1,0.5,0.72,0
5,8,2,1,0.5152,0.73,0
5,9,2,1,0.5303,0.68,0
5,10,2,1,0.5455,0.68,0
5,11,2,1,0.6061,0.64,0
5,12,2,1,0.6061,0.65,0
5,13,2,1,0.6061,0.65,0
5,14,2,1,0.6061,0.69,0
5,15,2,1,0.5909,0.73,0
5,16,2,1,0.6061,0.73,0
5,17,2,1,0.6061,0.69,0
5,18,2,1,0.6061,0.69,0
5,19,2,1,0.6061,0.69,0
5,20,2,1,0.6061,0.69,0
5,21,2,1,0.6061,0.65,0
5,22,2,1,0.5758,0.78,0
5,23,2,1,0.5758,0.78,0
5,0,3,1,0.5455,0.83,0
5,1,3,1,0.5758,0.78,0
5,2,3,1,0.5303,0.88,0
5,3,3,1,0.5303,0.88,0
5,4,3,1,0.5303,0.88,0
5,5,3,1,0.5303,0.88,0
5,6,3,1,0.5303,0.88,0
5,7,3,1,0.5303,0.94,0
5,8,3,1,0.5606,0.83,0
5,9,3,1,0.5606,0.83,0
5,10,3,1,0.6061,0.65,0
5,11,3,1,0.6212,0.59,0
5,12,3,1,0.6212,0.57,0
5,13,3,1,0.6212,0.53,0
5,14,3,1,0.6212,0.53,0
5,15,3,1,0.6212,0.53,0
5,16,3,1,0.6212,0.5,0
5,17,3,1,0.6212,0.53,0
5,18,3,1,0.5,0.77,0
5,19,3,1,0.4848,0.77,0
5,20,3,1,0.4848,0.82,0
5,21,3,1,0.4848,0.82,0
5,22,3,1,0.4697,0.82,0
5,23,3,1,0.4697,0.82,0
5,0,4,1,0.4848,0.77,0
5,1,4,1,0.4697,0.88,0
5,2,4,1,0.4697,0.88,0
5,3,4,1,0.4545,0.88,0
5,4,4,1,0.4545,0.77,0
5,5,4,1,0.4545,0.72,0
5,6,4,1,0.4394,0.72,0
5,7,4,1,0.4394,0.72,0
5,8,4,1,0.4545,0.67,0
5,9,4,1,0.4848,0.59,0
5,10,4,1,0.4848,0.51,0
5,11,4,1,0.5,0.48,0
5,12,4,1,0.5,0.48,0
5,13,4,1,0.5152,0.39,0
5,14,4,1,0.5303,0.37,0
5,15,4,1,0.5152,0.37,0
5,16,4,1,0.5455,0.3,0
5,17,4,1,0.6212,0.31,0
5,18,4,1,0.5303,0.35,0
5,19,4,1,0.5152,0.37,0
5,20,4,1,0.5,0.4,0
5,21,4,1,0.4848,0.42,0
5,22,4,1,0.4848,0.42,0
5,23,4,1,0.4697,0.48,0
5,0,5,1,0.4545,0.55,0
5,1,5,1,0.4545,0.51,0
5,2,5,1,0.4545,0.44,0
5,3,5,1,0.4545,0.41,0
5,4,5,1,0.4242,0.5,0
5,5,5,1,0.4242,0.47,0
5,6,5,1,0.4242,0.5,0
5,7,5,1,0.4242,0.5,0
5,8,5,1,0.4545,0.44,0
5,9,5,1,0.4697,0.41,0
5,10,5,1,0.5,0.36,0
5,11,5,1,0.5303,0.35,0
5,12,5,1,0.5303,0.28,0
5,13,5,1,0.6061,0.26,0
5,14,5,1,0.6061,0.23,0
5,15,5,1,0.6061,0.25,0
5,16,5,1,0.6061,0.25,0
5,17,5,1,0.6061,0.23,0
5,18,5,1,0.6061,0.23,0
5,19,5,1,0.6061,0.23,0
5,20,5,1,0.6061,0.25,0
5,21,5,1,0.6061,0.28,0
5,22,5,1,0.5303,0.35,0
5,23,5,1,0.5152,0.37,0
5,0,6,0,0.5,0.42,0
5,1,6,0,0.4848,0.48,0
5,2,6,0,0.4545,0.59,0
5,3,6,0,0.4697,0.59,0
5,4,6,0,0.4394,0.67,0
5,5,6,0,0.4242,0.67,0
5,6,6,0,0.4242,0.67,0
5,7,6,0,0.4242,0.71,0
5,8,6,0,0.5,0.48,0
5,9,6,0,0.5152,0.49,0
5,10,6,0,0.5303,0.49,1
5,11,6,0,0.6212,0.41,1
5,12,6,0,0.6212,0.36,1
5,13,6,0,0.6212,0.36,1
5,14,6,0,0.6212,0.36,1
5,15,6,0,0.6212,0.24,1
5,16,6,0,0.6364,0.21,1
5,17,6,0,0.6212,0.36,0
5,18,6,0,0.6212,0.31,0
5,19,6,0,0.6212,0.36,0
5,20,6,0,0.6212,0.46,0
5,21,6,0,0.6061,0.6,0
5,22,6,0,0.5303,0.68,0
5,23,6,0,0.5455,0.56,0
5,0,0,0,0.5303,0.64,0
5,1,0,0,0.5152,0.68,0
5,2,0,0,0.5152,0.68,0
5,3,0,0,0.5152,0.64,0
5,4,0,0,0.5152,0.68,0
5,5,0,0,0.5,0.72,0
5,6,0,0,0.5,0.68,0
5,7,0,0,0.5,0.68,0
5,8,0,0,0.5303,0.64,0
5,9,0,0,0.6212,0.56,0
5,10,0,0,0.6061,0.6,1
5,11,0,0,0.6212,0.57,1
5,12,0,0,0.6212,0.57,1
5,13,0,0,0.6364,0.54,1
5,14,0,0,0.6515,0.48,1
5,15,0,0,0.6515,0.45,1
5,16,0,0,0.6515,0.42,1
5,17,0,0,0.6364,0.45,0
5,18,0,0,0.6364,0.44,0
5,19,0,0,0.6212,0.5,0
5,20,0,0,0.6212,0.5,0
5,21,0,0,0.6212,0.53,0
5,22,0,0,0.6061,0.61,0
5,23,0,0,0.6212,0.57,0
5,0,1,1,0.6212,0.56,0
5,1,1,1,0.6061,0.6,0
5,2,1,1,0.6061,0.6,0
5,3,1,1,0.5455,0.68,0
5,4,1,1,0.5152,0.77,0
5,5,1,1,0.5152,0.77,0
5,6,1,1,0.5,0.94,0
5,7,1,1,0.5,0.94,0
5,8,1,1,0.5152,0.88,0
5,9,1,1,0.5152,0.88,0
5,10,1,1,0.5152,0.88,0
5,11,1,1,0.5303,0.83,0
5,12,1,1,0.5303,0.88,0
5,13,1,1,0.5909,0.73,0
5,14,1,1,0.5909,0.73,0
5,15,1,1,0.5909,0.73,0
5,16,1,1,0.6061,0.69,0
5,17,1,1,0.5303,0.88,0
5,18,1,1,0.5455,0.83,0
5,19,1,1,0.5455,0.88,0
5,20,1,1,0.5455,0.88,0
5,21,1,1,0.5455,0.83,0
5,22,1,1,0.5455,0.78,0
5,23,1,1,0.5455,0.78,0
5,0,2,1,0.5303,0.88,0
5,1,2,1,0.5303,0.88,0
5,2,2,1,0.5303,0.88,0
5,3,2,1,0.5455,0.83,0
5,4,2,1,0.5303,0.94,0
5,5,2,1,0.5303,0.94,0
5,6,2,1,0.5303,0.94,0
5,7,2,1,0.5303,0.94,0
5,8,2,1,0.5455,0.88,0
5,9,2,1,0.5455,0.88,0
5,10,2,1,0.5909,0.78,0
5,11,2,1,0.5909,0.78,0
5,12,2,1,0.6061,0.73,0
5,13,2,1,0.6061,0.73,0
5,14,2,1,0.6061,0.73,0
5,15,2,1,0.6515,0.61,0
5,16,2,1,0.6364,0.65,0
5,17,2,1,0.6364,0.65,0
5,18,2,1,0.6515,0.61,0
5,19,2,1,0.6212,0.69,0
5,20,2,1,0.6061,0.73,0
5,21,2,1,0.6061,0.73,0
5,22,2,1,0.5455,0.78,0
5,23,2,1,0.5303,0.88,0
5,0,3,1,0.5455,0.88,0
5,1,3,1,0.5455,0.88,0
5,2,3,1,0.5303,0.94,0
5,3,3,1,0.5303,0.88,0
5,4,3,1,0.5152,0.94,0
5,5,3,1,0.5152,0.94,0
5,6,3,1,0.5152,0.94,0
5,7,3,1,0.5303,0.83,0
5,8,3,1,0.5455,0.83,0
5,9,3,1,0.5758,0.78,0
5,10,3,1,0.6212,0.61,0
5,11,3,1,0.6515,0.54,0
5,12,3,1,0.6515,0.54,0
5,13,3,1,0.6515,0.42,0
5,14,3,1,0.6515,0.42,0
5,15,3,1,0.6667,0.48,0
5,16,3,1,0.6515,0.45,0
5,17,3,1,0.6667,0.51,0
5,18,3,1,0.6667,0.51,0
5,19,3,1,0.6515,0.54,0
5,20,3,1,0.6212,0.65,0
5,21,3,1,0.6061,0.73,0
5,22,3,1,0.6061,0.73,0
5,23,3,1,0.5909,0.78,0
5,0,4,1,0.5758,0.78,0
5,1,4,1,0.5606,0.83,0
5,2,4,1,0.5758,0.78,0
5,3,4,1,0.5909,0.73,0
5,4,4,1,0.6061,0.64,0
5,5,4,1,0.5303,0.68,0
5,6,4,1,0.5152,0.73,0
5,7,4,1,0.5152,0.73,0
5,8,4,1,0.5,0.55,0
5,9,4,1,0.5152,0.52,0
5,10,4,1,0.5303,0.52,0
5,11,4,1,0.5455,0.49,0
5,12,4,1,0.6212,0.43,0
5,13,4,1,0.6212,0.41,0
5,14,4,1,0.6212,0.38,0
5,15,4,1,0.6212,0.36,0
5,16,4,1,0.6212,0.31,0
5,17,4,1,0.6212,0.31,0
5,18,4,1,0.6212,0.27,0
5,19,4,1,0.6212,0.31,0
5,20,4,1,0.6212,0.4,0
5,21,4,1,0.5455,0.4,0
5,22,4,1,0.5303,0.43,0
5,23,4,1,0.5152,0.49,0
5,0,5,1,0.5,0.59,0
5,1,5,1,0.4848,0.59,0
5,2,5,1,0.4697,0.67,0
5,3,5,1,0.4545,0.72,0
5,4,5,1,0.4545,0.77,0
5,5,5,1,0.4545,0.77,0
5,6,5,1,0.4394,0.77,0
5,7,5,1,0.4545,0.82,0
5,8,5,1,0.5,0.59,0
5,9,5,1,0.5303,0.56,0
5,10,5,1,0.6212,0.46,0
5,11,5,1,0.6212,0.43,0
5,12,5,1,0.6212,0.41,0
5,13,5,1,0.6212,0.36,0
5,14,5,1,0.6212,0.34,0
5,15,5,1,0.6212,0.36,0
5,16,5,1,0.6212,0.34,0
5,17,5,1,0.6212,0.34,0
5,18,5,1,0.6212,0.38,0
5,19,5,1,0.6212,0.41,0
5,20,5,1,0.6212,0.41,0
5,21,5,1,0.6212,0.4,0
5,22,5,1,0.5303,0.52,0
5,23,5,1,0.5,0.55,0
5,0,6,0,0.5,0.48,0
5,1,6,0,0.4848,0.48,0
5,2,6,0,0.4848,0.51,0
5,3,6,0,0.4848,0.48,0
5,4,6,0,0.4697,0.59,0
5,5,6,0,0.4545,0.67,0
5,6,6,0,0.4394,0.72,0
5,7,6,0,0.4545,0.67,0
5,8,6,0,0.5,0.52,0
5,9,6,0,0.5303,0.43,0
5,10,6,0,0.5303,0.43,1
5,11,6,0,0.6212,0.38,1
5,12,6,0,0.6212,0.36,1
5,13,6,0,0.6364,0.37,1
5,14,6,0,0.6515,0.3,1
5,15,6,0,0.6515,0.3,1
5,16,6,0,0.6515,0.3,1
5,17,6,0,0.6515,0.3,0
5,18,6,0,0.6515,0.33,0
5,19,6,0,0.6364,0.39,0
5,20,6,0,0.6364,0.41,0
5,21,6,0,0.6212,0.5,0
5,22,6,0,0.6212,0.47,0
5,23,6,0,0.6212,0.56,0
5,0,0,0,0.5455,0.53,0
5,1,0,0,0.5303,0.52,0
5,2,0,0,0.5303,0.52,0
5,3,0,0,0.5152,0.56,0
5,4,0,0,0.5,0.68,0
5,5,0,0,0.4848,0.72,0
5,6,0,0,0.4848,0.63,0
5,7,0,0,0.5,0.68,0
5,8,0,0,0.5303,0.56,0
5,9,0,0,0.6212,0.32,0
5,10,0,0,0.6212,0.34,1
5,11,0,0,0.6212,0.36,1
5,12,0,0,0.6364,0.36,1
5,13,0,0,0.6364,0.37,1
5,14,0,0,0.6515,0.39,1
5,15,0,0,0.6364,0.39,1
5,16,0,0,0.6515,0.42,1
5,17,0,0,0.6515,0.45,0
5,18,0,0,0.6515,0.51,0
5,19,0,0,0.6212,0.61,0
5,20,0,0,0.6212,0.61,0
5,21,0,0,0.6061,0.69,0
5,22,0,0,0.5909,0.73,0
5,23,0,0,0.5758,0.78,0
5,0,1,1,0.5455,0.88,0
5,1,1,1,0.5455,0.88,0
5,2,1,1,0.5303,0.94,0
5,3,1,1,0.5303,0.88,0
5,4,1,1,0.5303,0.88,0
5,5,1,1,0.5303,0.88,0
5,6,1,1,0.5303,0.88,0
5,7,1,1,0.5303,0.88,0
5,8,1,1,0.5303,0.88,0
5,9,1,1,0.5303,0.88,0
5,10,1,1,0.5455,0.88,0
5,11,1,1,0.5606,0.83,0
5,12,1,1,0.5606,0.83,0
5,13,1,1,0.5606,0.83,0
5,14,1,1,0.5606,0.83,0
5,15,1,1,0.6061,0.73,0
5,16,1,1,0.6061,0.73,0
5,17,1,1,0.6212,0.69,0
5,18,1,1,0.6061,0.73,0
5,19,1,1,0.6212,0.69,0
5,20,1,1,0.6061,0.69,0
5,21,1,1,0.6061,0.69,0
5,22,1,1,0.5909,0.73,0
5,23,1,1,0.5909,0.73,0
5,0,2,1,0.5455,0.83,0
5,1,2,1,0.5455,0.83,0
5,2,2,1,0.5455,0.83,0
5,3,2,1,0.5455,0.83,0
5,4,2,1,0.5303,0.88,0
5,5,2,1,0.5303,0.88,0
5,6,2,1,0.5303,0.88,0
5,7,2,1,0.5303,0.88,0
5,8,2,1,0.5303,0.88,0
5,9,2,1,0.5606,0.83,0
5,10,2,1,0.5758,0.78,0
5,11,2,1,0.5758,0.78,0
5,12,2,1,0.5909,0.78,0
5,13,2,1,0.6061,0.73,0
5,14,2,1,0.6061,0.73,0
5,15,2,1,0.6515,0.61,0
5,16,2,1,0.6364,0.61,0
5,17,2,1,0.6667,0.54,0
5,18,2,1,0.6364,0.61,0
5,19,2,1,0.6212,0.69,0
5,20,2,1,0.6061,0.73,0
5,21,2,1,0.5909,0.78,0
5,22,2,1,0.5909,0.73,0
5,23,2,1,0.5909,0.73,0
5,0,3,1,0.5909,0.78,0
5,1,3,1,0.5606,0.83,0
5,2,3,1,0.5606,0.83,0
5,3,3,1,0.5758,0.78,0
5,4,3,1,0.5455,0.83,0
5,5,3,1,0.5303,0.88,0
5,6,3,1,0.5303,0.88,0
5,7,3,1,0.5455,0.83,0
5,8,3,1,0.5455,0.83,0
5,9,3,1,0.5909,0.78,0
5,10,3,1,0.5909,0.78,0
5,11,3,1,0.6061,0.73,0
5,12,3,1,0.6212,0.69,0
5,13,3,1,0.6212,0.74,0
5,14,3,1,0.6364,0.65,0
5,15,3,1,0.6515,0.61,0
5,16,3,1,0.6515,0.61,0
5,17,3,1,0.6061,0.69,0
5,18,3,1,0.6061,0.69,0
5,19,3,1,0.5758,0.83,0
5,20,3,1,0.5758,0.83,0
5,21,3,1,0.5758,0.83,0
5,22,3,1,0.5758,0.83,0
5,23,3,1,0.5606,0.83,0
5,0,4,1,0.5606,0.83,0
5,1,4,1,0.5455,0.88,0
5,2,4,1,0.5455,0.88,0
5,3,4,1,0.5455,0.88,0
5,4,4,1,0.5455,0.88,0
5,5,4,1,0.5455,0.88,0
5,6,4,1,0.5455,0.88,0
5,7,4,1,0.5606,0.83,0
5,8,4,1,0.5909,0.73,0
5,9,4,1,0.5909,0.73,0
5,10,4,1,0.6061,0.65,0
5,11,4,1,0.6212,0.65,0
5,12,4,1,0.6515,0.58,0
5,13,4,1,0.6667,0.54,0
5,14,4,1,0.6818,0.55,0
5,15,4,1,0.6818,0.55,0
5,16,4,1,0.6818,0.55,0
5,17,4,1,0.6818,0.55,0
5,18,4,1,0.6667,0.54,0
5,19,4,1,0.6515,0.61,0
5,20,4,1,0.6212,0.69,0
5,21,4,1,0.5909,0.78,0
5,22,4,1,0.5909,0.78,0
5,23,4,1,0.5909,0.78,0
5,0,5,1,0.5758,0.83,0
5,1,5,1,0.5758,0.83,0
5,2,5,1,0.5758,0.83,0
5,3,5,1,0.5606,0.88,0
5,4,5,1,0.5606,0.88,0
5,5,5,1,0.5606,0.88,0
5,6,5,1,0.5606,0.88,0
5,7,5,1,0.5606,0.88,0
5,8,5,1,0.5758,0.89,0
5,9,5,1,0.5758,0.89,0
5,10,5,1,0.6364,0.79,0
5,11,5,1,0.6364,0.79,0
5,12,5,1,0.6818,0.66,0
5,13,5,1,0.6818,0.62,0
5,14,5,1,0.6818,0.58,0
5,15,5,1,0.7121,0.62,0
5,16,5,1,0.7121,0.52,0
5,17,5,1,0.7121,0.62,0
5,18,5,1,0.7121,0.62,0
5,19,5,1,0.6818,0.62,0
5,20,5,1,0.6515,0.65,0
5,21,5,1,0.6515,0.65,0
5,22,5,1,0.6212,0.74,0
5,23,5,1,0.6061,0.78,0
5,0,6,0,0.5758,0.83,0
5,1,6,0,0.5758,0.83,0
5,2,6,0,0.5758,0.89,0
5,3,6,0,0.5606,0.88,0
5,4,6,0,0.5606,0.88,0
5,5,6,0,0.5758,0.83,0
5,6,6,0,0.5606,0.88,0
5,7,6,0,0.5606,0.88,0
5,8,6,0,0.5909,0.78,0
5,9,6,0,0.5758,0.83,0
5,10,6,0,0.6364,0.79,1
5,11,6,0,0.6667,0.74,1
5,12,6,0,0.697,0.66,1
5,13,6,0,0.7273,0.66,1
5,14,6,0,0.7273,0.66,1
5,15,6,0,0.7273,0.66,1
5,16,6,0,0.7273,0.55,1
5,17,6,0,0.7121,0.52,0
5,18,6,0,0.697,0.52,0
5,19,6,0,0.697,0.66,0
5,20,6,0,0.6818,0.55,0
5,21,6,0,0.6818,0.62,0
5,22,6,0,0.6667,0.74,0
5,23,6,0,0.6667,0.74,0
5,0,0,0,0.6364,0.69,0
5,1,0,0,0.6212,0.74,0
5,2,0,0,0.6061,0.73,0
5,3,0,0,0.6061,0.73,0
5,4,0,0,0.5758,0.83,0
5,5,0,0,0.5758,0.83,0
5,6,0,0,0.5758,0.83,0
5,7,0,0,0.5606,0.88,0
5,8,0,0,0.5758,0.83,0
5,9,0,0,0.6061,0.83,0
5,10,0,0,0.6364,0.74,1
5,11,0,0,0.6818,0.66,1
5,12,0,0,0.697,0.66,1
5,13,0,0,0.7121,0.58,1
5,14,0,0,0.7121,0.58,1
5,15,0,0,0.7121,0.52,1
5,16,0,0,0.7121,0.52,1
5,17,0,0,0.7121,0.49,0
5,18,0,0,0.7121,0.58,0
5,19,0,0,0.7121,0.58,0
5,20,0,0,0.6818,0.55,0
5,21,0,0,0.6212,0.69,0
5,22,0,0,0.5758,0.83,0
5,23,0,0,0.5758,0.83,0
5,0,1,0,0.5758,0.83,0
5,1,1,0,0.5909,0.78,0
5,2,1,0,0.5606,0.83,0
5,3,1,0,0.5909,0.73,0
5,4,1,0,0.5758,0.78,0
5,5,1,0,0.5758,0.78,0
5,6,1,0,0.5909,0.73,0
5,7,1,0,0.5909,0.78,0
5,8,1,0,0.6212,0.69,0
5,9,1,0,0.6515,0.61,0
5,10,1,0,0.6515,0.61,1
5,11,1,0,0.6818,0.66,1
5,12,1,0,0.7121,0.62,1
5,13,1,0,0.7879,0.63,1
5,14,1,0,0.7879,0.63,1
5,15,1,0,0.7879,0.56,1
5,16,1,0,0.7879,0.56,1
5,17,1,0,0.7879,0.56,0
5,18,1,0,0.7727,0.59,0
5,19,1,0,0.7576,0.55,0
5,20,1,0,0.7424,0.62,0
5,21,1,0,0.7273,0.66,0
5,22,1,0,0.697,0.7,0
5,23,1,0,0.697,0.74,0
5,0,2,1,0.6667,0.79,0
5,1,2,1,0.6667,0.79,0
5,2,2,1,0.6364,0.83,0
5,3,2,1,0.6364,0.79,0
5,4,2,1,0.6061,0.78,0
5,5,2,1,0.6061,0.78,0
5,6,2,1,0.6061,0.78,0
5,7,2,1,0.6061,0.78,0
5,8,2,1,0.6667,0.74,0
5,9,2,1,0.6818,0.7,0
5,10,2,1,0.697,0.7,0
5,11,2,1,0.7121,0.62,0
5,12,2,1,0.7576,0.55,0
5,13,2,1,0.7727,0.52,0
5,14,2,1,0.7727,0.52,0
5,15,2,1,0.7727,0.49,0
5,16,2,1,0.7727,0.49,0
5,17,2,1,0.7576,0.46,0
5,18,2,1,0.7424,0.49,0
5,19,2,1,0.7121,0.52,0
5,20,2,1,0.6515,0.61,0
5,21,2,1,0.5455,0.88,0
5,22,2,1,0.5606,0.88,0
5,23,2,1,0.5455,0.94,0
5,0,3,1,0.5758,0.89,0
5,1,3,1,0.5758,0.89,0
5,2,3,1,0.5455,0.94,0
5,3,3,1,0.5606,0.88,0
5,4,3,1,0.5606,0.88,0
5,5,3,1,0.5909,0.78,0
5,6,3,1,0.5758,0.78,0
5,7,3,1,0.5758,0.78,0
5,8,3,1,0.5909,0.73,0
5,9,3,1,0.6061,0.69,0
5,10,3,1,0.6061,0.69,0
5,11,3,1,0.6212,0.65,0
5,12,3,1,0.6515,0.54,0
5,13,3,1,0.6515,0.51,0
5,14,3,1,0.6515,0.42,0
5,15,3,1,0.6667,0.51,0
5,16,3,1,0.6667,0.51,0
5,17,3,1,0.6667,0.48,0
5,18,3,1,0.6667,0.48,0
5,19,3,1,0.6667,0.54,0
5,20,3,1,0.5152,0.6,0
5,21,3,1,0.6364,0.57,0
5,22,3,1,0.6212,0.69,0
5,23,3,1,0.6212,0.65,0
5,0,4,1,0.6061,0.69,0
5,1,4,1,0.6061,0.69,0
5,2,4,1,0.6061,0.65,0
5,3,4,1,0.6061,0.69,0
5,4,4,1,0.6061,0.69,0
5,5,4,1,0.6061,0.69,0
5,6,4,1,0.5909,0.73,0
5,7,4,1,0.6061,0.64,0
5,8,4,1,0.6212,0.57,0
5,9,4,1,0.6212,0.47,0
5,10,4,1,0.6364,0.39,0
5,11,4,1,0.6515,0.37,0
5,12,4,1,0.6515,0.37,0
5,13,4,1,0.6515,0.35,0
5,14,4,1,0.6667,0.31,0
5,15,4,1,0.6667,0.33,0
5,16,4,1,0.6667,0.33,0
5,17,4,1,0.6667,0.31,0
5,18,4,1,0.6515,0.3,0
5,19,4,1,0.6515,0.34,0
5,20,4,1,0.6364,0.44,0
5,21,4,1,0.6364,0.44,0
5,22,4,1,0.6212,0.5,0
5,23,4,1,0.6212,0.54,0
6,0,5,1,0.6212,0.5,0
6,1,5,1,0.6212,0.53,0
6,2,5,1,0.6212,0.57,0
6,3,5,1,0.5909,0.73,0
6,4,5,1,0.5909,0.73,0
6,5,5,1,0.5909,0.78,0
6,6,5,1,0.5606,0.88,0
6,7,5,1,0.5758,0.89,0
6,8,5,1,0.5758,0.89,0
6,9,5,1,0.5758,0.83,0
6,10,5,1,0.6061,0.78,0
6,11,5,1,0.6667,0.74,0
6,12,5,1,0.6667,0.74,0
6,13,5,1,0.6818,0.7,0
6,14,5,1,0.6818,0.66,0
6,15,5,1,0.6818,0.66,0
6,16,5,1,0.6818,0.58,0
6,17,5,1,0.6515,0.7,0
6,18,5,1,0.5606,0.88,0
6,19,5,1,0.5606,0.88,0
6,20,5,1,0.5455,0.94,0
6,21,5,1,0.5909,0.78,0
6,22,5,1,0.5455,0.88,0
6,23,5,1,0.5455,0.88,0
6,0,6,0,0.5303,0.83,0
6,1,6,0,0.5303,0.83,0
6,2,6,0,0.5152,0.88,0
6,3,6,0,0.5303,0.73,0
6,4,6,0,0.5152,0.68,0
6,5,6,0,0.4848,0.72,0
6,6,6,0,0.4848,0.77,0
6,7,6,0,0.5,0.72,0
6,8,6,0,0.5152,0.64,0
6,9,6,0,0.5303,0.6,0
6,10,6,0,0.6212,0.53,1
6,11,6,0,0.5455,0.46,1
6,12,6,0,0.6212,0.43,1
6,13,6,0,0.6212,0.41,1
6,14,6,0,0.6212,0.38,1
6,15,6,0,0.6212,0.38,1
6,16,6,0,0.6212,0.38,1
6,17,6,0,0.6212,0.36,0
6,18,6,0,0.6212,0.36,0
6,19,6,0,0.6212,0.36,0
6,20,6,0,0.6212,0.35,0
6,21,6,0,0.6212,0.4,0
6,22,6,0,0.5455,0.46,0
6,23,6,0,0.5303,0.52,0
6,0,0,0,0.5152,0.6,0
6,1,0,0,0.5152,0.56,0
6,2,0,0,0.5,0.59,0
6,3,0,0,0.5,0.63,0
6,4,0,0,0.4848,0.72,0
6,5,0,0,0.4848,0.68,0
6,6,0,0,0.4545,0.82,0
6,7,0,0,0.4848,0.68,0
6,8,0,0,0.5152,0.6,0
6,9,0,0,0.6212,0.46,0
6,10,0,0,0.6212,0.43,1
6,11,0,0,0.6212,0.41,1
6,12,0,0,0.6212,0.39,1
6,13,0,0,0.6364,0.36,1
6,14,0,0,0.6364,0.36,1
6,15,0,0,0.6364,0.34,1
6,16,0,0,0.6364,0.34,1
6,17,0,0,0.6364,0.34,0
6,18,0,0,0.6364,0.34,0
6,19,0,0,0.6364,0.34,0
6,20,0,0,0.6212,0.39,0
6,21,0,0,0.6212,0.43,0
6,22,0,0,0.6212,0.5,0
6,23,0,0,0.5455,0.53,0
6,0,1,1,0.5455,0.53,0
6,1,1,1,0.5303,0.6,0
6,2,1,1,0.5303,0.6,0
6,3,1,1,0.5303,0.6,0
6,4,1,1,0.5152,0.64,0
6,5,1,1,0.5,0.68,0
6,6,1,1,0.5,0.68,0
6,7,1,1,0.5303,0.6,0
6,8,1,1,0.6212,0.49,0
6,9,1,1,0.6212,0.43,0
6,10,1,1,0.6212,0.41,0
6,11,1,1,0.6212,0.38,0
6,12,1,1,0.6212,0.41,0
6,13,1,1,0.6212,0.41,0
6,14,1,1,0.6212,0.41,0
6,15,1,1,0.6212,0.39,0
6,16,1,1,0.6212,0.39,0
6,17,1,1,0.6212,0.38,0
6,18,1,1,0.6212,0.38,0
6,19,1,1,0.6212,0.38,0
6,20,1,1,0.6212,0.4,0
6,21,1,1,0.5455,0.49,0
6,22,1,1,0.5303,0.52,0
6,23,1,1,0.5455,0.49,0
6,0,2,1,0.5152,0.68,0
6,1,2,1,0.5,0.77,0
6,2,2,1,0.5,0.72,0
6,3,2,1,0.4848,0.82,0
6,4,2,1,0.4848,0.82,0
6,5,2,1,0.4697,0.82,0
6,6,2,1,0.4697,0.82,0
6,7,2,1,0.4697,0.77,0
6,8,2,1,0.4697,0.77,0
6,9,2,1,0.5,0.72,0
6,10,2,1,0.5,0.63,0
6,11,2,1,0.5303,0.56,0
6,12,2,1,0.5152,0.56,0
6,13,2,1,0.6212,0.46,0
6,14,2,1,0.5455,0.46,0
6,15,2,1,0.5455,0.46,0
6,16,2,1,0.6212,0.43,0
6,17,2,1,0.6212,0.43,0
6,18,2,1,0.6212,0.43,0
6,19,2,1,0.5455,0.46,0
6,20,2,1,0.5303,0.49,0
6,21,2,1,0.5152,0.56,0
6,22,2,1,0.5303,0.52,0
6,23,2,1,0.5152,0.56,0
6,0,3,1,0.5,0.59,0
6,1,3,1,0.5,0.68,0
6,2,3,1,0.4848,0.68,0
6,3,3,1,0.4545,0.82,0
6,4,3,1,0.4545,0.82,0
6,5,3,1,0.4697,0.77,0
6,6,3,1,0.4697,0.77,0
6,7,3,1,0.4848,0.72,0
6,8,3,1,0.5152,0.68,0
6,9,3,1,0.5303,0.6,0
6,10,3,1,0.6212,0.46,0
6,11,3,1,0.6212,0.43,0
6,12,3,1,0.6212,0.38,0
6,13,3,1,0.6212,0.41,0
6,14,3,1,0.6212,0.38,0
6,15,3,1,0.6212,0.38,0
6,16,3,1,0.6212,0.41,0
6,17,3,1,0.6212,0.43,0
6,18,3,1,0.6212,0.53,0
6,19,3,1,0.5303,0.73,0
6,20,3,1,0.5152,0.73,0
6,21,3,1,0.5152,0.73,0
6,22,3,1,0.5,0.77,0
6,23,3,1,0.5,0.77,0
6,0,4,1,0.5,0.77,0
6,1,4,1,0.5,0.77,0
6,2,4,1,0.5,0.77,0
6,3,4,1,0.4848,0.77,0
6,4,4,1,0.4545,0.88,0
6,5,4,1,0.4697,0.82,0
6,6,4,1,0.4545,0.88,0
6,7,4,1,0.4848,0.82,0
6,8,4,1,0.5,0.77,0
6,9,4,1,0.5455,0.68,0
6,10,4,1,0.6061,0.64,0
6,11,4,1,0.6212,0.47,0
6,12,4,1,0.6364,0.42,0
6,13,4,1,0.6364,0.37,0
6,14,4,1,0.6515,0.37,0
6,15,4,1,0.6515,0.3,0
6,16,4,1,0.6515,0.34,0
6,17,4,1,0.6515,0.34,0
6,18,4,1,0.6364,0.34,0
6,19,4,1,0.6364,0.34,0
6,20,4,1,0.6212,0.36,0
6,21,4,1,0.6212,0.41,0
6,22,4,1,0.6212,0.46,0
6,23,4,1,0.5303,0.52,0
6,0,5,1,0.5303,0.56,0
6,1,5,1,0.5303,0.56,0
6,2,5,1,0.5303,0.56,0
6,3,5,1,0.5152,0.6,0
6,4,5,1,0.5,0.63,0
6,5,5,1,0.4848,0.72,0
6,6,5,1,0.5,0.68,0
6,7,5,1,0.5,0.72,0
6,8,5,1,0.5455,0.6,0
6,9,5,1,0.6212,0.53,0
6,10,5,1,0.6212,0.47,0
6,11,5,1,0.6364,0.42,0
6,12,5,1,0.6515,0.39,0
6,13,5,1,0.6515,0.37,0
6,14,5,1,0.6667,0.31,0
6,15,5,1,0.6667,0.29,0
6,16,5,1,0.6667,0.29,0
6,17,5,1,0.6667,0.29,0
6,18,5,1,0.6667,0.27,0
6,19,5,1,0.6515,0.3,0
6,20,5,1,0.6515,0.32,0
6,21,5,1,0.6364,0.37,0
6,22,5,1,0.6364,0.41,0
6,23,5,1,0.6212,0.57,0
6,0,6,0,0.6212,0.53,0
6,1,6,0,0.6212,0.53,0
6,2,6,0,0.6212,0.5,0
6,3,6,0,0.6212,0.57,0
6,4,6,0,0.6212,0.57,0
6,5,6,0,0.6212,0.56,0
6,6,6,0,0.5303,0.64,0
6,7,6,0,0.5455,0.64,0
6,8,6,0,0.6061,0.61,0
6,9,6,0,0.6212,0.57,0
6,10,6,0,0.6515,0.51,1
6,11,6,0,0.6667,0.35,1
6,12,6,0,0.697,0.29,1
6,13,6,0,0.697,0.24,1
6,14,6,0,0.697,0.23,1
6,15,6,0,0.7121,0.2,1
6,16,6,0,0.697,0.24,1
6,17,6,0,0.7121,0.24,0
6,18,6,0,0.697,0.24,0
6,19,6,0,0.697,0.29,0
6,20,6,0,0.6667,0.35,0
6,21,6,0,0.6515,0.4,0
6,22,6,0,0.6515,0.58,0
6,23,6,0,0.6364,0.61,0
6,0,0,0,0.6212,0.69,0
6,1,0,0,0.6061,0.73,0
6,2,0,0,0.6061,0.69,0
6,3,0,0,0.6061,0.73,0
6,4,0,0,0.5909,0.78,0
6,5,0,0,0.6061,0.69,0
6,6,0,0,0.5909,0.73,0
6,7,0,0,0.5758,0.78,0
6,8,0,0,0.6061,0.73,0
6,9,0,0,0.6515,0.58,0
6,10,0,0,0.6818,0.4,1
6,11,0,0,0.6818,0.45,1
6,12,0,0,0.7121,0.3,1
6,13,0,0,0.7273,0.28,1
6,14,0,0,0.7273,0.3,1
6,15,0,0,0.7273,0.3,1
6,16,0,0,0.7424,0.36,1
6,17,0,0,0.7424,0.41,0
6,18,0,0,0.7273,0.38,0
6,19,0,0,0.7121,0.28,0
6,20,0,0,0.6818,0.48,0
6,21,0,0,0.6818,0.62,0
6,22,0,0,0.6515,0.65,0
6,23,0,0,0.6667,0.58,0
6,0,1,1,0.6515,0.65,0
6,1,1,1,0.6212,0.74,0
6,2,1,1,0.6212,0.74,0
6,3,1,1,0.5909,0.78,0
6,4,1,1,0.5909,0.78,0
6,5,1,1,0.5909,0.78,0
6,6,1,1,0.5758,0.83,0
6,7,1,1,0.5909,0.78,0
6,8,1,1,0.6212,0.74,0
6,9,1,1,0.6515,0.65,0
6,10,1,1,0.6818,0.62,0
6,11,1,1,0.6818,0.48,0
6,12,1,1,0.7273,0.43,0
6,13,1,1,0.7121,0.41,0
6,14,1,1,0.7273,0.34,0
6,15,1,1,0.7121,0.41,0
6,16,1,1,0.7121,0.41,0
6,17,1,1,0.7121,0.41,0
6,18,1,1,0.7273,0.43,0
6,19,1,1,0.6818,0.48,0
6,20,1,1,0.6667,0.48,0
6,21,1,1,0.6667,0.58,0
6,22,1,1,0.6667,0.58,0
6,23,1,1,0.6515,0.58,0
6,0,2,1,0.6515,0.58,0
6,1,2,1,0.6364,0.65,0
6,2,2,1,0.6364,0.65,0
6,3,2,1,0.6212,0.69,0
6,4,2,1,0.5455,0.88,0
6,5,2,1,0.5455,0.88,0
6,6,2,1,0.5455,0.88,0
6,7,2,1,0.5606,0.88,0
6,8,2,1,0.5606,0.88,0
6,9,2,1,0.5758,0.89,0
6,10,2,1,0.5758,0.89,0
6,11,2,1,0.6061,0.83,0
6,12,2,1,0.6061,0.83,0
6,13,2,1,0.6061,0.83,0
6,14,2,1,0.5758,0.89,0
6,15,2,1,0.5909,0.89,0
6,16,2,1,0.5909,0.89,0
6,17,2,1,0.5909,0.89,0
6,18,2,1,0.6364,0.83,0
6,19,2,1,0.6364,0.83,0
6,20,2,1,0.6364,0.83,0
6,21,2,1,0.6364,0.83,0
6,22,2,1,0.5909,0.94,0
6,23,2,1,0.5909,0.94,0
6,0,3,1,0.5909,0.94,0
6,1,3,1,0.5909,0.78,0
6,2,3,1,0.5758,0.83,0
6,3,3,1,0.5758,0.83,0
6,4,3,1,0.5606,0.83,0
6,5,3,1,0.5606,0.83,0
6,6,3,1,0.5606,0.83,0
6,7,3,1,0.5606,0.83,0
6,8,3,1,0.5909,0.73,0
6,9,3,1,0.6061,0.69,0
6,10,3,1,0.6061,0.65,0
6,11,3,1,0.6212,0.54,0
6,12,3,1,0.6364,0.44,0
6,13,3,1,0.6364,0.45,0
6,14,3,1,0.6515,0.37,0
6,15,3,1,0.6515,0.32,0
6,16,3,1,0.6515,0.3,0
6,17,3,1,0.6515,0.32,0
6,18,3,1,0.6515,0.32,0
6,19,3,1,0.6364,0.34,0
6,20,3,1,0.6364,0.36,0
6,21,3,1,0.6212,0.44,0
6,22,3,1,0.6212,0.5,0
6,23,3,1,0.6212,0.5,0
6,0,4,1,0.6212,0.53,0
6,1,4,1,0.6212,0.56,0
6,2,4,1,0.6212,0.53,0
6,3,4,1,0.6212,0.53,0
6,4,4,1,0.6212,0.56,0
6,5,4,1,0.6212,0.56,0
6,6,4,1,0.5455,0.6,0
6,7,4,1,0.6061,0.6,0
6,8,4,1,0.6061,0.64,0
6,9,4,1,0.6061,0.61,0
6,10,4,1,0.6061,0.65,0
6,11,4,1,0.6212,0.57,0
6,12,4,1,0.6212,0.61,0
6,13,4,1,0.6364,0.57,0
6,14,4,1,0.6515,0.54,0
6,15,4,1,0.6667,0.48,0
6,16,4,1,0.6667,0.51,0
6,17,4,1,0.6667,0.48,0
6,18,4,1,0.6667,0.42,0
6,19,4,1,0.6515,0.48,0
6,20,4,1,0.6212,0.65,0
6,21,4,1,0.6061,0.65,0
6,22,4,1,0.6061,0.65,0
6,23,4,1,0.6061,0.69,0
6,0,5,1,0.5909,0.73,0
6,1,5,1,0.5455,0.78,0
6,2,5,1,0.5303,0.83,0
6,3,5,1,0.5303,0.83,0
6,4,5,1,0.5303,0.83,0
6,5,5,1,0.5152,0.88,0
6,6,5,1,0.5152,0.83,0
6,7,5,1,0.5303,0.83,0
6,8,5,1,0.5909,0.69,0
6,9,5,1,0.6061,0.65,0
6,10,5,1,0.6212,0.57,0
6,11,5,1,0.6212,0.5,0
6,12,5,1,0.6364,0.45,0
6,13,5,1,0.6364,0.42,0
6,14,5,1,0.6515,0.39,0
6,15,5,1,0.6515,0.39,0
6,16,5,1,0.6515,0.37,0
6,17,5,1,0.6515,0.37,0
6,18,5,1,0.6515,0.39,0
6,19,5,1,0.6364,0.42,0
6,20,5,1,0.6364,0.44,0
6,21,5,1,0.6212,0.5,0
6,22,5,1,0.6212,0.53,0
6,23,5,1,0.6212,0.53,0
6,0,6,0,0.5455,0.56,0
6,1,6,0,0.5303,0.56,0
6,2,6,0,0.5455,0.53,0
6,3,6,0,0.5303,0.6,0
6,4,6,0,0.5152,0.68,0
6,5,6,0,0.5152,0.68,0
6,6,6,0,0.5152,0.68,0
6,7,6,0,0.5152,0.68,0
6,8,6,0,0.5455,0.64,0
6,9,6,0,0.6061,0.6,0
6,10,6,0,0.6212,0.47,1
6,11,6,0,0.6212,0.39,1
6,12,6,0,0.6364,0.41,1
6,13,6,0,0.6515,0.34,1
6,14,6,0,0.6515,0.37,1
6,15,6,0,0.6515,0.35,1
6,16,6,0,0.6515,0.37,1
6,17,6,0,0.6515,0.37,0
6,18,6,0,0.6515,0.37,0
6,19,6,0,0.6364,0.42,0
6,20,6,0,0.6212,0.47,0
6,21,6,0,0.6212,0.5,0
6,22,6,0,0.6212,0.53,0
6,23,6,0,0.6212,0.53,0
6,0,0,0,0.5303,0.56,0
6,1,0,0,0.5303,0.6,0
6,2,0,0,0.5303,0.56,0
6,3,0,0,0.5152,0.64,0
6,4,0,0,0.5152,0.64,0
6,5,0,0,0.5152,0.68,0
6,6,0,0,0.5,0.72,0
6,7,0,0,0.5,0.72,0
6,8,0,0,0.5303,0.68,0
6,9,0,0,0.5303,0.68,0
6,10,0,0,0.5455,0.64,1
6,11,0,0,0.6212,0.57,1
6,12,0,0,0.6212,0.57,1
6,13,0,0,0.6212,0.53,1
6,14,0,0,0.6212,0.53,1
6,15,0,0,0.6212,0.5,1
6,16,0,0,0.6212,0.54,1
6,17,0,0,0.6212,0.57,0
6,18,0,0,0.6212,0.53,0
6,19,0,0,0.6212,0.53,0
6,20,0,0,0.6212,0.57,0
6,21,0,0,0.6212,0.57,0
6,22,0,0,0.6061,0.6,0
6,23,0,0,0.5455,0.64,0
6,0,1,1,0.5303,0.73,0
6,1,1,1,0.5152,0.77,0
6,2,1,1,0.5152,0.77,0
6,3,1,1,0.5,0.83,0
6,4,1,1,0.5152,0.77,0
6,5,1,1,0.5,0.83,0
6,6,1,1,0.5,0.88,0
6,7,1,1,0.5,0.94,0
6,8,1,1,0.5152,0.83,0
6,9,1,1,0.5152,0.83,0
6,10,1,1,0.5152,0.88,0
6,11,1,1,0.5152,0.88,0
6,12,1,1,0.5303,0.78,0
6,13,1,1,0.5455,0.73,0
6,14,1,1,0.5455,0.68,0
6,15,1,1,0.5909,0.69,0
6,16,1,1,0.5909,0.73,0
6,17,1,1,0.5909,0.73,0
6,18,1,1,0.6061,0.69,0
6,19,1,1,0.5909,0.73,0
6,20,1,1,0.5909,0.73,0
6,21,1,1,0.5909,0.73,0
6,22,1,1,0.5909,0.73,0
6,23,1,1,0.5758,0.78,0
6,0,2,1,0.5758,0.78,0
6,1,2,1,0.5758,0.78,0
6,2,2,1,0.5758,0.78,0
6,3,2,1,0.5758,0.78,0
6,4,2,1,0.5758,0.78,0
6,5,2,1,0.5758,0.78,0
6,6,2,1,0.5758,0.78,0
6,7,2,1,0.5758,0.78,0
6,8,2,1,0.5758,0.78,0
6,9,2,1,0.6061,0.73,0
6,10,2,1,0.6061,0.73,0
6,11,2,1,0.6212,0.69,0
6,12,2,1,0.6515,0.65,0
6,13,2,1,0.6818,0.58,0
6,14,2,1,0.7121,0.58,0
6,15,2,1,0.7424,0.59,0
6,16,2,1,0.7576,0.55,0
6,17,2,1,0.7576,0.55,0
6,18,2,1,0.7576,0.55,0
6,19,2,1,0.7727,0.59,0
6,20,2,1,0.7576,0.55,0
6,21,2,1,0.7121,0.62,0
6,22,2,1,0.697,0.79,0
6,23,2,1,0.697,0.79,0
6,0,3,1,0.6667,0.79,0
6,1,3,1,0.6364,0.79,0
6,2,3,1,0.6061,0.83,0
6,3,3,1,0.6061,0.83,0
6,4,3,1,0.6061,0.83,0
6,5,3,1,0.6061,0.83,0
6,6,3,1,0.5758,0.89,0
6,7,3,1,0.5909,0.89,0
6,8,3,1,0.6667,0.79,0
6,9,3,1,0.697,0.74,0
6,10,3,1,0.7727,0.52,0
6,11,3,1,0.7879,0.49,0
6,12,3,1,0.803,0.47,0
6,13,3,1,0.7879,0.44,0
6,14,3,1,0.803,0.39,0
6,15,3,1,0.8182,0.35,0
6,16,3,1,0.8182,0.35,0
6,17,3,1,0.8182,0.37,0
6,18,3,1,0.8182,0.37,0
6,19,3,1,0.7879,0.37,0
6,20,3,1,0.7727,0.39,0
6,21,3,1,0.7576,0.44,0
6,22,3,1,0.7576,0.46,0
6,23,3,1,0.7424,0.59,0
6,0,4,1,0.697,0.7,0
6,1,4,1,0.697,0.79,0
6,2,4,1,0.697,0.79,0
6,3,4,1,0.697,0.74,0
6,4,4,1,0.6667,0.84,0
6,5,4,1,0.6667,0.84,0
6,6,4,1,0.6667,0.84,0
6,7,4,1,0.6667,0.84,0
6,8,4,1,0.697,0.7,0
6,9,4,1,0.7576,0.55,0
6,10,4,1,0.7879,0.49,0
6,11,4,1,0.7879,0.41,0
6,12,4,1,0.8182,0.35,0
6,13,4,1,0.8182,0.35,0
6,14,4,1,0.7879,0.37,0
6,15,4,1,0.8333,0.33,0
6,16,4,1,0.8182,0.35,0
6,17,4,1,0.7879,0.37,0
6,18,4,1,0.7879,0.41,0
6,19,4,1,0.803,0.39,0
6,20,4,1,0.7879,0.44,0
6,21,4,1,0.7727,0.52,0
6,22,4,1,0.7879,0.63,0
6,23,4,1,0.7727,0.59,0
6,0,5,1,0.7273,0.7,0
6,1,5,1,0.7424,0.75,0
6,2,5,1,0.7121,0.79,0
6,3,5,1,0.7121,0.79,0
6,4,5,1,0.7273,0.66,0
6,5,5,1,0.697,0.66,0
6,6,5,1,0.697,0.66,0
6,7,5,1,0.6818,0.58,0
6,8,5,1,0.697,0.55,0
6,9,5,1,0.7121,0.58,0
6,10,5,1,0.7424,0.52,0
6,11,5,1,0.7424,0.49,0
6,12,5,1,0.7879,0.49,0
6,13,5,1,0.803,0.39,0
6,14,5,1,0.803,0.39,0
6,15,5,1,0.8182,0.35,0
6,16,5,1,0.803,0.31,0
6,17,5,1,0.7273,0.38,0
6,18,5,1,0.7576,0.55,0
6,19,5,1,0.697,0.55,0
6,20,5,1,0.697,0.55,0
6,21,5,1,0.6364,0.65,0
6,22,5,1,0.6364,0.69,0
6,23,5,1,0.6212,0.74,0
6,0,6,0,0.5758,0.83,0
6,1,6,0,0.6061,0.78,0
6,2,6,0,0.5758,0.83,0
6,3,6,0,0.5758,0.83,0
6,4,6,0,0.5758,0.83,0
6,5,6,0,0.5758,0.83,0
6,6,6,0,0.5758,0.83,0
6,7,6,0,0.5758,0.83,0
6,8,6,0,0.6364,0.69,0
6,9,6,0,0.6818,0.62,0
6,10,6,0,0.6818,0.55,1
6,11,6,0,0.6818,0.48,1
6,12,6,0,0.7273,0.43,1
6,13,6,0,0.7273,0.34,1
6,14,6,0,0.6818,0.33,1
6,15,6,0,0.7273,0.3,1
6,16,6,0,0.7121,0.26,1
6,17,6,0,0.7121,0.26,0
6,18,6,0,0.7121,0.26,0
6,19,6,0,0.697,0.27,0
6,20,6,0,0.6818,0.31,0
6,21,6,0,0.6667,0.33,0
6,22,6,0,0.6515,0.37,0
6,23,6,0,0.6515,0.44,0
6,0,0,0,0.6515,0.51,0
6,1,0,0,0.6364,0.54,0
6,2,0,0,0.6364,0.51,0
6,3,0,0,0.6212,0.65,0
6,4,0,0,0.6212,0.65,0
6,5,0,0,0.6061,0.69,0
6,6,0,0,0.6061,0.65,0
6,7,0,0,0.6061,0.69,0
6,8,0,0,0.6515,0.58,0
6,9,0,0,0.6667,0.51,0
6,10,0,0,0.6818,0.4,1
6,11,0,0,0.6818,0.4,1
6,12,0,0,0.697,0.33,1
6,13,0,0,0.697,0.33,1
6,14,0,0,0.7273,0.3,1
6,15,0,0,0.7424,0.28,1
6,16,0,0,0.7273,0.3,1
6,17,0,0,0.7273,0.32,0
6,18,0,0,0.7273,0.34,0
6,19,0,0,0.7121,0.38,0
6,20,0,0,0.697,0.46,0
6,21,0,0,0.697,0.55,0
6,22,0,0,0.6818,0.55,0
6,23,0,0,0.6818,0.58,0
6,0,1,1,0.6818,0.62,0
6,1,1,1,0.6515,0.65,0
6,2,1,1,0.6515,0.7,0
6,3,1,1,0.6364,0.69,0
6,4,1,1,0.6061,0.78,0
6,5,1,1,0.6212,0.74,0
6,6,1,1,0.5909,0.78,0
6,7,1,1,0.6212,0.74,0
6,8,1,1,0.6212,0.69,0
6,9,1,1,0.6515,0.65,0
6,10,1,1,0.697,0.55,0
6,11,1,1,0.7273,0.43,0
6,12,1,1,0.6818,0.45,0
6,13,1,1,0.6667,0.51,0
6,14,1,1,0.697,0.43,0
6,15,1,1,0.6818,0.38,0
6,16,1,1,0.697,0.31,0
6,17,1,1,0.6818,0.24,0
6,18,1,1,0.6667,0.27,0
6,19,1,1,0.6515,0.27,0
6,20,1,1,0.6515,0.3,0
6,21,1,1,0.6212,0.3,0
6,22,1,1,0.6212,0.29,0
6,23,1,1,0.6212,0.33,0
6,0,2,1,0.6212,0.33,0
6,1,2,1,0.6212,0.35,0
6,2,2,1,0.5303,0.43,0
6,3,2,1,0.5152,0.45,0
6,4,2,1,0.5152,0.45,0
6,5,2,1,0.5,0.48,0
6,6,2,1,0.5,0.52,0
6,7,2,1,0.5,0.52,0
6,8,2,1,0.5303,0.49,0
6,9,2,1,0.5455,0.46,0
6,10,2,1,0.6212,0.41,0
6,11,2,1,0.6212,0.36,0
6,12,2,1,0.6212,0.34,0
6,13,2,1,0.6364,0.3,0
6,14,2,1,0.6364,0.3,0
6,15,2,1,0.6515,0.28,0
6,16,2,1,0.6364,0.26,0
6,17,2,1,0.6515,0.28,0
6,18,2,1,0.6515,0.28,0
6,19,2,1,0.6515,0.28,0
6,20,2,1,0.6364,0.3,0
6,21,2,1,0.6364,0.34,0
6,22,2,1,0.6212,0.34,0
6,23,2,1,0.6212,0.41,0
6,0,3,1,0.6212,0.41,0
6,1,3,1,0.6212,0.43,0
6,2,3,1,0.5303,0.49,0
6,3,3,1,0.5455,0.46,0
6,4,3,1,0.6212,0.4,0
6,5,3,1,0.6212,0.43,0
6,6,3,1,0.5455,0.46,0
6,7,3,1,0.6212,0.43,0
6,8,3,1,0.6212,0.43,0
6,9,3,1,0.6212,0.41,0
6,10,3,1,0.6364,0.37,0
6,11,3,1,0.6515,0.3,0
6,12,3,1,0.6667,0.29,0
6,13,3,1,0.697,0.27,0
6,14,3,1,0.6818,0.24,0
6,15,3,1,0.697,0.26,0
6,16,3,1,0.697,0.24,0
6,17,3,1,0.697,0.24,0
6,18,3,1,0.697,0.27,0
6,19,3,1,0.6818,0.29,0
6,20,3,1,0.6667,0.31,0
6,21,3,1,0.6515,0.35,0
6,22,3,1,0.6515,0.39,0
6,23,3,1,0.6364,0.47,0
6,0,4,1,0.6212,0.5,0
6,1,4,1,0.6212,0.54,0
6,2,4,1,0.6212,0.5,0
6,3,4,1,0.6212,0.5,0
6,4,4,1,0.6061,0.61,0
6,5,4,1,0.6212,0.57,0
6,6,4,1,0.6212,0.57,0
6,7,4,1,0.6061,0.61,0
6,8,4,1,0.6212,0.5,0
6,9,4,1,0.6515,0.54,0
6,10,4,1,0.6667,0.48,0
6,11,4,1,0.697,0.31,0
6,12,4,1,0.7121,0.26,0
6,13,4,1,0.7424,0.26,0
6,14,4,1,0.7273,0.25,0
6,15,4,1,0.7273,0.25,0
6,16,4,1,0.7424,0.23,0
6,17,4,1,0.7424,0.22,0
6,18,4,1,0.7273,0.25,0
6,19,4,1,0.7273,0.3,0
6,20,4,1,0.7273,0.34,0
6,21,4,1,0.697,0.55,0
6,22,4,1,0.697,0.52,0
6,23,4,1,0.6667,0.48,0
6,0,5,1,0.6667,0.48,0
6,1,5,1,0.6667,0.51,0
6,2,5,1,0.6667,0.58,0
6,3,5,1,0.6667,0.58,0
6,4,5,1,0.6515,0.65,0
6,5,5,1,0.6515,0.61,0
6,6,5,1,0.6515,0.61,0
6,7,5,1,0.6515,0.61,0
6,8,5,1,0.6818,0.55,0
6,9,5,1,0.697,0.55,0
6,10,5,1,0.8333,0.39,0
6,11,5,1,0.8485,0.42,0
6,12,5,1,0.8788,0.4,0
6,13,5,1,0.8788,0.38,0
6,14,5,1,0.9091,0.36,0
6,15,5,1,0.9091,0.36,0
6,16,5,1,0.9091,0.36,0
6,17,5,1,0.9242,0.34,0
6,18,5,1,0.8636,0.31,0
6,19,5,1,0.8788,0.47,0
6,20,5,1,0.8939,0.42,0
6,21,5,1,0.8333,0.53,0
6,22,5,1,0.8333,0.63,0
6,23,5,1,0.8333,0.63,0
6,0,6,0,0.5758,0.89,0
6,1,6,0,0.5758,0.89,0
6,2,6,0,0.5758,0.89,0
6,3,6,0,0.5758,0.89,0
6,4,6,0,0.5455,0.94,0
6,5,6,0,0.5758,0.89,0
6,6,6,0,0.5758,0.89,0
6,7,6,0,0.5758,0.89,0
6,8,6,0,0.5758,0.89,0
6,9,6,0,0.5758,0.89,0
6,10,6,0,0.7727,0.3,1
6,11,6,0,0.7727,0.3,1
6,12,6,0,0.7727,0.3,1
6,13,6,0,0.7727,0.3,1
6,14,6,0,0.7727,0.3,1
6,15,6,0,0.7727,0.3,1
6,16,6,0,0.7879,0.29,1
6,17,6,0,0.7727,0.32,0
6,18,6,0,0.7879,0.35,0
6,19,6,0,0.7576,0.44,0
6,20,6,0,0.7727,0.52,0
6,21,6,0,0.7727,0.52,0
6,22,6,0,0.7424,0.62,0
6,23,6,0,0.7424,0.62,0
7,0,0,0,0.7273,0.66,0
7,1,0,0,0.697,0.7,0
7,2,0,0,0.697,0.74,0
7,3,0,0,0.7121,0.84,0
7,4,0,0,0.6667,0.79,0
7,5,0,0,0.6364,0.79,0
7,6,0,0,0.6667,0.79,0
7,7,0,0,0.697,0.7,0
7,8,0,0,0.7424,0.62,0
7,9,0,0,0.7879,0.56,0
7,10,0,0,0.7879,0.44,1
7,11,0,0,0.803,0.39,1
7,12,0,0,0.8182,0.37,1
7,13,0,0,0.8333,0.33,1
7,14,0,0,0.8333,0.33,1
7,15,0,0,0.8182,0.37,1
7,16,0,0,0.8333,0.33,1
7,17,0,0,0.803,0.26,0
7,18,0,0,0.7727,0.32,0
7,19,0,0,0.7424,0.39,0
7,20,0,0,0.7424,0.39,0
7,21,0,0,0.7424,0.39,0
7,22,0,0,0.7424,0.43,0
7,23,0,0,0.7121,0.52,0
7,0,1,1,0.7121,0.58,0
7,1,1,1,0.7121,0.58,0
7,2,1,1,0.6667,0.51,0
7,3,1,1,0.6667,0.54,0
7,4,1,1,0.6667,0.54,0
7,5,1,1,0.6667,0.51,0
7,6,1,1,0.6515,0.58,0
7,7,1,1,0.6667,0.51,0
7,8,1,1,0.697,0.52,0
7,9,1,1,0.697,0.46,0
7,10,1,1,0.7273,0.43,0
7,11,1,1,0.7273,0.28,0
7,12,1,1,0.7273,0.32,0
7,13,1,1,0.7576,0.34,0
7,14,1,1,0.7576,0.34,0
7,15,1,1,0.7424,0.36,0
7,16,1,1,0.7424,0.36,0
7,17,1,1,0.7273,0.32,0
7,18,1,1,0.7273,0.32,0
7,19,1,1,0.697,0.43,0
7,20,1,1,0.697,0.43,0
7,21,1,1,0.6818,0.45,0
7,22,1,1,0.6667,0.51,0
7,23,1,1,0.6667,0.51,0
7,0,2,1,0.6667,0.54,0
7,1,2,1,0.6667,0.58,0
7,2,2,1,0.6667,0.58,0
7,3,2,1,0.6515,0.65,0
7,4,2,1,0.6364,0.65,0
7,5,2,1,0.6515,0.61,0
7,6,2,1,0.6515,0.65,0
7,7,2,1,0.6818,0.58,0
7,8,2,1,0.6818,0.62,0
7,9,2,1,0.7424,0.49,0
7,10,2,1,0.7424,0.43,0
7,11,2,1,0.7576,0.34,0
7,12,2,1,0.7576,0.28,0
7,13,2,1,0.7727,0.25,0
7,14,2,1,0.7727,0.25,0
7,15,2,1,0.7727,0.24,0
7,16,2,1,0.7727,0.24,0
7,17,2,1,0.7424,0.3,0
7,18,2,1,0.7424,0.3,0
7,19,2,1,0.7424,0.36,0
7,20,2,1,0.697,0.55,0
7,21,2,1,0.6515,0.7,0
7,22,2,1,0.6364,0.79,0
7,23,2,1,0.6061,0.83,0
7,0,3,0,0.6364,0.79,0
7,1,3,0,0.6364,0.74,0
7,2,3,0,0.6061,0.83,0
7,3,3,0,0.6364,0.74,0
7,4,3,0,0.6364,0.69,0
7,5,3,0,0.6212,0.69,0
7,6,3,0,0.6212,0.69,0
7,7,3,0,0.6364,0.65,0
7,8,3,0,0.6515,0.61,0
7,9,3,0,0.697,0.52,0
7,10,3,0,0.7273,0.46,1
7,11,3,0,0.7576,0.46,1
7,12,3,0,0.7879,0.41,1
7,13,3,0,0.8182,0.35,1
7,14,3,0,0.8182,0.37,1
7,15,3,0,0.8485,0.35,1
7,16,3,0,0.8485,0.35,1
7,17,3,0,0.8485,0.35,0
7,18,3,0,0.8485,0.42,0
7,19,3,0,0.803,0.47,0
7,20,3,0,0.803,0.47,0
7,21,3,0,0.803,0.53,0
7,22,3,0,0.7879,0.56,0
7,23,3,0,0.697,0.43,0
7,0,4,1,0.6667,0.51,0
7,1,4,1,0.6667,0.51,0
7,2,4,1,0.6667,0.51,0
7,3,4,1,0.6667,0.54,0
7,4,4,1,0.6667,0.58,0
7,5,4,1,0.6818,0.62,0
7,6,4,1,0.6667,0.58,0
7,7,4,1,0.697,0.55,0
7,8,4,1,0.7424,0.49,0
7,9,4,1,0.7879,0.49,0
7,10,4,1,0.7879,0.44,0
7,11,4,1,0.8182,0.35,0
7,12,4,1,0.8182,0.35,0
7,13,4,1,0.8333,0.33,0
7,14,4,1,0.8333,0.33,0
7,15,4,1,0.8333,0.33,0
7,16,4,1,0.8333,0.33,0
7,17,4,1,0.8485,0.35,0
7,18,4,1,0.8333,0.39,0
7,19,4,1,0.803,0.39,0
7,20,4,1,0.7879,0.41,0
7,21,4,1,0.7727,0.47,0
7,22,4,1,0.803,0.59,0
7,23,4,1,0.7576,0.55,0
7,0,5,1,0.7424,0.62,0
7,1,5,1,0.7273,0.55,0
7,2,5,1,0.7121,0.62,0
7,3,5,1,0.697,0.7,0
7,4,5,1,0.697,0.66,0
7,5,5,1,0.697,0.66,0
7,6,5,1,0.697,0.66,0
7,7,5,1,0.697,0.46,0
7,8,5,1,0.7121,0.41,0
7,9,5,1,0.7273,0.36,0
7,10,5,1,0.7424,0.3,0
7,11,5,1,0.7273,0.32,0
7,12,5,1,0.7576,0.28,0
7,13,5,1,0.7879,0.27,0
7,14,5,1,0.803,0.31,0
7,15,5,1,0.8182,0.29,0
7,16,5,1,0.8182,0.29,0
7,17,5,1,0.8182,0.29,0
7,18,5,1,0.803,0.33,0
7,19,5,1,0.7879,0.35,0
7,20,5,1,0.7727,0.39,0
7,21,5,1,0.7727,0.52,0
7,22,5,1,0.7576,0.55,0
7,23,5,1,0.7879,0.63,0
7,0,6,0,0.7576,0.66,0
7,1,6,0,0.7273,0.7,0
7,2,6,0,0.7424,0.72,0
7,3,6,0,0.7121,0.74,0
7,4,6,0,0.7121,0.74,0
7,5,6,0,0.7121,0.74,0
7,6,6,0,0.7121,0.74,0
7,7,6,0,0.7576,0.66,0
7,8,6,0,0.8333,0.63,0
7,9,6,0,0.8333,0.59,0
7,10,6,0,0.8636,0.37,1
7,11,6,0,0.8788,0.38,1
7,12,6,0,0.8636,0.31,1
7,13,6,0,0.8636,0.31,1
7,14,6,0,0.8636,0.3,1
7,15,6,0,0.8485,0.26,1
7,16,6,0,0.8636,0.19,1
7,17,6,0,0.8485,0.26,0
7,18,6,0,0.8333,0.29,0
7,19,6,0,0.8333,0.33,0
7,20,6,0,0.8182,0.37,0
7,21,6,0,0.7879,0.37,0
7,22,6,0,0.8333,0.59,0
7,23,6,0,0.8182,0.56,0
7,0,0,0,0.7879,0.56,0
7,1,0,0,0.7879,0.56,0
7,2,0,0,0.7727,0.52,0
7,3,0,0,0.7727,0.59,0
7,4,0,0,0.7576,0.66,0
7,5,0,0,0.7424,0.62,0
7,6,0,0,0.7727,0.7,0
7,7,0,0,0.803,0.66,0
7,8,0,0,0.803,0.53,0
7,9,0,0,0.8182,0.5,0
7,10,0,0,0.8636,0.45,1
7,11,0,0,0.8939,0.42,1
7,12,0,0,0.8939,0.42,1
7,13,0,0,0.8788,0.38,1
7,14,0,0,0.9091,0.36,1
7,15,0,0,0.8939,0.42,1
7,16,0,0,0.803,0.66,1
7,17,0,0,0.7424,0.59,0
7,18,0,0,0.7424,0.62,0
7,19,0,0,0.7424,0.62,0
7,20,0,0,0.7273,0.7,0
7,21,0,0,0.7273,0.7,0
7,22,0,0,0.697,0.7,0
7,23,0,0,0.6364,0.83,0
7,0,1,1,0.6364,0.89,0
7,1,1,1,0.6667,0.89,0
7,2,1,1,0.6667,0.89,0
7,3,1,1,0.6667,0.89,0
7,4,1,1,0.5909,0.89,0
7,5,1,1,0.6061,0.83,0
7,6,1,1,0.5758,0.89,0
7,7,1,1,0.6061,0.83,0
7,8,1,1,0.6061,0.83,0
7,9,1,1,0.6061,0.83,0
7,10,1,1,0.6061,0.83,0
7,11,1,1,0.6818,0.62,0
7,12,1,1,0.6818,0.58,0
7,13,1,1,0.697,0.55,0
7,14,1,1,0.6818,0.55,0
7,15,1,1,0.6818,0.45,0
7,16,1,1,0.697,0.4,0
7,17,1,1,0.697,0.4,0
7,18,1,1,0.6818,0.48,0
7,19,1,1,0.6818,0.55,0
7,20,1,1,0.6818,0.55,0
7,21,1,1,0.6818,0.55,0
7,22,1,1,0.6667,0.58,0
7,23,1,1,0.6515,0.65,0
7,0,2,1,0.6515,0.7,0
7,1,2,1,0.6667,0.74,0
7,2,2,1,0.6667,0.74,0
7,3,2,1,0.6364,0.79,0
7,4,2,1,0.6364,0.79,0
7,5,2,1,0.6061,0.83,0
7,6,2,1,0.6364,0.79,0
7,7,2,1,0.6667,0.74,0
7,8,2,1,0.697,0.74,0
7,9,2,1,0.697,0.66,0
7,10,2,1,0.7121,0.62,0
7,11,2,1,0.7273,0.46,0
7,12,2,1,0.7121,0.41,0
7,13,2,1,0.7273,0.38,0
7,14,2,1,0.7273,0.38,0
7,15,2,1,0.7121,0.41,0
7,16,2,1,0.7273,0.43,0
7,17,2,1,0.7121,0.49,0
7,18,2,1,0.6667,0.74,0
7,19,2,1,0.6667,0.74,0
7,20,2,1,0.5758,0.83,0
7,21,2,1,0.5758,0.89,0
7,22,2,1,0.5758,0.83,0
7,23,2,1,0.5758,0.89,0
7,0,3,1,0.6061,0.83,0
7,1,3,1,0.5758,0.89,0
7,2,3,1,0.5758,0.89,0
7,3,3,1,0.5758,0.89,0
7,4,3,1,0.5758,0.89,0
7,5,3,1,0.5758,0.89,0
7,6,3,1,0.5758,0.89,0
7,7,3,1,0.6061,0.83,0
7,8,3,1,0.6364,0.79,0
7,9,3,1,0.6667,0.74,0
7,10,3,1,0.6818,0.62,0
7,11,3,1,0.7121,0.58,0
7,12,3,1,0.697,0.43,0
7,13,3,1,0.7121,0.42,0
7,14,3,1,0.7121,0.41,0
7,15,3,1,0.7121,0.41,0
7,16,3,1,0.7121,0.38,0
7,17,3,1,0.697,0.31,0
7,18,3,1,0.6818,0.38,0
7,19,3,1,0.6667,0.48,0
7,20,3,1,0.6667,0.51,0
7,21,3,1,0.6667,0.58,0
7,22,3,1,0.6667,0.58,0
7,23,3,1,0.6515,0.58,0
7,0,4,1,0.6364,0.61,0
7,1,4,1,0.6212,0.61,0
7,2,4,1,0.6212,0.65,0
7,3,4,1,0.6061,0.69,0
7,4,4,1,0.6061,0.73,0
7,5,4,1,0.5909,0.73,0
7,6,4,1,0.6061,0.73,0
7,7,4,1,0.6061,0.73,0
7,8,4,1,0.6364,0.65,0
7,9,4,1,0.6667,0.58,0
7,10,4,1,0.6667,0.48,0
7,11,4,1,0.6818,0.45,0
7,12,4,1,0.6818,0.35,0
7,13,4,1,0.697,0.33,0
7,14,4,1,0.6818,0.33,0
7,15,4,1,0.7121,0.36,0
7,16,4,1,0.7121,0.36,0
7,17,4,1,0.6818,0.43,0
7,18,4,1,0.6818,0.45,0
7,19,4,1,0.6667,0.48,0
7,20,4,1,0.6667,0.48,0
7,21,4,1,0.6667,0.48,0
7,22,4,1,0.6667,0.51,0
7,23,4,1,0.6515,0.51,0
7,0,5,1,0.6515,0.54,0
7,1,5,1,0.6364,0.54,0
7,2,5,1,0.6212,0.61,0
7,3,5,1,0.6364,0.61,0
7,4,5,1,0.6212,0.61,0
7,5,5,1,0.6364,0.56,0
7,6,5,1,0.6515,0.54,0
7,7,5,1,0.6515,0.54,0
7,8,5,1,0.6515,0.54,0
7,9,5,1,0.6667,0.51,0
7,10,5,1,0.6667,0.48,0
7,11,5,1,0.6818,0.45,0
7,12,5,1,0.6818,0.4,0
7,13,5,1,0.7121,0.38,0
7,14,5,1,0.7121,0.38,0
7,15,5,1,0.7121,0.36,0
7,16,5,1,0.7121,0.36,0
7,17,5,1,0.7121,0.36,0
7,18,5,1,0.697,0.46,0
7,19,5,1,0.6667,0.51,0
7,20,5,1,0.6667,0.48,0
7,21,5,1,0.6667,0.54,0
7,22,5,1,0.6667,0.45,0
7,23,5,1,0.6515,0.45,0
7,0,6,0,0.6667,0.48,0
7,1,6,0,0.6515,0.51,0
7,2,6,0,0.6515,0.54,0
7,3,6,0,0.6515,0.54,0
7,4,6,0,0.6212,0.61,0
7,5,6,0,0.6061,0.73,0
7,6,6,0,0.5909,0.78,0
7,7,6,0,0.5909,0.78,0
7,8,6,0,0.5909,0.78,0
7,9,6,0,0.6212,0.74,0
7,10,6,0,0.6818,0.7,1
7,11,6,0,0.6818,0.7,1
7,12,6,0,0.697,0.66,1
7,13,6,0,0.7121,0.62,1
7,14,6,0,0.7576,0.55,1
7,15,6,0,0.7576,0.55,1
7,16,6,0,0.697,0.79,1
7,17,6,0,0.6667,0.79,0
7,18,6,0,0.697,0.79,0
7,19,6,0,0.7121,0.84,0
7,20,6,0,0.7121,0.84,0
7,21,6,0,0.6667,0.84,0
7,22,6,0,0.6667,0.79,0
7,23,6,0,0.6364,0.83,0
7,0,0,0,0.6364,0.89,0
7,1,0,0,0.6364,0.89,0
7,2,0,0,0.6364,0.89,0
7,3,0,0,0.6364,0.89,0
7,4,0,0,0.6364,0.89,0
7,5,0,0,0.6364,0.89,0
7,6,0,0,0.6364,0.83,0
7,7,0,0,0.6667,0.79,0
7,8,0,0,0.6667,0.84,0
7,9,0,0,0.697,0.79,0
7,10,0,0,0.7273,0.66,1
7,11,0,0,0.7727,0.52,1
7,12,0,0,0.7727,0.47,1
7,13,0,0,0.7879,0.41,1
7,14,0,0,0.8182,0.37,1
7,15,0,0,0.803,0.47,1
7,16,0,0,0.7879,0.41,1
7,17,0,0,0.7727,0.59,0
7,18,0,0,0.697,0.79,0
7,19,0,0,0.7121,0.84,0
7,20,0,0,0.697,0.79,0
7,21,0,0,0.697,0.79,0
7,22,0,0,0.697,0.74,0
7,23,0,0,0.697,0.79,0
7,0,1,1,0.697,0.79,0
7,1,1,1,0.6667,0.74,0
7,2,1,1,0.6667,0.74,0
7,3,1,1,0.6364,0.79,0
7,4,1,1,0.6364,0.79,0
7,5,1,1,0.6061,0.78,0
7,6,1,1,0.6364,0.79,0
7,7,1,1,0.6818,0.7,0
7,8,1,1,0.697,0.66,0
7,9,1,1,0.7121,0.62,0
7,10,1,1,0.7727,0.59,0
7,11,1,1,0.803,0.53,0
7,12,1,1,0.7879,0.49,0
7,13,1,1,0.7879,0.49,0
7,14,1,1,0.8182,0.42,0
7,15,1,1,0.803,0.47,0
7,16,1,1,0.7273,0.66,0
7,17,1,1,0.7273,0.66,0
7,18,1,1,0.803,0.53,0
7,19,1,1,0.7879,0.63,0
7,20,1,1,0.7727,0.59,0
7,21,1,1,0.7273,0.66,0
7,22,1,1,0.7121,0.62,0
7,23,1,1,0.7121,0.74,0
7,0,2,1,0.7121,0.84,0
7,1,2,1,0.697,0.7,0
7,2,2,1,0.6818,0.7,0
7,3,2,1,0.6818,0.66,0
7,4,2,1,0.6818,0.62,0
7,5,2,1,0.6364,0.74,0
7,6,2,1,0.6818,0.66,0
7,7,2,1,0.697,0.7,0
7,8,2,1,0.7576,0.55,0
7,9,2,1,0.7727,0.49,0
7,10,2,1,0.7879,0.49,0
7,11,2,1,0.803,0.47,0
7,12,2,1,0.8182,0.35,0
7,13,2,1,0.8182,0.31,0
7,14,2,1,0.8333,0.29,0
7,15,2,1,0.8182,0.31,0
7,16,2,1,0.8182,0.29,0
7,17,2,1,0.8182,0.29,0
7,18,2,1,0.803,0.33,0
7,19,2,1,0.7879,0.35,0
7,20,2,1,0.7576,0.34,0
7,21,2,1,0.7727,0.52,0
7,22,2,1,0.7576,0.55,0
7,23,2,1,0.7424,0.59,0
7,0,3,1,0.7273,0.66,0
7,1,3,1,0.7273,0.66,0
7,2,3,1,0.697,0.66,0
7,3,3,1,0.697,0.66,0
7,4,3,1,0.6818,0.7,0
7,5,3,1,0.6818,0.7,0
7,6,3,1,0.6818,0.7,0
7,7,3,1,0.697,0.66,0
7,8,3,1,0.7424,0.62,0
7,9,3,1,0.7879,0.56,0
7,10,3,1,0.8485,0.42,0
7,11,3,1,0.8485,0.42,0
7,12,3,1,0.8636,0.37,0
7,13,3,1,0.8485,0.33,0
7,14,3,1,0.8788,0.38,0
7,15,3,1,0.8485,0.35,0
7,16,3,1,0.697,0.66,0
7,17,3,1,0.697,0.7,0
7,18,3,1,0.7121,0.62,0
7,19,3,1,0.7121,0.62,0
7,20,3,1,0.6818,0.62,0
7,21,3,1,0.7121,0.62,0
7,22,3,1,0.7121,0.58,0
7,23,3,1,0.7121,0.58,0
7,0,4,1,0.697,0.66,0
7,1,4,1,0.697,0.66,0
7,2,4,1,0.6818,0.7,0
7,3,4,1,0.6818,0.7,0
7,4,4,1,0.6818,0.7,0
7,5,4,1,0.6818,0.7,0
7,6,4,1,0.6818,0.66,0
7,7,4,1,0.6818,0.58,0
7,8,4,1,0.7121,0.58,0
7,9,4,1,0.7121,0.58,0
7,10,4,1,0.7121,0.58,0
7,11,4,1,0.7576,0.55,0
7,12,4,1,0.7879,0.49,0
7,13,4,1,0.7727,0.47,0
7,14,4,1,0.7879,0.44,0
7,15,4,1,0.7727,0.47,0
7,16,4,1,0.7727,0.47,0
7,17,4,1,0.7879,0.41,0
7,18,4,1,0.7879,0.41,0
7,19,4,1,0.7576,0.44,0
7,20,4,1,0.7727,0.49,0
7,21,4,1,0.5909,0.89,0
7,22,4,1,0.5909,0.89,0
7,23,4,1,0.5909,0.89,0
7,0,5,1,0.5909,0.89,0
7,1,5,1,0.5909,0.89,0
7,2,5,1,0.5909,0.89,0
7,3,5,1,0.5909,0.89,0
7,4,5,1,0.5909,0.89,0
7,5,5,1,0.5909,0.89,0
7,6,5,1,0.5909,0.89,0
7,7,5,1,0.5909,0.89,0
7,8,5,1,0.6364,0.83,0
7,9,5,1,0.6667,0.79,0
7,10,5,1,0.6667,0.79,0
7,11,5,1,0.697,0.74,0
7,12,5,1,0.6364,0.83,0
7,13,5,1,0.6364,0.83,0
7,14,5,1,0.6667,0.84,0
7,15,5,1,0.6667,0.84,0
7,16,5,1,0.6364,0.83,0
7,17,5,1,0.5909,0.89,0
7,18,5,1,0.6061,0.78,0
7,19,5,1,0.5758,0.83,0
7,20,5,1,0.5758,0.83,0
7,21,5,1,0.5758,0.83,0
7,22,5,1,0.5758,0.83,0
7,23,5,1,0.5758,0.83,0
7,0,6,0,0.5758,0.83,0
7,1,6,0,0.5758,0.83,0
7,2,6,0,0.5455,0.88,0
7,3,6,0,0.5455,0.88,0
7,4,6,0,0.5455,0.88,0
7,5,6,0,0.5455,0.88,0
7,6,6,0,0.5455,0.88,0
7,7,6,0,0.5455,0.88,0
7,8,6,0,0.5455,0.83,0
7,9,6,0,0.5455,0.83,0
7,10,6,0,0.5455,0.88,1
7,11,6,0,0.5606,0.83,1
7,12,6,0,0.5606,0.83,1
7,13,6,0,0.5606,0.83,1
7,14,6,0,0.5455,0.88,1
7,15,6,0,0.5455,0.88,1
7,16,6,0,0.5455,0.88,1
7,17,6,0,0.5455,0.88,0
7,18,6,0,0.5455,0.88,0
7,19,6,0,0.5455,0.88,0
7,20,6,0,0.5455,0.88,0
7,21,6,0,0.5455,0.88,0
7,22,6,0,0.5455,0.88,0
7,23,6,0,0.5455,0.88,0
7,0,0,0,0.5455,0.88,0
7,1,0,0,0.5455,0.88,0
7,2,0,0,0.5455,0.88,0
7,3,0,0,0.5455,0.88,0
7,4,0,0,0.5455,0.88,0
7,5,0,0,0.5455,0.88,0
7,6,0,0,0.5758,0.83,0
7,7,0,0,0.5758,0.83,0
7,8,0,0,0.5909,0.78,0
7,9,0,0,0.6212,0.69,0
7,10,0,0,0.6212,0.74,1
7,11,0,0,0.6212,0.74,1
7,12,0,0,0.6515,0.7,1
7,13,0,0,0.6515,0.65,1
7,14,0,0,0.6818,0.66,1
7,15,0,0,0.6818,0.66,1
7,16,0,0,0.697,0.66,1
7,17,0,0,0.697,0.66,0
7,18,0,0,0.697,0.66,0
7,19,0,0,0.6818,0.7,0
7,20,0,0,0.6667,0.74,0
7,21,0,0,0.6667,0.79,0
7,22,0,0,0.6667,0.74,0
7,23,0,0,0.6364,0.79,0
7,0,1,1,0.5909,0.89,0
7,1,1,1,0.5909,0.89,0
7,2,1,1,0.5909,0.94,0
7,3,1,1,0.5909,0.94,0
7,4,1,1,0.5909,0.94,0
7,5,1,1,0.5909,0.94,0
7,6,1,1,0.6364,0.89,0
7,7,1,1,0.6667,0.84,0
7,8,1,1,0.697,0.79,0
7,9,1,1,0.7121,0.74,0
7,10,1,1,0.7424,0.62,0
7,11,1,1,0.7424,0.52,0
7,12,1,1,0.7424,0.52,0
7,13,1,1,0.7424,0.52,0
7,14,1,1,0.7424,0.59,0
7,15,1,1,0.7576,0.55,0
7,16,1,1,0.7727,0.52,0
7,17,1,1,0.7727,0.52,0
7,18,1,1,0.7576,0.46,0
7,19,1,1,0.7424,0.52,0
7,20,1,1,0.7121,0.62,0
7,21,1,1,0.7121,0.62,0
7,22,1,1,0.6818,0.62,0
7,23,1,1,0.6818,0.66,0
7,0,2,1,0.6667,0.74,0
7,1,2,1,0.6364,0.79,0
7,2,2,1,0.6061,0.83,0
7,3,2,1,0.6061,0.83,0
7,4,2,1,0.6061,0.83,0
7,5,2,1,0.6061,0.83,0
7,6,2,1,0.6061,0.83,0
7,7,2,1,0.6667,0.74,0
7,8,2,1,0.697,0.7,0
7,9,2,1,0.803,0.53,0
7,10,2,1,0.7879,0.56,0
7,11,2,1,0.803,0.53,0
7,12,2,1,0.7879,0.56,0
7,13,2,1,0.803,0.53,0
7,14,2,1,0.803,0.53,0
7,15,2,1,0.7727,0.49,0
7,16,2,1,0.7576,0.55,0
7,17,2,1,0.7424,0.52,0
7,18,2,1,0.7121,0.62,0
7,19,2,1,0.7121,0.62,0
7,20,2,1,0.697,0.66,0
7,21,2,1,0.697,0.66,0
7,22,2,1,0.697,0.66,0
7,23,2,1,0.6818,0.58,0
7,0,3,1,0.6667,0.58,0
7,1,3,1,0.6515,0.58,0
7,2,3,1,0.6364,0.61,0
7,3,3,1,0.6212,0.65,0
7,4,3,1,0.6061,0.65,0
7,5,3,1,0.6061,0.65,0
7,6,3,1,0.6061,0.65,0
7,7,3,1,0.6212,0.5,0
7,8,3,1,0.6364,0.42,0
7,9,3,1,0.6515,0.37,0
7,10,3,1,0.6515,0.37,0
7,11,3,1,0.6667,0.33,0
7,12,3,1,0.6667,0.33,0
7,13,3,1,0.6818,0.31,0
7,14,3,1,0.697,0.29,0
7,15,3,1,0.6818,0.31,0
7,16,3,1,0.697,0.29,0
7,17,3,1,0.697,0.31,0
7,18,3,1,0.697,0.27,0
7,19,3,1,0.6667,0.33,0
7,20,3,1,0.6515,0.4,0
7,21,3,1,0.6515,0.45,0
7,22,3,1,0.6515,0.58,0
7,23,3,1,0.6364,0.57,0
7,0,4,1,0.6212,0.65,0
7,1,4,1,0.6212,0.65,0
7,2,4,1,0.6212,0.69,0
7,3,4,1,0.6212,0.69,0
7,4,4,1,0.6212,0.74,0
7,5,4,1,0.6212,0.74,0
7,6,4,1,0.6061,0.78,0
7,7,4,1,0.6667,0.74,0
7,8,4,1,0.6667,0.74,0
7,9,4,1,0.6818,0.7,0
7,10,4,1,0.697,0.7,0
7,11,4,1,0.803,0.66,0
7,12,4,1,0.8182,0.56,0
7,13,4,1,0.8333,0.53,0
7,14,4,1,0.8788,0.47,0
7,15,4,1,0.8939,0.42,0
7,16,4,1,0.8788,0.38,0
7,17,4,1,0.8636,0.45,0
7,18,4,1,0.8788,0.4,0
7,19,4,1,0.8636,0.45,0
7,20,4,1,0.8182,0.5,0
7,21,4,1,0.7424,0.49,0
7,22,4,1,0.7424,0.49,0
7,23,4,1,0.6818,0.7,0
7,0,5,1,0.6818,0.7,0
7,1,5,1,0.6818,0.7,0
7,2,5,1,0.6667,0.79,0
7,3,5,1,0.6667,0.74,0
7,4,5,1,0.6667,0.79,0
7,5,5,1,0.6667,0.84,0
7,6,5,1,0.6667,0.79,0
7,7,5,1,0.6818,0.7,0
7,8,5,1,0.7273,0.66,0
7,9,5,1,0.7727,0.49,0
7,10,5,1,0.7727,0.47,0
7,11,5,1,0.7727,0.47,0
7,12,5,1,0.7879,0.49,0
7,13,5,1,0.7727,0.47,0
7,14,5,1,0.803,0.47,0
7,15,5,1,0.7879,0.41,0
7,16,5,1,0.7727,0.47,0
7,17,5,1,0.7879,0.41,0
7,18,5,1,0.7576,0.46,0
7,19,5,1,0.7727,0.52,0
7,20,5,1,0.7424,0.59,0
7,21,5,1,0.7424,0.59,0
7,22,5,1,0.7424,0.59,0
7,23,5,1,0.7273,0.66,0
7,0,6,0,0.6818,0.62,0
7,1,6,0,0.6818,0.7,0
7,2,6,0,0.6818,0.7,0
7,3,6,0,0.6818,0.7,0
7,4,6,0,0.6667,0.79,0
7,5,6,0,0.6364,0.79,0
7,6,6,0,0.6515,0.7,0
7,7,6,0,0.6818,0.7,0
7,8,6,0,0.697,0.66,0
7,9,6,0,0.7424,0.59,0
7,10,6,0,0.7727,0.52,1
7,11,6,0,0.7424,0.39,1
7,12,6,0,0.7576,0.41,1
7,13,6,0,0.7879,0.41,1
7,14,6,0,0.7727,0.39,1
7,15,6,0,0.7727,0.32,1
7,16,6,0,0.7727,0.39,1
7,17,6,0,0.7576,0.46,0
7,18,6,0,0.7424,0.43,0
7,19,6,0,0.6364,0.83,0
7,20,6,0,0.6061,0.83,0
7,21,6,0,0.6061,0.78,0
7,22,6,0,0.6061,0.78,0
7,23,6,0,0.6061,0.83,0
7,0,0,0,0.5909,0.89,0
7,1,0,0,0.6061,0.83,0
7,2,0,0,0.6212,0.74,0
7,3,0,0,0.6212,0.69,0
7,4,0,0,0.6061,0.69,0
7,5,0,0,0.5909,0.78,0
7,6,0,0,0.6061,0.73,0
7,7,0,0,0.6212,0.69,0
7,8,0,0,0.6515,0.65,0
7,9,0,0,0.6818,0.62,0
7,10,0,0,0.6818,0.62,1
7,11,0,0,0.697,0.55,1
7,12,0,0,0.697,0.55,1
7,13,0,0,0.7424,0.49,1
7,14,0,0,0.7273,0.46,1
7,15,0,0,0.7273,0.43,1
7,16,0,0,0.7273,0.43,1
7,17,0,0,0.7424,0.41,0
7,18,0,0,0.7121,0.41,0
7,19,0,0,0.697,0.55,0
7,20,0,0,0.697,0.66,0
7,21,0,0,0.6818,0.7,0
7,22,0,0,0.6515,0.7,0
7,23,0,0,0.6515,0.7,0
7,0,1,1,0.6667,0.74,0
7,1,1,1,0.6667,0.74,0
7,2,1,1,0.6364,0.74,0
7,3,1,1,0.6061,0.83,0
7,4,1,1,0.6061,0.83,0
7,5,1,1,0.6061,0.83,0
7,6,1,1,0.6061,0.83,0
7,7,1,1,0.6667,0.79,0
7,8,1,1,0.697,0.74,0
7,9,1,1,0.697,0.7,0
7,10,1,1,0.697,0.66,0
7,11,1,1,0.7273,0.55,0
7,12,1,1,0.7121,0.58,0
7,13,1,1,0.7424,0.49,0
7,14,1,1,0.7424,0.49,0
7,15,1,1,0.7424,0.49,0
7,16,1,1,0.7424,0.49,0
7,17,1,1,0.697,0.55,0
7,18,1,1,0.7121,0.58,0
7,19,1,1,0.7727,0.52,0
7,20,1,1,0.6818,0.7,0
7,21,1,1,0.6818,0.7,0
7,22,1,1,0.6667,0.74,0
7,23,1,1,0.6667,0.74,0
7,0,2,1,0.6364,0.79,0
7,1,2,1,0.6061,0.83,0
7,2,2,1,0.6061,0.83,0
7,3,2,1,0.6061,0.83,0
7,4,2,1,0.6061,0.83,0
7,5,2,1,0.6061,0.83,0
7,6,2,1,0.5758,0.89,0
7,7,2,1,0.6364,0.83,0
7,8,2,1,0.6667,0.79,0
7,9,2,1,0.6818,0.7,0
7,10,2,1,0.6818,0.66,0
7,11,2,1,0.7121,0.58,0
7,12,2,1,0.7273,0.46,0
7,13,2,1,0.7576,0.55,0
7,14,2,1,0.7576,0.55,0
7,15,2,1,0.7121,0.62,0
7,16,2,1,0.7121,0.58,0
7,17,2,1,0.7121,0.52,0
7,18,2,1,0.697,0.55,0
7,19,2,1,0.6818,0.62,0
7,20,2,1,0.6515,0.7,0
7,21,2,1,0.6364,0.79,0
7,22,2,1,0.6364,0.74,0
7,23,2,1,0.6061,0.83,0
8,0,3,1,0.6364,0.79,0
8,1,3,1,0.6061,0.83,0
8,2,3,1,0.5758,0.83,0
8,3,3,1,0.5758,0.83,0
8,4,3,1,0.5909,0.78,0
8,5,3,1,0.5909,0.78,0
8,6,3,1,0.5909,0.78,0
8,7,3,1,0.5758,0.83,0
8,8,3,1,0.6061,0.78,0
8,9,3,1,0.6364,0.74,0
8,10,3,1,0.6818,0.66,0
8,11,3,1,0.7121,0.58,0
8,12,3,1,0.7424,0.49,0
8,13,3,1,0.7424,0.52,0
8,14,3,1,0.7576,0.46,0
8,15,3,1,0.7576,0.46,0
8,16,3,1,0.7576,0.55,0
8,17,3,1,0.7424,0.49,0
8,18,3,1,0.7121,0.62,0
8,19,3,1,0.697,0.66,0
8,20,3,1,0.697,0.66,0
8,21,3,1,0.6818,0.7,0
8,22,3,1,0.6818,0.7,0
8,23,3,1,0.6667,0.74,0
8,0,4,1,0.6667,0.74,0
8,1,4,1,0.6364,0.79,0
8,2,4,1,0.6061,0.83,0
8,3,4,1,0.6061,0.83,0
8,4,4,1,0.6061,0.83,0
8,5,4,1,0.5909,0.89,0
8,6,4,1,0.6061,0.83,0
8,7,4,1,0.6667,0.79,0
8,8,4,1,0.697,0.74,0
8,9,4,1,0.7273,0.66,0
8,10,4,1,0.7576,0.55,0
8,11,4,1,0.7727,0.52,0
8,12,4,1,0.7576,0.44,0
8,13,4,1,0.7879,0.44,0
8,14,4,1,0.7879,0.41,0
8,15,4,1,0.7424,0.62,0
8,16,4,1,0.7576,0.46,0
8,17,4,1,0.7727,0.52,0
8,18,4,1,0.7727,0.59,0
8,19,4,1,0.7879,0.63,0
8,20,4,1,0.7576,0.66,0
8,21,4,1,0.7273,0.66,0
8,22,4,1,0.697,0.7,0
8,23,4,1,0.6818,0.7,0
8,0,5,1,0.6818,0.7,0
8,1,5,1,0.6667,0.74,0
8,2,5,1,0.6364,0.79,0
8,3,5,1,0.6364,0.79,0
8,4,5,1,0.6061,0.83,0
8,5,5,1,0.6061,0.83,0
8,6,5,1,0.6061,0.83,0
8,7,5,1,0.6667,0.74,0
8,8,5,1,0.6818,0.7,0
8,9,5,1,0.697,0.66,0
8,10,5,1,0.7424,0.52,0
8,11,5,1,0.7879,0.49,0
8,12,5,1,0.8182,0.5,0
8,13,5,1,0.803,0.47,0
8,14,5,1,0.7879,0.44,0
8,15,5,1,0.8182,0.42,0
8,16,5,1,0.7879,0.41,0
8,17,5,1,0.803,0.53,0
8,18,5,1,0.803,0.59,0
8,19,5,1,0.7879,0.63,0
8,20,5,1,0.7576,0.66,0
8,21,5,1,0.7273,0.66,0
8,22,5,1,0.7273,0.7,0
8,23,5,1,0.7121,0.79,0
8,0,6,0,0.7121,0.79,0
8,1,6,0,0.7121,0.84,0
8,2,6,0,0.7121,0.84,0
8,3,6,0,0.7121,0.84,0
8,4,6,0,0.697,0.79,0
8,5,6,0,0.6667,0.84,0
8,6,6,0,0.6667,0.84,0
8,7,6,0,0.697,0.77,0
8,8,6,0,0.7273,0.72,0
8,9,6,0,0.7576,0.65,0
8,10,6,0,0.7727,0.57,1
8,11,6,0,0.803,0.47,1
8,12,6,0,0.7879,0.4,1
8,13,6,0,0.8182,0.42,1
8,14,6,0,0.803,0.4,1
8,15,6,0,0.8182,0.42,1
8,16,6,0,0.8182,0.39,1
8,17,6,0,0.7879,0.37,0
8,18,6,0,0.7879,0.41,0
8,19,6,0,0.7727,0.52,0
8,20,6,0,0.7727,0.52,0
8,21,6,0,0.7727,0.59,0
8,22,6,0,0.7273,0.66,0
8,23,6,0,0.7273,0.66,0
8,0,0,0,0.697,0.7,0
8,1,0,0,0.697,0.7,0
8,2,0,0,0.697,0.7,0
8,3,0,0,0.697,0.74,0
8,4,0,0,0.697,0.74,0
8,5,0,0,0.697,0.74,0
8,6,0,0,0.697,0.79,0
8,7,0,0,0.7121,0.74,0
8,8,0,0,0.7273,0.66,0
8,9,0,0,0.7727,0.59,0
8,10,0,0,0.7727,0.59,1
8,11,0,0,0.7879,0.56,1
8,12,0,0,0.803,0.47,1
8,13,0,0,0.8182,0.44,1
8,14,0,0,0.8485,0.42,1
8,15,0,0,0.8182,0.37,1
8,16,0,0,0.7576,0.46,1
8,17,0,0,0.7576,0.46,0
8,18,0,0,0.6667,0.74,0
8,19,0,0,0.6667,0.84,0
8,20,0,0,0.6667,0.84,0
8,21,0,0,0.697,0.79,0
8,22,0,0,0.697,0.79,0
8,23,0,0,0.697,0.79,0
8,0,1,1,0.697,0.79,0
8,1,1,1,0.697,0.79,0
8,2,1,1,0.697,0.79,0
8,3,1,1,0.697,0.79,0
8,4,1,1,0.697,0.74,0
8,5,1,1,0.6667,0.79,0
8,6,1,1,0.6667,0.79,0
8,7,1,1,0.6818,0.7,0
8,8,1,1,0.6667,0.79,0
8,9,1,1,0.6667,0.79,0
8,10,1,1,0.697,0.7,0
8,11,1,1,0.7273,0.66,0
8,12,1,1,0.7273,0.55,0
8,13,1,1,0.7424,0.49,0
8,14,1,1,0.7576,0.46,0
8,15,1,1,0.7576,0.46,0
8,16,1,1,0.7576,0.41,0
8,17,1,1,0.7424,0.41,0
8,18,1,1,0.7424,0.41,0
8,19,1,1,0.7424,0.59,0
8,20,1,1,0.7273,0.66,0
8,21,1,1,0.697,0.7,0
8,22,1,1,0.697,0.7,0
8,23,1,1,0.697,0.74,0
8,0,2,1,0.6667,0.84,0
8,1,2,1,0.6667,0.84,0
8,2,2,1,0.6667,0.84,0
8,3,2,1,0.6667,0.84,0
8,4,2,1,0.6364,0.83,0
8,5,2,1,0.6667,0.79,0
8,6,2,1,0.6667,0.79,0
8,7,2,1,0.6667,0.74,0
8,8,2,1,0.6515,0.7,0
8,9,2,1,0.6667,0.74,0
8,10,2,1,0.697,0.7,0
8,11,2,1,0.7273,0.66,0
